nohup: ignoring input
2026-09-04T18:12:41.054+00:00 seq=15146 state=ACTIVE energy=    1375 frames=  37432064 flags=0x04 lost=0
2026-09-04T18:12:41.054+00:00 seq=15147 state=ACTIVE energy=    1543 frames=  37432320 flags=0x04 lost=0
2026-09-04T18:12:41.054+00:00 seq=15148 state=ACTIVE energy=    1716 frames=  37432576 flags=0x04 lost=0
2026-09-04T18:12:41.054+00:00 seq=15149 state=ACTIVE energy=    2112 frames=  37432832 flags=0x04 lost=0
2026-09-04T18:12:41.054+00:00 seq=15150 state=ACTIVE energy=    1388 frames=  37433088 flags=0x04 lost=0
2026-09-04T18:12:41.055+00:00 seq=15151 state=ACTIVE energy=    2349 frames=  37433344 flags=0x04 lost=0
2026-09-04T18:12:41.055+00:00 seq=15152 state=ACTIVE energy=    1624 frames=  37433600 flags=0x04 lost=0
2026-09-04T18:12:41.055+00:00 seq=15153 state=ACTIVE energy=    1224 frames=  37433856 flags=0x04 lost=0
2026-09-04T18:12:41.055+00:00 seq=15154 state=ACTIVE energy=    1618 frames=  37434112 flags=0x04 lost=0
2026-09-04T18:12:41.055+00:00 seq=15155 state=ACTIVE energy=     841 frames=  37434368 flags=0x04 lost=0
2026-09-04T18:12:41.055+00:00 seq=15156 state=ACTIVE energy=    1013 frames=  37434624 flags=0x04 lost=0
2026-09-04T18:12:41.055+00:00 seq=15157 state=ACTIVE energy=    1421 frames=  37434880 flags=0x04 lost=0
2026-09-04T18:12:41.055+00:00 seq=15158 state=ACTIVE energy=     882 frames=  37435136 flags=0x04 lost=0
2026-09-04T18:12:41.055+00:00 seq=15159 state=ACTIVE energy=    1921 frames=  37435392 flags=0x04 lost=0
2026-09-04T18:12:41.055+00:00 seq=15160 state=ACTIVE energy=    2127 frames=  37435648 flags=0x04 lost=0
2026-09-04T18:12:41.055+00:00 seq=15161 state=ACTIVE energy=    1279 frames=  37435904 flags=0x04 lost=0
2026-09-04T18:12:41.151+00:00 seq=15162 state=ACTIVE energy=     920 frames=  37436160 flags=0x04 lost=0
2026-09-04T18:12:41.151+00:00 seq=15163 state=ACTIVE energy=    2070 frames=  37436416 flags=0x04 lost=0
2026-09-04T18:12:41.151+00:00 seq=15164 state=ACTIVE energy=    4280 frames=  37436672 flags=0x04 lost=0
2026-09-04T18:12:41.151+00:00 seq=15165 state=ACTIVE energy=    2270 frames=  37436928 flags=0x04 lost=0
2026-09-04T18:12:41.151+00:00 seq=15166 state=ACTIVE energy=    1487 frames=  37437184 flags=0x04 lost=0
2026-09-04T18:12:41.151+00:00 seq=15167 state=ACTIVE energy=    1682 frames=  37437440 flags=0x04 lost=0
2026-09-04T18:12:41.151+00:00 seq=15168 state=ACTIVE energy=    1574 frames=  37437696 flags=0x04 lost=0
2026-09-04T18:12:41.152+00:00 seq=15169 state=ACTIVE energy=    3161 frames=  37437952 flags=0x04 lost=0
2026-09-04T18:12:41.152+00:00 seq=15170 state=ACTIVE energy=    5453 frames=  37438208 flags=0x04 lost=0
2026-09-04T18:12:41.152+00:00 seq=15171 state=ACTIVE energy=    5371 frames=  37438464 flags=0x04 lost=0
2026-09-04T18:12:41.152+00:00 seq=15172 state=ACTIVE energy=    7007 frames=  37438720 flags=0x04 lost=0
2026-09-04T18:12:41.152+00:00 seq=15173 state=ACTIVE energy=    5432 frames=  37438976 flags=0x04 lost=0
2026-09-04T18:12:41.152+00:00 seq=15174 state=ACTIVE energy=    5240 frames=  37439232 flags=0x04 lost=0
2026-09-04T18:12:41.152+00:00 seq=15175 state=ACTIVE energy=    6523 frames=  37439488 flags=0x04 lost=0
2026-09-04T18:12:41.152+00:00 seq=15176 state=ACTIVE energy=    6047 frames=  37439744 flags=0x04 lost=0
2026-09-04T18:12:41.152+00:00 seq=15177 state=ACTIVE energy=    3393 frames=  37440000 flags=0x04 lost=0
2026-09-04T18:12:41.248+00:00 seq=15178 state=ACTIVE energy=    3748 frames=  37440256 flags=0x04 lost=0
2026-09-04T18:12:41.248+00:00 seq=15179 state=ACTIVE energy=    3372 frames=  37440512 flags=0x04 lost=0
2026-09-04T18:12:41.248+00:00 seq=15180 state=ACTIVE energy=    4949 frames=  37440768 flags=0x04 lost=0
2026-09-04T18:12:41.248+00:00 seq=15181 state=ACTIVE energy=    5130 frames=  37441024 flags=0x04 lost=0
2026-09-04T18:12:41.248+00:00 seq=15182 state=ACTIVE energy=    4578 frames=  37441280 flags=0x04 lost=0
2026-09-04T18:12:41.248+00:00 seq=15183 state=ACTIVE energy=    6017 frames=  37441536 flags=0x04 lost=0
2026-09-04T18:12:41.248+00:00 seq=15184 state=ACTIVE energy=    5547 frames=  37441792 flags=0x04 lost=0
2026-09-04T18:12:41.249+00:00 seq=15185 state=ACTIVE energy=    4520 frames=  37442048 flags=0x04 lost=0
2026-09-04T18:12:41.249+00:00 seq=15186 state=ACTIVE energy=    4215 frames=  37442304 flags=0x04 lost=0
2026-09-04T18:12:41.249+00:00 seq=15187 state=ACTIVE energy=    5227 frames=  37442560 flags=0x04 lost=0
2026-09-04T18:12:41.249+00:00 seq=15188 state=ACTIVE energy=    3616 frames=  37442816 flags=0x04 lost=0
2026-09-04T18:12:41.249+00:00 seq=15189 state=ACTIVE energy=    4739 frames=  37443072 flags=0x04 lost=0
2026-09-04T18:12:41.249+00:00 seq=15190 state=ACTIVE energy=    3340 frames=  37443328 flags=0x04 lost=0
2026-09-04T18:12:41.249+00:00 seq=15191 state=ACTIVE energy=    1862 frames=  37443584 flags=0x04 lost=0
2026-09-04T18:12:41.249+00:00 seq=15192 state=ACTIVE energy=    2935 frames=  37443840 flags=0x04 lost=0
2026-09-04T18:12:41.249+00:00 seq=15193 state=ACTIVE energy=    3980 frames=  37444096 flags=0x04 lost=0
2026-09-04T18:12:41.345+00:00 seq=15194 state=ACTIVE energy=    2400 frames=  37444352 flags=0x04 lost=0
2026-09-04T18:12:41.345+00:00 seq=15195 state=ACTIVE energy=    1727 frames=  37444608 flags=0x04 lost=0
2026-09-04T18:12:41.345+00:00 seq=15196 state=ACTIVE energy=    1843 frames=  37444864 flags=0x04 lost=0
2026-09-04T18:12:41.345+00:00 seq=15197 state=ACTIVE energy=     840 frames=  37445120 flags=0x04 lost=0
2026-09-04T18:12:41.345+00:00 seq=15198 state=ACTIVE energy=    1645 frames=  37445376 flags=0x04 lost=0
2026-09-04T18:12:41.345+00:00 seq=15199 state=ACTIVE energy=    2510 frames=  37445632 flags=0x04 lost=0
2026-09-04T18:12:41.346+00:00 seq=15200 state=ACTIVE energy=    3418 frames=  37445888 flags=0x04 lost=0
2026-09-04T18:12:41.346+00:00 seq=15201 state=ACTIVE energy=    4868 frames=  37446144 flags=0x04 lost=0
2026-09-04T18:12:41.346+00:00 seq=15202 state=ACTIVE energy=    3616 frames=  37446400 flags=0x04 lost=0
2026-09-04T18:12:41.346+00:00 seq=15203 state=ACTIVE energy=    3660 frames=  37446656 flags=0x04 lost=0
2026-09-04T18:12:41.346+00:00 seq=15204 state=ACTIVE energy=    3084 frames=  37446912 flags=0x04 lost=0
2026-09-04T18:12:41.346+00:00 seq=15205 state=ACTIVE energy=    3231 frames=  37447168 flags=0x04 lost=0
2026-09-04T18:12:41.346+00:00 seq=15206 state=ACTIVE energy=    2551 frames=  37447424 flags=0x04 lost=0
2026-09-04T18:12:41.346+00:00 seq=15207 state=ACTIVE energy=    1418 frames=  37447680 flags=0x04 lost=0
2026-09-04T18:12:41.346+00:00 seq=15208 state=ACTIVE energy=    5596 frames=  37447936 flags=0x04 lost=0
2026-09-04T18:12:41.346+00:00 seq=15209 state=ACTIVE energy=    7560 frames=  37448192 flags=0x04 lost=0
2026-09-04T18:12:41.442+00:00 seq=15210 state=ACTIVE energy=    7994 frames=  37448448 flags=0x04 lost=0
2026-09-04T18:12:41.442+00:00 seq=15211 state=ACTIVE energy=    9591 frames=  37448704 flags=0x04 lost=0
2026-09-04T18:12:41.443+00:00 seq=15212 state=ACTIVE energy=   10971 frames=  37448960 flags=0x04 lost=0
2026-09-04T18:12:41.443+00:00 seq=15213 state=ACTIVE energy=    8890 frames=  37449216 flags=0x04 lost=0
2026-09-04T18:12:41.443+00:00 seq=15214 state=ACTIVE energy=    7018 frames=  37449472 flags=0x04 lost=0
2026-09-04T18:12:41.443+00:00 seq=15215 state=ACTIVE energy=    6682 frames=  37449728 flags=0x04 lost=0
2026-09-04T18:12:41.443+00:00 seq=15216 state=ACTIVE energy=    5977 frames=  37449984 flags=0x04 lost=0
2026-09-04T18:12:41.443+00:00 seq=15217 state=ACTIVE energy=    6425 frames=  37450240 flags=0x04 lost=0
2026-09-04T18:12:41.443+00:00 seq=15218 state=ACTIVE energy=    5916 frames=  37450496 flags=0x04 lost=0
2026-09-04T18:12:41.443+00:00 seq=15219 state=ACTIVE energy=    6709 frames=  37450752 flags=0x04 lost=0
2026-09-04T18:12:41.443+00:00 seq=15220 state=ACTIVE energy=    7656 frames=  37451008 flags=0x04 lost=0
2026-09-04T18:12:41.443+00:00 seq=15221 state=ACTIVE energy=    5859 frames=  37451264 flags=0x04 lost=0
2026-09-04T18:12:41.443+00:00 seq=15222 state=ACTIVE energy=    8174 frames=  37451520 flags=0x04 lost=0
2026-09-04T18:12:41.443+00:00 seq=15223 state=ACTIVE energy=   13007 frames=  37451776 flags=0x04 lost=0
2026-09-04T18:12:41.443+00:00 seq=15224 state=ACTIVE energy=   17661 frames=  37452032 flags=0x04 lost=0
2026-09-04T18:12:41.443+00:00 seq=15225 state=ACTIVE energy=   20447 frames=  37452288 flags=0x04 lost=0
2026-09-04T18:12:41.539+00:00 seq=15226 state=ACTIVE energy=   19585 frames=  37452544 flags=0x04 lost=0
2026-09-04T18:12:41.539+00:00 seq=15227 state=ACTIVE energy=   18401 frames=  37452800 flags=0x04 lost=0
2026-09-04T18:12:41.540+00:00 seq=15228 state=ACTIVE energy=   13460 frames=  37453056 flags=0x04 lost=0
2026-09-04T18:12:41.540+00:00 seq=15229 state=ACTIVE energy=   12227 frames=  37453312 flags=0x04 lost=0
2026-09-04T18:12:41.540+00:00 seq=15230 state=ACTIVE energy=   11549 frames=  37453568 flags=0x04 lost=0
2026-09-04T18:12:41.540+00:00 seq=15231 state=ACTIVE energy=   10485 frames=  37453824 flags=0x04 lost=0
2026-09-04T18:12:41.540+00:00 seq=15232 state=ACTIVE energy=    9737 frames=  37454080 flags=0x04 lost=0
2026-09-04T18:12:41.540+00:00 seq=15233 state=ACTIVE energy=    6624 frames=  37454336 flags=0x04 lost=0
2026-09-04T18:12:41.540+00:00 seq=15234 state=ACTIVE energy=    6199 frames=  37454592 flags=0x04 lost=0
2026-09-04T18:12:41.540+00:00 seq=15235 state=ACTIVE energy=    3979 frames=  37454848 flags=0x04 lost=0
2026-09-04T18:12:41.540+00:00 seq=15236 state=ACTIVE energy=    3699 frames=  37455104 flags=0x04 lost=0
2026-09-04T18:12:41.540+00:00 seq=15237 state=ACTIVE energy=    2048 frames=  37455360 flags=0x04 lost=0
2026-09-04T18:12:41.540+00:00 seq=15238 state=ACTIVE energy=    1877 frames=  37455616 flags=0x04 lost=0
2026-09-04T18:12:41.540+00:00 seq=15239 state=ACTIVE energy=    3545 frames=  37455872 flags=0x04 lost=0
2026-09-04T18:12:41.540+00:00 seq=15240 state=ACTIVE energy=    4577 frames=  37456128 flags=0x04 lost=0
2026-09-04T18:12:41.540+00:00 seq=15241 state=ACTIVE energy=    6389 frames=  37456384 flags=0x04 lost=0
2026-09-04T18:12:41.636+00:00 seq=15242 state=ACTIVE energy=    6961 frames=  37456640 flags=0x04 lost=0
2026-09-04T18:12:41.637+00:00 seq=15243 state=ACTIVE energy=    6073 frames=  37456896 flags=0x04 lost=0
2026-09-04T18:12:41.637+00:00 seq=15244 state=ACTIVE energy=    6101 frames=  37457152 flags=0x04 lost=0
2026-09-04T18:12:41.637+00:00 seq=15245 state=ACTIVE energy=    6997 frames=  37457408 flags=0x04 lost=0
2026-09-04T18:12:41.637+00:00 seq=15246 state=ACTIVE energy=    4417 frames=  37457664 flags=0x04 lost=0
2026-09-04T18:12:41.637+00:00 seq=15247 state=ACTIVE energy=    3451 frames=  37457920 flags=0x04 lost=0
2026-09-04T18:12:41.637+00:00 seq=15248 state=ACTIVE energy=    2184 frames=  37458176 flags=0x04 lost=0
2026-09-04T18:12:41.637+00:00 seq=15249 state=ACTIVE energy=    1021 frames=  37458432 flags=0x04 lost=0
2026-09-04T18:12:41.637+00:00 seq=15250 state=ACTIVE energy=    2937 frames=  37458688 flags=0x04 lost=0
2026-09-04T18:12:41.637+00:00 seq=15251 state=ACTIVE energy=    3925 frames=  37458944 flags=0x04 lost=0
2026-09-04T18:12:41.637+00:00 seq=15252 state=ACTIVE energy=    3262 frames=  37459200 flags=0x04 lost=0
2026-09-04T18:12:41.637+00:00 seq=15253 state=ACTIVE energy=    3077 frames=  37459456 flags=0x04 lost=0
2026-09-04T18:12:41.637+00:00 seq=15254 state=ACTIVE energy=    4502 frames=  37459712 flags=0x04 lost=0
2026-09-04T18:12:41.637+00:00 seq=15255 state=ACTIVE energy=    9120 frames=  37459968 flags=0x04 lost=0
2026-09-04T18:12:41.637+00:00 seq=15256 state=ACTIVE energy=   10227 frames=  37460224 flags=0x04 lost=0
2026-09-04T18:12:41.637+00:00 seq=15257 state=ACTIVE energy=    9084 frames=  37460480 flags=0x04 lost=0
2026-09-04T18:12:41.734+00:00 seq=15258 state=ACTIVE energy=    8788 frames=  37460736 flags=0x04 lost=0
2026-09-04T18:12:41.734+00:00 seq=15259 state=ACTIVE energy=    6464 frames=  37460992 flags=0x04 lost=0
2026-09-04T18:12:41.734+00:00 seq=15260 state=ACTIVE energy=    6969 frames=  37461248 flags=0x04 lost=0
2026-09-04T18:12:41.734+00:00 seq=15261 state=ACTIVE energy=    3602 frames=  37461504 flags=0x04 lost=0
2026-09-04T18:12:41.734+00:00 seq=15262 state=ACTIVE energy=    3457 frames=  37461760 flags=0x04 lost=0
2026-09-04T18:12:41.734+00:00 seq=15263 state=ACTIVE energy=    4212 frames=  37462016 flags=0x04 lost=0
2026-09-04T18:12:41.734+00:00 seq=15264 state=ACTIVE energy=    3845 frames=  37462272 flags=0x04 lost=0
2026-09-04T18:12:41.734+00:00 seq=15265 state=ACTIVE energy=    3228 frames=  37462528 flags=0x04 lost=0
2026-09-04T18:12:41.734+00:00 seq=15266 state=ACTIVE energy=    1931 frames=  37462784 flags=0x04 lost=0
2026-09-04T18:12:41.734+00:00 seq=15267 state=ACTIVE energy=   12074 frames=  37463040 flags=0x04 lost=0
2026-09-04T18:12:41.734+00:00 seq=15268 state=ACTIVE energy=   18036 frames=  37463296 flags=0x04 lost=0
2026-09-04T18:12:41.734+00:00 seq=15269 state=ACTIVE energy=   22931 frames=  37463552 flags=0x04 lost=0
2026-09-04T18:12:41.734+00:00 seq=15270 state=ACTIVE energy=   24160 frames=  37463808 flags=0x04 lost=0
2026-09-04T18:12:41.734+00:00 seq=15271 state=ACTIVE energy=   22091 frames=  37464064 flags=0x04 lost=0
2026-09-04T18:12:41.734+00:00 seq=15272 state=ACTIVE energy=   21154 frames=  37464320 flags=0x04 lost=0
2026-09-04T18:12:41.734+00:00 seq=15273 state=ACTIVE energy=   18979 frames=  37464576 flags=0x04 lost=0
2026-09-04T18:12:41.831+00:00 seq=15274 state=ACTIVE energy=   16461 frames=  37464832 flags=0x04 lost=0
2026-09-04T18:12:41.831+00:00 seq=15275 state=ACTIVE energy=   14279 frames=  37465088 flags=0x04 lost=0
2026-09-04T18:12:41.831+00:00 seq=15276 state=ACTIVE energy=   13004 frames=  37465344 flags=0x04 lost=0
2026-09-04T18:12:41.831+00:00 seq=15277 state=ACTIVE energy=   11438 frames=  37465600 flags=0x04 lost=0
2026-09-04T18:12:41.831+00:00 seq=15278 state=ACTIVE energy=   10769 frames=  37465856 flags=0x04 lost=0
2026-09-04T18:12:41.831+00:00 seq=15279 state=ACTIVE energy=   10109 frames=  37466112 flags=0x04 lost=0
2026-09-04T18:12:41.831+00:00 seq=15280 state=ACTIVE energy=    6805 frames=  37466368 flags=0x04 lost=0
2026-09-04T18:12:41.831+00:00 seq=15281 state=ACTIVE energy=    4832 frames=  37466624 flags=0x04 lost=0
2026-09-04T18:12:41.831+00:00 seq=15282 state=ACTIVE energy=    6221 frames=  37466880 flags=0x04 lost=0
2026-09-04T18:12:41.831+00:00 seq=15283 state=ACTIVE energy=    6995 frames=  37467136 flags=0x04 lost=0
2026-09-04T18:12:41.831+00:00 seq=15284 state=ACTIVE energy=    5430 frames=  37467392 flags=0x04 lost=0
2026-09-04T18:12:41.831+00:00 seq=15285 state=ACTIVE energy=    6587 frames=  37467648 flags=0x04 lost=0
2026-09-04T18:12:41.831+00:00 seq=15286 state=ACTIVE energy=    6845 frames=  37467904 flags=0x04 lost=0
2026-09-04T18:12:41.831+00:00 seq=15287 state=ACTIVE energy=    5643 frames=  37468160 flags=0x04 lost=0
2026-09-04T18:12:41.831+00:00 seq=15288 state=ACTIVE energy=    5209 frames=  37468416 flags=0x04 lost=0
2026-09-04T18:12:41.831+00:00 seq=15289 state=ACTIVE energy=    2584 frames=  37468672 flags=0x04 lost=0
2026-09-04T18:12:41.928+00:00 seq=15290 state=ACTIVE energy=    4310 frames=  37468928 flags=0x04 lost=0
2026-09-04T18:12:41.928+00:00 seq=15291 state=ACTIVE energy=    5621 frames=  37469184 flags=0x04 lost=0
2026-09-04T18:12:41.928+00:00 seq=15292 state=ACTIVE energy=    4978 frames=  37469440 flags=0x04 lost=0
2026-09-04T18:12:41.928+00:00 seq=15293 state=ACTIVE energy=    3242 frames=  37469696 flags=0x04 lost=0
2026-09-04T18:12:41.928+00:00 seq=15294 state=ACTIVE energy=    3517 frames=  37469952 flags=0x04 lost=0
2026-09-04T18:12:41.928+00:00 seq=15295 state=ACTIVE energy=    3853 frames=  37470208 flags=0x04 lost=0
2026-09-04T18:12:41.928+00:00 seq=15296 state=ACTIVE energy=    3109 frames=  37470464 flags=0x04 lost=0
2026-09-04T18:12:41.928+00:00 seq=15297 state=ACTIVE energy=    3443 frames=  37470720 flags=0x04 lost=0
2026-09-04T18:12:41.928+00:00 seq=15298 state=ACTIVE energy=    3519 frames=  37470976 flags=0x04 lost=0
2026-09-04T18:12:41.928+00:00 seq=15299 state=ACTIVE energy=    3661 frames=  37471232 flags=0x04 lost=0
2026-09-04T18:12:41.928+00:00 seq=15300 state=ACTIVE energy=    2558 frames=  37471488 flags=0x04 lost=0
2026-09-04T18:12:41.928+00:00 seq=15301 state=ACTIVE energy=    2892 frames=  37471744 flags=0x04 lost=0
2026-09-04T18:12:41.928+00:00 seq=15302 state=ACTIVE energy=    2022 frames=  37472000 flags=0x04 lost=0
2026-09-04T18:12:41.928+00:00 seq=15303 state=ACTIVE energy=    2158 frames=  37472256 flags=0x04 lost=0
2026-09-04T18:12:41.929+00:00 seq=15304 state=ACTIVE energy=    2337 frames=  37472512 flags=0x04 lost=0
2026-09-04T18:12:41.929+00:00 seq=15305 state=ACTIVE energy=    1359 frames=  37472768 flags=0x04 lost=0
2026-09-04T18:12:42.025+00:00 seq=15306 state=ACTIVE energy=    1275 frames=  37473024 flags=0x04 lost=0
2026-09-04T18:12:42.025+00:00 seq=15307 state=ACTIVE energy=    1498 frames=  37473280 flags=0x04 lost=0
2026-09-04T18:12:42.025+00:00 seq=15308 state=ACTIVE energy=     946 frames=  37473536 flags=0x04 lost=0
2026-09-04T18:12:42.025+00:00 seq=15309 state=ACTIVE energy=    1280 frames=  37473792 flags=0x04 lost=0
2026-09-04T18:12:42.025+00:00 seq=15310 state=ACTIVE energy=    1173 frames=  37474048 flags=0x04 lost=0
2026-09-04T18:12:42.025+00:00 seq=15311 state=ACTIVE energy=    2815 frames=  37474304 flags=0x04 lost=0
2026-09-04T18:12:42.025+00:00 seq=15312 state=ACTIVE energy=    3236 frames=  37474560 flags=0x04 lost=0
2026-09-04T18:12:42.025+00:00 seq=15313 state=ACTIVE energy=    3440 frames=  37474816 flags=0x04 lost=0
2026-09-04T18:12:42.025+00:00 seq=15314 state=ACTIVE energy=    4224 frames=  37475072 flags=0x04 lost=0
2026-09-04T18:12:42.025+00:00 seq=15315 state=ACTIVE energy=    3498 frames=  37475328 flags=0x04 lost=0
2026-09-04T18:12:42.025+00:00 seq=15316 state=ACTIVE energy=    5543 frames=  37475584 flags=0x04 lost=0
2026-09-04T18:12:42.025+00:00 seq=15317 state=ACTIVE energy=    3823 frames=  37475840 flags=0x04 lost=0
2026-09-04T18:12:42.026+00:00 seq=15318 state=ACTIVE energy=    3784 frames=  37476096 flags=0x04 lost=0
2026-09-04T18:12:42.026+00:00 seq=15319 state=ACTIVE energy=    2369 frames=  37476352 flags=0x04 lost=0
2026-09-04T18:12:42.026+00:00 seq=15320 state=ACTIVE energy=    3301 frames=  37476608 flags=0x04 lost=0
2026-09-04T18:12:42.026+00:00 seq=15321 state=ACTIVE energy=    5158 frames=  37476864 flags=0x04 lost=0
2026-09-04T18:12:42.122+00:00 seq=15322 state=ACTIVE energy=    3883 frames=  37477120 flags=0x04 lost=0
2026-09-04T18:12:42.122+00:00 seq=15323 state=ACTIVE energy=    5522 frames=  37477376 flags=0x04 lost=0
2026-09-04T18:12:42.122+00:00 seq=15324 state=ACTIVE energy=    6196 frames=  37477632 flags=0x04 lost=0
2026-09-04T18:12:42.122+00:00 seq=15325 state=ACTIVE energy=    5505 frames=  37477888 flags=0x04 lost=0
2026-09-04T18:12:42.122+00:00 seq=15326 state=ACTIVE energy=    4009 frames=  37478144 flags=0x04 lost=0
2026-09-04T18:12:42.122+00:00 seq=15327 state=ACTIVE energy=    5388 frames=  37478400 flags=0x04 lost=0
2026-09-04T18:12:42.122+00:00 seq=15328 state=ACTIVE energy=    5363 frames=  37478656 flags=0x04 lost=0
2026-09-04T18:12:42.122+00:00 seq=15329 state=ACTIVE energy=    6008 frames=  37478912 flags=0x04 lost=0
2026-09-04T18:12:42.122+00:00 seq=15330 state=ACTIVE energy=    3913 frames=  37479168 flags=0x04 lost=0
2026-09-04T18:12:42.122+00:00 seq=15331 state=ACTIVE energy=    4171 frames=  37479424 flags=0x04 lost=0
2026-09-04T18:12:42.123+00:00 seq=15332 state=ACTIVE energy=    5676 frames=  37479680 flags=0x04 lost=0
2026-09-04T18:12:42.123+00:00 seq=15333 state=ACTIVE energy=   11253 frames=  37479936 flags=0x04 lost=0
2026-09-04T18:12:42.123+00:00 seq=15334 state=ACTIVE energy=   17019 frames=  37480192 flags=0x04 lost=0
2026-09-04T18:12:42.123+00:00 seq=15335 state=ACTIVE energy=   14626 frames=  37480448 flags=0x04 lost=0
2026-09-04T18:12:42.123+00:00 seq=15336 state=ACTIVE energy=   13180 frames=  37480704 flags=0x04 lost=0
2026-09-04T18:12:42.123+00:00 seq=15337 state=ACTIVE energy=   11083 frames=  37480960 flags=0x04 lost=0
2026-09-04T18:12:42.219+00:00 seq=15338 state=ACTIVE energy=    8344 frames=  37481216 flags=0x04 lost=0
2026-09-04T18:12:42.219+00:00 seq=15339 state=ACTIVE energy=    7284 frames=  37481472 flags=0x04 lost=0
2026-09-04T18:12:42.219+00:00 seq=15340 state=ACTIVE energy=    7808 frames=  37481728 flags=0x04 lost=0
2026-09-04T18:12:42.219+00:00 seq=15341 state=ACTIVE energy=    5337 frames=  37481984 flags=0x04 lost=0
2026-09-04T18:12:42.219+00:00 seq=15342 state=ACTIVE energy=    5420 frames=  37482240 flags=0x04 lost=0
2026-09-04T18:12:42.219+00:00 seq=15343 state=ACTIVE energy=    3976 frames=  37482496 flags=0x04 lost=0
2026-09-04T18:12:42.219+00:00 seq=15344 state=ACTIVE energy=    3975 frames=  37482752 flags=0x04 lost=0
2026-09-04T18:12:42.219+00:00 seq=15345 state=ACTIVE energy=    4410 frames=  37483008 flags=0x04 lost=0
2026-09-04T18:12:42.219+00:00 seq=15346 state=ACTIVE energy=    3613 frames=  37483264 flags=0x04 lost=0
2026-09-04T18:12:42.220+00:00 seq=15347 state=ACTIVE energy=    2532 frames=  37483520 flags=0x04 lost=0
2026-09-04T18:12:42.220+00:00 seq=15348 state=ACTIVE energy=    1429 frames=  37483776 flags=0x04 lost=0
2026-09-04T18:12:42.220+00:00 seq=15349 state=ACTIVE energy=    4871 frames=  37484032 flags=0x04 lost=0
2026-09-04T18:12:42.220+00:00 seq=15350 state=ACTIVE energy=   13308 frames=  37484288 flags=0x04 lost=0
2026-09-04T18:12:42.220+00:00 seq=15351 state=ACTIVE energy=   17579 frames=  37484544 flags=0x04 lost=0
2026-09-04T18:12:42.220+00:00 seq=15352 state=ACTIVE energy=   18655 frames=  37484800 flags=0x04 lost=0
2026-09-04T18:12:42.220+00:00 seq=15353 state=ACTIVE energy=   19450 frames=  37485056 flags=0x04 lost=0
2026-09-04T18:12:42.316+00:00 seq=15354 state=ACTIVE energy=   18696 frames=  37485312 flags=0x04 lost=0
2026-09-04T18:12:42.316+00:00 seq=15355 state=ACTIVE energy=   16646 frames=  37485568 flags=0x04 lost=0
2026-09-04T18:12:42.316+00:00 seq=15356 state=ACTIVE energy=   15787 frames=  37485824 flags=0x04 lost=0
2026-09-04T18:12:42.316+00:00 seq=15357 state=ACTIVE energy=   13781 frames=  37486080 flags=0x04 lost=0
2026-09-04T18:12:42.316+00:00 seq=15358 state=ACTIVE energy=   10428 frames=  37486336 flags=0x04 lost=0
2026-09-04T18:12:42.316+00:00 seq=15359 state=ACTIVE energy=    9751 frames=  37486592 flags=0x04 lost=0
2026-09-04T18:12:42.316+00:00 seq=15360 state=ACTIVE energy=    9104 frames=  37486848 flags=0x04 lost=0
2026-09-04T18:12:42.317+00:00 seq=15361 state=ACTIVE energy=    8045 frames=  37487104 flags=0x04 lost=0
2026-09-04T18:12:42.317+00:00 seq=15362 state=ACTIVE energy=    7258 frames=  37487360 flags=0x04 lost=0
2026-09-04T18:12:42.317+00:00 seq=15363 state=ACTIVE energy=    6439 frames=  37487616 flags=0x04 lost=0
2026-09-04T18:12:42.317+00:00 seq=15364 state=ACTIVE energy=    4163 frames=  37487872 flags=0x04 lost=0
2026-09-04T18:12:42.317+00:00 seq=15365 state=ACTIVE energy=    1278 frames=  37488128 flags=0x04 lost=0
2026-09-04T18:12:42.317+00:00 seq=15366 state=ACTIVE energy=    3257 frames=  37488384 flags=0x04 lost=0
2026-09-04T18:12:42.317+00:00 seq=15367 state=ACTIVE energy=    5413 frames=  37488640 flags=0x04 lost=0
2026-09-04T18:12:42.317+00:00 seq=15368 state=ACTIVE energy=    4125 frames=  37488896 flags=0x04 lost=0
2026-09-04T18:12:42.317+00:00 seq=15369 state=ACTIVE energy=    4113 frames=  37489152 flags=0x04 lost=0
2026-09-04T18:12:42.413+00:00 seq=15370 state=ACTIVE energy=    4190 frames=  37489408 flags=0x04 lost=0
2026-09-04T18:12:42.413+00:00 seq=15371 state=ACTIVE energy=    1475 frames=  37489664 flags=0x04 lost=0
2026-09-04T18:12:42.413+00:00 seq=15372 state=ACTIVE energy=     953 frames=  37489920 flags=0x04 lost=0
2026-09-04T18:12:42.413+00:00 seq=15373 state=ACTIVE energy=    1248 frames=  37490176 flags=0x04 lost=0
2026-09-04T18:12:42.413+00:00 seq=15374 state=ACTIVE energy=    3039 frames=  37490432 flags=0x04 lost=0
2026-09-04T18:12:42.413+00:00 seq=15375 state=ACTIVE energy=    1228 frames=  37490688 flags=0x04 lost=0
2026-09-04T18:12:42.414+00:00 seq=15376 state=ACTIVE energy=    2293 frames=  37490944 flags=0x04 lost=0
2026-09-04T18:12:42.414+00:00 seq=15377 state=ACTIVE energy=    1271 frames=  37491200 flags=0x04 lost=0
2026-09-04T18:12:42.414+00:00 seq=15378 state=ACTIVE energy=    2421 frames=  37491456 flags=0x04 lost=0
2026-09-04T18:12:42.414+00:00 seq=15379 state=ACTIVE energy=    1967 frames=  37491712 flags=0x04 lost=0
2026-09-04T18:12:42.414+00:00 seq=15380 state=ACTIVE energy=    2001 frames=  37491968 flags=0x04 lost=0
2026-09-04T18:12:42.414+00:00 seq=15381 state=ACTIVE energy=    1980 frames=  37492224 flags=0x04 lost=0
2026-09-04T18:12:42.414+00:00 seq=15382 state=ACTIVE energy=    1897 frames=  37492480 flags=0x04 lost=0
2026-09-04T18:12:42.414+00:00 seq=15383 state=ACTIVE energy=    1172 frames=  37492736 flags=0x04 lost=0
2026-09-04T18:12:42.414+00:00 seq=15384 state=ACTIVE energy=    1496 frames=  37492992 flags=0x04 lost=0
2026-09-04T18:12:42.414+00:00 seq=15385 state=ACTIVE energy=     975 frames=  37493248 flags=0x04 lost=0
2026-09-04T18:12:42.510+00:00 seq=15386 state=ACTIVE energy=    1392 frames=  37493504 flags=0x04 lost=0
2026-09-04T18:12:42.510+00:00 seq=15387 state=ACTIVE energy=    4695 frames=  37493760 flags=0x04 lost=0
2026-09-04T18:12:42.510+00:00 seq=15388 state=ACTIVE energy=    5607 frames=  37494016 flags=0x04 lost=0
2026-09-04T18:12:42.510+00:00 seq=15389 state=ACTIVE energy=    4966 frames=  37494272 flags=0x04 lost=0
2026-09-04T18:12:42.511+00:00 seq=15390 state=ACTIVE energy=    4227 frames=  37494528 flags=0x04 lost=0
2026-09-04T18:12:42.511+00:00 seq=15391 state=ACTIVE energy=    4398 frames=  37494784 flags=0x04 lost=0
2026-09-04T18:12:42.511+00:00 seq=15392 state=ACTIVE energy=    4694 frames=  37495040 flags=0x04 lost=0
2026-09-04T18:12:42.511+00:00 seq=15393 state=ACTIVE energy=    3727 frames=  37495296 flags=0x04 lost=0
2026-09-04T18:12:42.511+00:00 seq=15394 state=ACTIVE energy=    3119 frames=  37495552 flags=0x04 lost=0
2026-09-04T18:12:42.511+00:00 seq=15395 state=ACTIVE energy=    5394 frames=  37495808 flags=0x04 lost=0
2026-09-04T18:12:42.511+00:00 seq=15396 state=ACTIVE energy=    3395 frames=  37496064 flags=0x04 lost=0
2026-09-04T18:12:42.511+00:00 seq=15397 state=ACTIVE energy=    1682 frames=  37496320 flags=0x04 lost=0
2026-09-04T18:12:42.511+00:00 seq=15398 state=ACTIVE energy=    1186 frames=  37496576 flags=0x04 lost=0
2026-09-04T18:12:42.511+00:00 seq=15399 state=ACTIVE energy=     883 frames=  37496832 flags=0x04 lost=0
2026-09-04T18:12:42.511+00:00 seq=15400 state=ACTIVE energy=    1386 frames=  37497088 flags=0x04 lost=0
2026-09-04T18:12:42.511+00:00 seq=15401 state=ACTIVE energy=    2583 frames=  37497344 flags=0x04 lost=0
2026-09-04T18:12:42.607+00:00 seq=15402 state=ACTIVE energy=    3004 frames=  37497600 flags=0x04 lost=0
2026-09-04T18:12:42.607+00:00 seq=15403 state=ACTIVE energy=    1918 frames=  37497856 flags=0x04 lost=0
2026-09-04T18:12:42.607+00:00 seq=15404 state=ACTIVE energy=    2510 frames=  37498112 flags=0x04 lost=0
2026-09-04T18:12:42.607+00:00 seq=15405 state=ACTIVE energy=    3248 frames=  37498368 flags=0x04 lost=0
2026-09-04T18:12:42.608+00:00 seq=15406 state=ACTIVE energy=    2990 frames=  37498624 flags=0x04 lost=0
2026-09-04T18:12:42.608+00:00 seq=15407 state=ACTIVE energy=    2138 frames=  37498880 flags=0x04 lost=0
2026-09-04T18:12:42.608+00:00 seq=15408 state=ACTIVE energy=    1209 frames=  37499136 flags=0x04 lost=0
2026-09-04T18:12:42.608+00:00 seq=15409 state=ACTIVE energy=    2326 frames=  37499392 flags=0x04 lost=0
2026-09-04T18:12:42.608+00:00 seq=15410 state=ACTIVE energy=    2782 frames=  37499648 flags=0x04 lost=0
2026-09-04T18:12:42.608+00:00 seq=15411 state=ACTIVE energy=    1709 frames=  37499904 flags=0x04 lost=0
2026-09-04T18:12:42.608+00:00 seq=15412 state=ACTIVE energy=    2746 frames=  37500160 flags=0x04 lost=0
2026-09-04T18:12:42.608+00:00 seq=15413 state=ACTIVE energy=    2782 frames=  37500416 flags=0x04 lost=0
2026-09-04T18:12:42.608+00:00 seq=15414 state=ACTIVE energy=    2941 frames=  37500672 flags=0x04 lost=0
2026-09-04T18:12:42.608+00:00 seq=15415 state=ACTIVE energy=    3395 frames=  37500928 flags=0x04 lost=0
2026-09-04T18:12:42.608+00:00 seq=15416 state=ACTIVE energy=    2119 frames=  37501184 flags=0x04 lost=0
2026-09-04T18:12:42.608+00:00 seq=15417 state=ACTIVE energy=    1824 frames=  37501440 flags=0x04 lost=0
2026-09-04T18:12:42.704+00:00 seq=15418 state=ACTIVE energy=    2444 frames=  37501696 flags=0x04 lost=0
2026-09-04T18:12:42.705+00:00 seq=15419 state=ACTIVE energy=     985 frames=  37501952 flags=0x04 lost=0
2026-09-04T18:12:42.705+00:00 seq=15420 state=ACTIVE energy=    1190 frames=  37502208 flags=0x04 lost=0
2026-09-04T18:12:42.705+00:00 seq=15421 state=ACTIVE energy=    3181 frames=  37502464 flags=0x04 lost=0
2026-09-04T18:12:42.705+00:00 seq=15422 state=ACTIVE energy=    6105 frames=  37502720 flags=0x04 lost=0
2026-09-04T18:12:42.705+00:00 seq=15423 state=ACTIVE energy=    6165 frames=  37502976 flags=0x04 lost=0
2026-09-04T18:12:42.705+00:00 seq=15424 state=ACTIVE energy=    6018 frames=  37503232 flags=0x04 lost=0
2026-09-04T18:12:42.705+00:00 seq=15425 state=ACTIVE energy=    4785 frames=  37503488 flags=0x04 lost=0
2026-09-04T18:12:42.705+00:00 seq=15426 state=ACTIVE energy=    3495 frames=  37503744 flags=0x04 lost=0
2026-09-04T18:12:42.705+00:00 seq=15427 state=ACTIVE energy=    2762 frames=  37504000 flags=0x04 lost=0
2026-09-04T18:12:42.705+00:00 seq=15428 state=ACTIVE energy=    1809 frames=  37504256 flags=0x04 lost=0
2026-09-04T18:12:42.705+00:00 seq=15429 state=ACTIVE energy=    1816 frames=  37504512 flags=0x04 lost=0
2026-09-04T18:12:42.705+00:00 seq=15430 state=ACTIVE energy=    1116 frames=  37504768 flags=0x04 lost=0
2026-09-04T18:12:42.705+00:00 seq=15431 state=ACTIVE energy=    2517 frames=  37505024 flags=0x04 lost=0
2026-09-04T18:12:42.705+00:00 seq=15432 state=ACTIVE energy=    3604 frames=  37505280 flags=0x04 lost=0
2026-09-04T18:12:42.705+00:00 seq=15433 state=ACTIVE energy=    1793 frames=  37505536 flags=0x04 lost=0
2026-09-04T18:12:42.801+00:00 seq=15434 state=ACTIVE energy=    3517 frames=  37505792 flags=0x04 lost=0
2026-09-04T18:12:42.802+00:00 seq=15435 state=ACTIVE energy=    4125 frames=  37506048 flags=0x04 lost=0
2026-09-04T18:12:42.802+00:00 seq=15436 state=ACTIVE energy=    2747 frames=  37506304 flags=0x04 lost=0
2026-09-04T18:12:42.802+00:00 seq=15437 state=ACTIVE energy=    3302 frames=  37506560 flags=0x04 lost=0
2026-09-04T18:12:42.802+00:00 seq=15438 state=ACTIVE energy=    4584 frames=  37506816 flags=0x04 lost=0
2026-09-04T18:12:42.802+00:00 seq=15439 state=ACTIVE energy=    1923 frames=  37507072 flags=0x04 lost=0
2026-09-04T18:12:42.802+00:00 seq=15440 state=ACTIVE energy=    2421 frames=  37507328 flags=0x04 lost=0
2026-09-04T18:12:42.802+00:00 seq=15441 state=ACTIVE energy=    5923 frames=  37507584 flags=0x04 lost=0
2026-09-04T18:12:42.802+00:00 seq=15442 state=ACTIVE energy=    5982 frames=  37507840 flags=0x04 lost=0
2026-09-04T18:12:42.802+00:00 seq=15443 state=ACTIVE energy=    3033 frames=  37508096 flags=0x04 lost=0
2026-09-04T18:12:42.802+00:00 seq=15444 state=ACTIVE energy=    2030 frames=  37508352 flags=0x04 lost=0
2026-09-04T18:12:42.802+00:00 seq=15445 state=ACTIVE energy=    3156 frames=  37508608 flags=0x04 lost=0
2026-09-04T18:12:42.802+00:00 seq=15446 state=ACTIVE energy=    1801 frames=  37508864 flags=0x04 lost=0
2026-09-04T18:12:42.802+00:00 seq=15447 state=ACTIVE energy=    2041 frames=  37509120 flags=0x04 lost=0
2026-09-04T18:12:42.802+00:00 seq=15448 state=ACTIVE energy=    1596 frames=  37509376 flags=0x04 lost=0
2026-09-04T18:12:42.802+00:00 seq=15449 state=ACTIVE energy=    2050 frames=  37509632 flags=0x04 lost=0
2026-09-04T18:12:42.899+00:00 seq=15450 state=ACTIVE energy=    4722 frames=  37509888 flags=0x04 lost=0
2026-09-04T18:12:42.899+00:00 seq=15451 state=ACTIVE energy=    4385 frames=  37510144 flags=0x04 lost=0
2026-09-04T18:12:42.899+00:00 seq=15452 state=ACTIVE energy=    4783 frames=  37510400 flags=0x04 lost=0
2026-09-04T18:12:42.899+00:00 seq=15453 state=ACTIVE energy=    4289 frames=  37510656 flags=0x04 lost=0
2026-09-04T18:12:42.899+00:00 seq=15454 state=ACTIVE energy=    5106 frames=  37510912 flags=0x04 lost=0
2026-09-04T18:12:42.899+00:00 seq=15455 state=ACTIVE energy=    4795 frames=  37511168 flags=0x04 lost=0
2026-09-04T18:12:42.899+00:00 seq=15456 state=ACTIVE energy=    4002 frames=  37511424 flags=0x04 lost=0
2026-09-04T18:12:42.899+00:00 seq=15457 state=ACTIVE energy=    1767 frames=  37511680 flags=0x04 lost=0
2026-09-04T18:12:42.899+00:00 seq=15458 state=ACTIVE energy=    3296 frames=  37511936 flags=0x04 lost=0
2026-09-04T18:12:42.899+00:00 seq=15459 state=ACTIVE energy=    2457 frames=  37512192 flags=0x04 lost=0
2026-09-04T18:12:42.899+00:00 seq=15460 state=ACTIVE energy=    1892 frames=  37512448 flags=0x04 lost=0
2026-09-04T18:12:42.899+00:00 seq=15461 state=ACTIVE energy=    1924 frames=  37512704 flags=0x04 lost=0
2026-09-04T18:12:42.899+00:00 seq=15462 state=ACTIVE energy=    3453 frames=  37512960 flags=0x04 lost=0
2026-09-04T18:12:42.899+00:00 seq=15463 state=ACTIVE energy=    3321 frames=  37513216 flags=0x04 lost=0
2026-09-04T18:12:42.899+00:00 seq=15464 state=ACTIVE energy=    4786 frames=  37513472 flags=0x04 lost=0
2026-09-04T18:12:42.899+00:00 seq=15465 state=ACTIVE energy=    9868 frames=  37513728 flags=0x04 lost=0
2026-09-04T18:12:42.996+00:00 seq=15466 state=ACTIVE energy=   12930 frames=  37513984 flags=0x04 lost=0
2026-09-04T18:12:42.996+00:00 seq=15467 state=ACTIVE energy=   13547 frames=  37514240 flags=0x04 lost=0
2026-09-04T18:12:42.996+00:00 seq=15468 state=ACTIVE energy=   13181 frames=  37514496 flags=0x04 lost=0
2026-09-04T18:12:42.996+00:00 seq=15469 state=ACTIVE energy=   14681 frames=  37514752 flags=0x04 lost=0
2026-09-04T18:12:42.996+00:00 seq=15470 state=ACTIVE energy=   14760 frames=  37515008 flags=0x04 lost=0
2026-09-04T18:12:42.996+00:00 seq=15471 state=ACTIVE energy=   11302 frames=  37515264 flags=0x04 lost=0
2026-09-04T18:12:42.996+00:00 seq=15472 state=ACTIVE energy=    8122 frames=  37515520 flags=0x04 lost=0
2026-09-04T18:12:42.996+00:00 seq=15473 state=ACTIVE energy=    6554 frames=  37515776 flags=0x04 lost=0
2026-09-04T18:12:42.996+00:00 seq=15474 state=ACTIVE energy=    6196 frames=  37516032 flags=0x04 lost=0
2026-09-04T18:12:42.996+00:00 seq=15475 state=ACTIVE energy=    6291 frames=  37516288 flags=0x04 lost=0
2026-09-04T18:12:42.996+00:00 seq=15476 state=ACTIVE energy=    6514 frames=  37516544 flags=0x04 lost=0
2026-09-04T18:12:42.996+00:00 seq=15477 state=ACTIVE energy=    5516 frames=  37516800 flags=0x04 lost=0
2026-09-04T18:12:42.996+00:00 seq=15478 state=ACTIVE energy=    7084 frames=  37517056 flags=0x04 lost=0
2026-09-04T18:12:42.996+00:00 seq=15479 state=ACTIVE energy=    6183 frames=  37517312 flags=0x04 lost=0
2026-09-04T18:12:42.996+00:00 seq=15480 state=ACTIVE energy=    4890 frames=  37517568 flags=0x04 lost=0
2026-09-04T18:12:42.996+00:00 seq=15481 state=ACTIVE energy=    2442 frames=  37517824 flags=0x04 lost=0
2026-09-04T18:12:43.093+00:00 seq=15482 state=ACTIVE energy=    3459 frames=  37518080 flags=0x04 lost=0
2026-09-04T18:12:43.093+00:00 seq=15483 state=ACTIVE energy=    3100 frames=  37518336 flags=0x04 lost=0
2026-09-04T18:12:43.093+00:00 seq=15484 state=ACTIVE energy=    2389 frames=  37518592 flags=0x04 lost=0
2026-09-04T18:12:43.093+00:00 seq=15485 state=ACTIVE energy=    3064 frames=  37518848 flags=0x04 lost=0
2026-09-04T18:12:43.093+00:00 seq=15486 state=ACTIVE energy=    3474 frames=  37519104 flags=0x04 lost=0
2026-09-04T18:12:43.093+00:00 seq=15487 state=ACTIVE energy=    2365 frames=  37519360 flags=0x04 lost=0
2026-09-04T18:12:43.093+00:00 seq=15488 state=ACTIVE energy=    2317 frames=  37519616 flags=0x04 lost=0
2026-09-04T18:12:43.093+00:00 seq=15489 state=ACTIVE energy=     893 frames=  37519872 flags=0x04 lost=0
2026-09-04T18:12:43.093+00:00 seq=15490 state=ACTIVE energy=    1148 frames=  37520128 flags=0x04 lost=0
2026-09-04T18:12:43.093+00:00 seq=15491 state=ACTIVE energy=    2994 frames=  37520384 flags=0x04 lost=0
2026-09-04T18:12:43.093+00:00 seq=15492 state=ACTIVE energy=   11255 frames=  37520640 flags=0x04 lost=0
2026-09-04T18:12:43.093+00:00 seq=15493 state=ACTIVE energy=   16111 frames=  37520896 flags=0x04 lost=0
2026-09-04T18:12:43.093+00:00 seq=15494 state=ACTIVE energy=   25320 frames=  37521152 flags=0x04 lost=0
2026-09-04T18:12:43.094+00:00 seq=15495 state=ACTIVE energy=   17089 frames=  37521408 flags=0x04 lost=0
2026-09-04T18:12:43.094+00:00 seq=15496 state=ACTIVE energy=   23774 frames=  37521664 flags=0x04 lost=0
2026-09-04T18:12:43.094+00:00 seq=15497 state=ACTIVE energy=   16164 frames=  37521920 flags=0x04 lost=0
2026-09-04T18:12:43.190+00:00 seq=15498 state=ACTIVE energy=   13050 frames=  37522176 flags=0x04 lost=0
2026-09-04T18:12:43.190+00:00 seq=15499 state=ACTIVE energy=    9541 frames=  37522432 flags=0x04 lost=0
2026-09-04T18:12:43.190+00:00 seq=15500 state=ACTIVE energy=    7676 frames=  37522688 flags=0x04 lost=0
2026-09-04T18:12:43.190+00:00 seq=15501 state=ACTIVE energy=    9323 frames=  37522944 flags=0x04 lost=0
2026-09-04T18:12:43.190+00:00 seq=15502 state=ACTIVE energy=    8475 frames=  37523200 flags=0x04 lost=0
2026-09-04T18:12:43.190+00:00 seq=15503 state=ACTIVE energy=    7956 frames=  37523456 flags=0x04 lost=0
2026-09-04T18:12:43.190+00:00 seq=15504 state=ACTIVE energy=    9197 frames=  37523712 flags=0x04 lost=0
2026-09-04T18:12:43.190+00:00 seq=15505 state=ACTIVE energy=    5122 frames=  37523968 flags=0x04 lost=0
2026-09-04T18:12:43.190+00:00 seq=15506 state=ACTIVE energy=    7696 frames=  37524224 flags=0x04 lost=0
2026-09-04T18:12:43.190+00:00 seq=15507 state=ACTIVE energy=    4236 frames=  37524480 flags=0x04 lost=0
2026-09-04T18:12:43.190+00:00 seq=15508 state=ACTIVE energy=    6955 frames=  37524736 flags=0x04 lost=0
2026-09-04T18:12:43.190+00:00 seq=15509 state=ACTIVE energy=    5088 frames=  37524992 flags=0x04 lost=0
2026-09-04T18:12:43.191+00:00 seq=15510 state=ACTIVE energy=    4493 frames=  37525248 flags=0x04 lost=0
2026-09-04T18:12:43.191+00:00 seq=15511 state=ACTIVE energy=    3132 frames=  37525504 flags=0x04 lost=0
2026-09-04T18:12:43.191+00:00 seq=15512 state=ACTIVE energy=    5570 frames=  37525760 flags=0x04 lost=0
2026-09-04T18:12:43.191+00:00 seq=15513 state=ACTIVE energy=    3673 frames=  37526016 flags=0x04 lost=0
2026-09-04T18:12:43.287+00:00 seq=15514 state=ACTIVE energy=    2714 frames=  37526272 flags=0x04 lost=0
2026-09-04T18:12:43.287+00:00 seq=15515 state=ACTIVE energy=    2337 frames=  37526528 flags=0x04 lost=0
2026-09-04T18:12:43.287+00:00 seq=15516 state=ACTIVE energy=    1316 frames=  37526784 flags=0x04 lost=0
2026-09-04T18:12:43.287+00:00 seq=15517 state=ACTIVE energy=    1596 frames=  37527040 flags=0x04 lost=0
2026-09-04T18:12:43.287+00:00 seq=15518 state=ACTIVE energy=    4056 frames=  37527296 flags=0x04 lost=0
2026-09-04T18:12:43.287+00:00 seq=15519 state=ACTIVE energy=    3570 frames=  37527552 flags=0x04 lost=0
2026-09-04T18:12:43.287+00:00 seq=15520 state=ACTIVE energy=    3781 frames=  37527808 flags=0x04 lost=0
2026-09-04T18:12:43.287+00:00 seq=15521 state=ACTIVE energy=    3523 frames=  37528064 flags=0x04 lost=0
2026-09-04T18:12:43.287+00:00 seq=15522 state=ACTIVE energy=    1719 frames=  37528320 flags=0x04 lost=0
2026-09-04T18:12:43.287+00:00 seq=15523 state=ACTIVE energy=    1955 frames=  37528576 flags=0x04 lost=0
2026-09-04T18:12:43.288+00:00 seq=15524 state=ACTIVE energy=    2507 frames=  37528832 flags=0x04 lost=0
2026-09-04T18:12:43.288+00:00 seq=15525 state=ACTIVE energy=    2262 frames=  37529088 flags=0x04 lost=0
2026-09-04T18:12:43.288+00:00 seq=15526 state=ACTIVE energy=    3154 frames=  37529344 flags=0x04 lost=0
2026-09-04T18:12:43.288+00:00 seq=15527 state=ACTIVE energy=    3240 frames=  37529600 flags=0x04 lost=0
2026-09-04T18:12:43.288+00:00 seq=15528 state=ACTIVE energy=    5270 frames=  37529856 flags=0x04 lost=0
2026-09-04T18:12:43.288+00:00 seq=15529 state=ACTIVE energy=    7631 frames=  37530112 flags=0x04 lost=0
2026-09-04T18:12:43.384+00:00 seq=15530 state=ACTIVE energy=   11096 frames=  37530368 flags=0x04 lost=0
2026-09-04T18:12:43.384+00:00 seq=15531 state=ACTIVE energy=   12803 frames=  37530624 flags=0x04 lost=0
2026-09-04T18:12:43.384+00:00 seq=15532 state=ACTIVE energy=   11664 frames=  37530880 flags=0x04 lost=0
2026-09-04T18:12:43.384+00:00 seq=15533 state=ACTIVE energy=    9228 frames=  37531136 flags=0x04 lost=0
2026-09-04T18:12:43.384+00:00 seq=15534 state=ACTIVE energy=    8754 frames=  37531392 flags=0x04 lost=0
2026-09-04T18:12:43.384+00:00 seq=15535 state=ACTIVE energy=    8431 frames=  37531648 flags=0x04 lost=0
2026-09-04T18:12:43.384+00:00 seq=15536 state=ACTIVE energy=    8009 frames=  37531904 flags=0x04 lost=0
2026-09-04T18:12:43.384+00:00 seq=15537 state=ACTIVE energy=    8728 frames=  37532160 flags=0x04 lost=0
2026-09-04T18:12:43.384+00:00 seq=15538 state=ACTIVE energy=    8724 frames=  37532416 flags=0x04 lost=0
2026-09-04T18:12:43.385+00:00 seq=15539 state=ACTIVE energy=    8891 frames=  37532672 flags=0x04 lost=0
2026-09-04T18:12:43.385+00:00 seq=15540 state=ACTIVE energy=    7258 frames=  37532928 flags=0x04 lost=0
2026-09-04T18:12:43.385+00:00 seq=15541 state=ACTIVE energy=    6284 frames=  37533184 flags=0x04 lost=0
2026-09-04T18:12:43.385+00:00 seq=15542 state=ACTIVE energy=    6615 frames=  37533440 flags=0x04 lost=0
2026-09-04T18:12:43.385+00:00 seq=15543 state=ACTIVE energy=    6135 frames=  37533696 flags=0x04 lost=0
2026-09-04T18:12:43.385+00:00 seq=15544 state=ACTIVE energy=    6362 frames=  37533952 flags=0x04 lost=0
2026-09-04T18:12:43.385+00:00 seq=15545 state=ACTIVE energy=    6783 frames=  37534208 flags=0x04 lost=0
2026-09-04T18:12:43.481+00:00 seq=15546 state=ACTIVE energy=    4587 frames=  37534464 flags=0x04 lost=0
2026-09-04T18:12:43.481+00:00 seq=15547 state=ACTIVE energy=    6167 frames=  37534720 flags=0x04 lost=0
2026-09-04T18:12:43.481+00:00 seq=15548 state=ACTIVE energy=    7859 frames=  37534976 flags=0x04 lost=0
2026-09-04T18:12:43.481+00:00 seq=15549 state=ACTIVE energy=    6798 frames=  37535232 flags=0x04 lost=0
2026-09-04T18:12:43.481+00:00 seq=15550 state=ACTIVE energy=    5484 frames=  37535488 flags=0x04 lost=0
2026-09-04T18:12:43.481+00:00 seq=15551 state=ACTIVE energy=    4235 frames=  37535744 flags=0x04 lost=0
2026-09-04T18:12:43.481+00:00 seq=15552 state=ACTIVE energy=    3215 frames=  37536000 flags=0x04 lost=0
2026-09-04T18:12:43.482+00:00 seq=15553 state=ACTIVE energy=    3573 frames=  37536256 flags=0x04 lost=0
2026-09-04T18:12:43.482+00:00 seq=15554 state=ACTIVE energy=    5289 frames=  37536512 flags=0x04 lost=0
2026-09-04T18:12:43.482+00:00 seq=15555 state=ACTIVE energy=    5882 frames=  37536768 flags=0x04 lost=0
2026-09-04T18:12:43.482+00:00 seq=15556 state=ACTIVE energy=    5849 frames=  37537024 flags=0x04 lost=0
2026-09-04T18:12:43.482+00:00 seq=15557 state=ACTIVE energy=    4667 frames=  37537280 flags=0x04 lost=0
2026-09-04T18:12:43.482+00:00 seq=15558 state=ACTIVE energy=    4023 frames=  37537536 flags=0x04 lost=0
2026-09-04T18:12:43.482+00:00 seq=15559 state=ACTIVE energy=    2502 frames=  37537792 flags=0x04 lost=0
2026-09-04T18:12:43.482+00:00 seq=15560 state=ACTIVE energy=    3388 frames=  37538048 flags=0x04 lost=0
2026-09-04T18:12:43.482+00:00 seq=15561 state=ACTIVE energy=    3234 frames=  37538304 flags=0x04 lost=0
2026-09-04T18:12:43.578+00:00 seq=15562 state=ACTIVE energy=    4102 frames=  37538560 flags=0x04 lost=0
2026-09-04T18:12:43.578+00:00 seq=15563 state=ACTIVE energy=    3909 frames=  37538816 flags=0x04 lost=0
2026-09-04T18:12:43.578+00:00 seq=15564 state=ACTIVE energy=    3299 frames=  37539072 flags=0x04 lost=0
2026-09-04T18:12:43.579+00:00 seq=15565 state=ACTIVE energy=    2811 frames=  37539328 flags=0x04 lost=0
2026-09-04T18:12:43.579+00:00 seq=15566 state=ACTIVE energy=    4290 frames=  37539584 flags=0x04 lost=0
2026-09-04T18:12:43.579+00:00 seq=15567 state=ACTIVE energy=    4258 frames=  37539840 flags=0x04 lost=0
2026-09-04T18:12:43.579+00:00 seq=15568 state=ACTIVE energy=    4809 frames=  37540096 flags=0x04 lost=0
2026-09-04T18:12:43.579+00:00 seq=15569 state=ACTIVE energy=    4410 frames=  37540352 flags=0x04 lost=0
2026-09-04T18:12:43.579+00:00 seq=15570 state=ACTIVE energy=    3918 frames=  37540608 flags=0x04 lost=0
2026-09-04T18:12:43.579+00:00 seq=15571 state=ACTIVE energy=    3143 frames=  37540864 flags=0x04 lost=0
2026-09-04T18:12:43.579+00:00 seq=15572 state=ACTIVE energy=    4021 frames=  37541120 flags=0x04 lost=0
2026-09-04T18:12:43.579+00:00 seq=15573 state=ACTIVE energy=    3417 frames=  37541376 flags=0x04 lost=0
2026-09-04T18:12:43.579+00:00 seq=15574 state=ACTIVE energy=    4115 frames=  37541632 flags=0x04 lost=0
2026-09-04T18:12:43.579+00:00 seq=15575 state=ACTIVE energy=    3770 frames=  37541888 flags=0x04 lost=0
2026-09-04T18:12:43.579+00:00 seq=15576 state=ACTIVE energy=    3692 frames=  37542144 flags=0x04 lost=0
2026-09-04T18:12:43.579+00:00 seq=15577 state=ACTIVE energy=    4904 frames=  37542400 flags=0x04 lost=0
2026-09-04T18:12:43.675+00:00 seq=15578 state=ACTIVE energy=    7165 frames=  37542656 flags=0x04 lost=0
2026-09-04T18:12:43.675+00:00 seq=15579 state=ACTIVE energy=    6656 frames=  37542912 flags=0x04 lost=0
2026-09-04T18:12:43.675+00:00 seq=15580 state=ACTIVE energy=    6560 frames=  37543168 flags=0x04 lost=0
2026-09-04T18:12:43.676+00:00 seq=15581 state=ACTIVE energy=    4671 frames=  37543424 flags=0x04 lost=0
2026-09-04T18:12:43.676+00:00 seq=15582 state=ACTIVE energy=    5076 frames=  37543680 flags=0x04 lost=0
2026-09-04T18:12:43.676+00:00 seq=15583 state=ACTIVE energy=    3604 frames=  37543936 flags=0x04 lost=0
2026-09-04T18:12:43.676+00:00 seq=15584 state=ACTIVE energy=    3235 frames=  37544192 flags=0x04 lost=0
2026-09-04T18:12:43.676+00:00 seq=15585 state=ACTIVE energy=    1332 frames=  37544448 flags=0x04 lost=0
2026-09-04T18:12:43.676+00:00 seq=15586 state=ACTIVE energy=     836 frames=  37544704 flags=0x04 lost=0
2026-09-04T18:12:43.676+00:00 seq=15587 state=ACTIVE energy=    1320 frames=  37544960 flags=0x04 lost=0
2026-09-04T18:12:43.676+00:00 seq=15588 state=ACTIVE energy=    1318 frames=  37545216 flags=0x04 lost=0
2026-09-04T18:12:43.676+00:00 seq=15589 state=ACTIVE energy=    2023 frames=  37545472 flags=0x04 lost=0
2026-09-04T18:12:43.676+00:00 seq=15590 state=ACTIVE energy=     934 frames=  37545728 flags=0x04 lost=0
2026-09-04T18:12:43.676+00:00 seq=15591 state=ACTIVE energy=    1407 frames=  37545984 flags=0x04 lost=0
2026-09-04T18:12:43.676+00:00 seq=15592 state=ACTIVE energy=    1735 frames=  37546240 flags=0x04 lost=0
2026-09-04T18:12:43.676+00:00 seq=15593 state=ACTIVE energy=    2293 frames=  37546496 flags=0x04 lost=0
2026-09-04T18:12:43.772+00:00 seq=15594 state=ACTIVE energy=    4159 frames=  37546752 flags=0x04 lost=0
2026-09-04T18:12:43.772+00:00 seq=15595 state=ACTIVE energy=    1607 frames=  37547008 flags=0x04 lost=0
2026-09-04T18:12:43.773+00:00 seq=15596 state=ACTIVE energy=    2884 frames=  37547264 flags=0x04 lost=0
2026-09-04T18:12:43.773+00:00 seq=15597 state=ACTIVE energy=    4938 frames=  37547520 flags=0x04 lost=0
2026-09-04T18:12:43.773+00:00 seq=15598 state=ACTIVE energy=    3237 frames=  37547776 flags=0x04 lost=0
2026-09-04T18:12:43.773+00:00 seq=15599 state=ACTIVE energy=    3951 frames=  37548032 flags=0x04 lost=0
2026-09-04T18:12:43.773+00:00 seq=15600 state=ACTIVE energy=    2459 frames=  37548288 flags=0x04 lost=0
2026-09-04T18:12:43.773+00:00 seq=15601 state=ACTIVE energy=    1335 frames=  37548544 flags=0x04 lost=0
2026-09-04T18:12:43.773+00:00 seq=15602 state=ACTIVE energy=    2943 frames=  37548800 flags=0x04 lost=0
2026-09-04T18:12:43.773+00:00 seq=15603 state=ACTIVE energy=    5341 frames=  37549056 flags=0x04 lost=0
2026-09-04T18:12:43.773+00:00 seq=15604 state=ACTIVE energy=    7379 frames=  37549312 flags=0x04 lost=0
2026-09-04T18:12:43.773+00:00 seq=15605 state=ACTIVE energy=    8127 frames=  37549568 flags=0x04 lost=0
2026-09-04T18:12:43.773+00:00 seq=15606 state=ACTIVE energy=    8343 frames=  37549824 flags=0x04 lost=0
2026-09-04T18:12:43.773+00:00 seq=15607 state=ACTIVE energy=    6317 frames=  37550080 flags=0x04 lost=0
2026-09-04T18:12:43.773+00:00 seq=15608 state=ACTIVE energy=    4164 frames=  37550336 flags=0x04 lost=0
2026-09-04T18:12:43.773+00:00 seq=15609 state=ACTIVE energy=    5909 frames=  37550592 flags=0x04 lost=0
2026-09-04T18:12:43.869+00:00 seq=15610 state=ACTIVE energy=    4420 frames=  37550848 flags=0x04 lost=0
2026-09-04T18:12:43.870+00:00 seq=15611 state=ACTIVE energy=    1188 frames=  37551104 flags=0x04 lost=0
2026-09-04T18:12:43.870+00:00 seq=15612 state=ACTIVE energy=     976 frames=  37551360 flags=0x04 lost=0
2026-09-04T18:12:43.870+00:00 seq=15613 state=ACTIVE energy=    1288 frames=  37551616 flags=0x04 lost=0
2026-09-04T18:12:43.870+00:00 seq=15614 state=ACTIVE energy=    1921 frames=  37551872 flags=0x04 lost=0
2026-09-04T18:12:43.870+00:00 seq=15615 state=ACTIVE energy=    1737 frames=  37552128 flags=0x04 lost=0
2026-09-04T18:12:43.870+00:00 seq=15616 state=ACTIVE energy=     887 frames=  37552384 flags=0x04 lost=0
2026-09-04T18:12:43.870+00:00 seq=15617 state=ACTIVE energy=    1401 frames=  37552640 flags=0x04 lost=0
2026-09-04T18:12:43.870+00:00 seq=15618 state=ACTIVE energy=    2039 frames=  37552896 flags=0x04 lost=0
2026-09-04T18:12:43.870+00:00 seq=15619 state=ACTIVE energy=    2312 frames=  37553152 flags=0x04 lost=0
2026-09-04T18:12:43.870+00:00 seq=15620 state=ACTIVE energy=    1718 frames=  37553408 flags=0x04 lost=0
2026-09-04T18:12:43.870+00:00 seq=15621 state=ACTIVE energy=     885 frames=  37553664 flags=0x04 lost=0
2026-09-04T18:12:43.870+00:00 seq=15622 state=ACTIVE energy=    1251 frames=  37553920 flags=0x04 lost=0
2026-09-04T18:12:43.870+00:00 seq=15623 state=ACTIVE energy=     931 frames=  37554176 flags=0x04 lost=0
2026-09-04T18:12:43.870+00:00 seq=15624 state=ACTIVE energy=     980 frames=  37554432 flags=0x04 lost=0
2026-09-04T18:12:43.870+00:00 seq=15625 state=ACTIVE energy=    1926 frames=  37554688 flags=0x04 lost=0
2026-09-04T18:12:43.967+00:00 seq=15626 state=ACTIVE energy=    1654 frames=  37554944 flags=0x04 lost=0
2026-09-04T18:12:43.967+00:00 seq=15627 state=ACTIVE energy=    1595 frames=  37555200 flags=0x04 lost=0
2026-09-04T18:12:43.967+00:00 seq=15628 state=ACTIVE energy=    2486 frames=  37555456 flags=0x04 lost=0
2026-09-04T18:12:43.967+00:00 seq=15629 state=ACTIVE energy=    3669 frames=  37555712 flags=0x04 lost=0
2026-09-04T18:12:43.967+00:00 seq=15630 state=ACTIVE energy=    4875 frames=  37555968 flags=0x04 lost=0
2026-09-04T18:12:43.967+00:00 seq=15631 state=ACTIVE energy=    4458 frames=  37556224 flags=0x04 lost=0
2026-09-04T18:12:43.967+00:00 seq=15632 state=ACTIVE energy=    5112 frames=  37556480 flags=0x04 lost=0
2026-09-04T18:12:43.967+00:00 seq=15633 state=ACTIVE energy=    4106 frames=  37556736 flags=0x04 lost=0
2026-09-04T18:12:43.967+00:00 seq=15634 state=ACTIVE energy=    4235 frames=  37556992 flags=0x04 lost=0
2026-09-04T18:12:43.967+00:00 seq=15635 state=ACTIVE energy=    4662 frames=  37557248 flags=0x04 lost=0
2026-09-04T18:12:43.967+00:00 seq=15636 state=ACTIVE energy=    4805 frames=  37557504 flags=0x04 lost=0
2026-09-04T18:12:43.967+00:00 seq=15637 state=ACTIVE energy=    4376 frames=  37557760 flags=0x04 lost=0
2026-09-04T18:12:43.967+00:00 seq=15638 state=ACTIVE energy=    3671 frames=  37558016 flags=0x04 lost=0
2026-09-04T18:12:43.967+00:00 seq=15639 state=ACTIVE energy=    2942 frames=  37558272 flags=0x04 lost=0
2026-09-04T18:12:43.967+00:00 seq=15640 state=ACTIVE energy=    3104 frames=  37558528 flags=0x04 lost=0
2026-09-04T18:12:43.967+00:00 seq=15641 state=ACTIVE energy=    2439 frames=  37558784 flags=0x04 lost=0
2026-09-04T18:12:44.064+00:00 seq=15642 state=ACTIVE energy=    2110 frames=  37559040 flags=0x04 lost=0
2026-09-04T18:12:44.064+00:00 seq=15643 state=ACTIVE energy=    2085 frames=  37559296 flags=0x04 lost=0
2026-09-04T18:12:44.064+00:00 seq=15644 state=ACTIVE energy=    2893 frames=  37559552 flags=0x04 lost=0
2026-09-04T18:12:44.064+00:00 seq=15645 state=ACTIVE energy=    4408 frames=  37559808 flags=0x04 lost=0
2026-09-04T18:12:44.064+00:00 seq=15646 state=ACTIVE energy=    3618 frames=  37560064 flags=0x04 lost=0
2026-09-04T18:12:44.064+00:00 seq=15647 state=ACTIVE energy=    3987 frames=  37560320 flags=0x04 lost=0
2026-09-04T18:12:44.064+00:00 seq=15648 state=ACTIVE energy=    2837 frames=  37560576 flags=0x04 lost=0
2026-09-04T18:12:44.064+00:00 seq=15649 state=ACTIVE energy=    1958 frames=  37560832 flags=0x04 lost=0
2026-09-04T18:12:44.064+00:00 seq=15650 state=ACTIVE energy=    2523 frames=  37561088 flags=0x04 lost=0
2026-09-04T18:12:44.064+00:00 seq=15651 state=ACTIVE energy=    1716 frames=  37561344 flags=0x04 lost=0
2026-09-04T18:12:44.064+00:00 seq=15652 state=ACTIVE energy=     925 frames=  37561600 flags=0x04 lost=0
2026-09-04T18:12:44.064+00:00 seq=15653 state=ACTIVE energy=    1138 frames=  37561856 flags=0x04 lost=0
2026-09-04T18:12:44.064+00:00 seq=15654 state=ACTIVE energy=    2168 frames=  37562112 flags=0x04 lost=0
2026-09-04T18:12:44.064+00:00 seq=15655 state=ACTIVE energy=    2080 frames=  37562368 flags=0x04 lost=0
2026-09-04T18:12:44.064+00:00 seq=15656 state=ACTIVE energy=    1182 frames=  37562624 flags=0x04 lost=0
2026-09-04T18:12:44.065+00:00 seq=15657 state=ACTIVE energy=    1680 frames=  37562880 flags=0x04 lost=0
2026-09-04T18:12:44.161+00:00 seq=15658 state=ACTIVE energy=    4951 frames=  37563136 flags=0x04 lost=0
2026-09-04T18:12:44.161+00:00 seq=15659 state=ACTIVE energy=    4309 frames=  37563392 flags=0x04 lost=0
2026-09-04T18:12:44.161+00:00 seq=15660 state=ACTIVE energy=    3698 frames=  37563648 flags=0x04 lost=0
2026-09-04T18:12:44.161+00:00 seq=15661 state=ACTIVE energy=    3715 frames=  37563904 flags=0x04 lost=0
2026-09-04T18:12:44.161+00:00 seq=15662 state=ACTIVE energy=    2272 frames=  37564160 flags=0x04 lost=0
2026-09-04T18:12:44.161+00:00 seq=15663 state=ACTIVE energy=    2342 frames=  37564416 flags=0x04 lost=0
2026-09-04T18:12:44.161+00:00 seq=15664 state=ACTIVE energy=    1143 frames=  37564672 flags=0x04 lost=0
2026-09-04T18:12:44.161+00:00 seq=15665 state=ACTIVE energy=     958 frames=  37564928 flags=0x04 lost=0
2026-09-04T18:12:44.161+00:00 seq=15666 state=ACTIVE energy=    1123 frames=  37565184 flags=0x04 lost=0
2026-09-04T18:12:44.161+00:00 seq=15667 state=ACTIVE energy=    2308 frames=  37565440 flags=0x04 lost=0
2026-09-04T18:12:44.161+00:00 seq=15668 state=ACTIVE energy=    2069 frames=  37565696 flags=0x04 lost=0
2026-09-04T18:12:44.161+00:00 seq=15669 state=ACTIVE energy=     968 frames=  37565952 flags=0x04 lost=0
2026-09-04T18:12:44.161+00:00 seq=15670 state=ACTIVE energy=    1770 frames=  37566208 flags=0x04 lost=0
2026-09-04T18:12:44.161+00:00 seq=15671 state=ACTIVE energy=    2543 frames=  37566464 flags=0x04 lost=0
2026-09-04T18:12:44.162+00:00 seq=15672 state=ACTIVE energy=    2266 frames=  37566720 flags=0x04 lost=0
2026-09-04T18:12:44.162+00:00 seq=15673 state=ACTIVE energy=    2809 frames=  37566976 flags=0x04 lost=0
2026-09-04T18:12:44.258+00:00 seq=15674 state=ACTIVE energy=    1835 frames=  37567232 flags=0x04 lost=0
2026-09-04T18:12:44.258+00:00 seq=15675 state=ACTIVE energy=    2842 frames=  37567488 flags=0x04 lost=0
2026-09-04T18:12:44.258+00:00 seq=15676 state=ACTIVE energy=    3751 frames=  37567744 flags=0x04 lost=0
2026-09-04T18:12:44.258+00:00 seq=15677 state=ACTIVE energy=    1613 frames=  37568000 flags=0x04 lost=0
2026-09-04T18:12:44.258+00:00 seq=15678 state=ACTIVE energy=    1471 frames=  37568256 flags=0x04 lost=0
2026-09-04T18:12:44.258+00:00 seq=15679 state=ACTIVE energy=    3008 frames=  37568512 flags=0x04 lost=0
2026-09-04T18:12:44.258+00:00 seq=15680 state=ACTIVE energy=    5209 frames=  37568768 flags=0x04 lost=0
2026-09-04T18:12:44.258+00:00 seq=15681 state=ACTIVE energy=    4709 frames=  37569024 flags=0x04 lost=0
2026-09-04T18:12:44.258+00:00 seq=15682 state=ACTIVE energy=    6116 frames=  37569280 flags=0x04 lost=0
2026-09-04T18:12:44.258+00:00 seq=15683 state=ACTIVE energy=    4940 frames=  37569536 flags=0x04 lost=0
2026-09-04T18:12:44.258+00:00 seq=15684 state=ACTIVE energy=    4913 frames=  37569792 flags=0x04 lost=0
2026-09-04T18:12:44.258+00:00 seq=15685 state=ACTIVE energy=    6352 frames=  37570048 flags=0x04 lost=0
2026-09-04T18:12:44.259+00:00 seq=15686 state=ACTIVE energy=   10895 frames=  37570304 flags=0x04 lost=0
2026-09-04T18:12:44.259+00:00 seq=15687 state=ACTIVE energy=   17044 frames=  37570560 flags=0x04 lost=0
2026-09-04T18:12:44.259+00:00 seq=15688 state=ACTIVE energy=   20466 frames=  37570816 flags=0x04 lost=0
2026-09-04T18:12:44.259+00:00 seq=15689 state=ACTIVE energy=   19488 frames=  37571072 flags=0x04 lost=0
2026-09-04T18:12:44.355+00:00 seq=15690 state=ACTIVE energy=   16224 frames=  37571328 flags=0x04 lost=0
2026-09-04T18:12:44.355+00:00 seq=15691 state=ACTIVE energy=   15981 frames=  37571584 flags=0x04 lost=0
2026-09-04T18:12:44.355+00:00 seq=15692 state=ACTIVE energy=   13007 frames=  37571840 flags=0x04 lost=0
2026-09-04T18:12:44.355+00:00 seq=15693 state=ACTIVE energy=   11342 frames=  37572096 flags=0x04 lost=0
2026-09-04T18:12:44.355+00:00 seq=15694 state=ACTIVE energy=   10757 frames=  37572352 flags=0x04 lost=0
2026-09-04T18:12:44.355+00:00 seq=15695 state=ACTIVE energy=    7640 frames=  37572608 flags=0x04 lost=0
2026-09-04T18:12:44.355+00:00 seq=15696 state=ACTIVE energy=    7168 frames=  37572864 flags=0x04 lost=0
2026-09-04T18:12:44.355+00:00 seq=15697 state=ACTIVE energy=    6361 frames=  37573120 flags=0x04 lost=0
2026-09-04T18:12:44.355+00:00 seq=15698 state=ACTIVE energy=    6222 frames=  37573376 flags=0x04 lost=0
2026-09-04T18:12:44.356+00:00 seq=15699 state=ACTIVE energy=    4299 frames=  37573632 flags=0x04 lost=0
2026-09-04T18:12:44.356+00:00 seq=15700 state=ACTIVE energy=    5672 frames=  37573888 flags=0x04 lost=0
2026-09-04T18:12:44.356+00:00 seq=15701 state=ACTIVE energy=    3448 frames=  37574144 flags=0x04 lost=0
2026-09-04T18:12:44.356+00:00 seq=15702 state=ACTIVE energy=    2383 frames=  37574400 flags=0x04 lost=0
2026-09-04T18:12:44.356+00:00 seq=15703 state=ACTIVE energy=    1476 frames=  37574656 flags=0x04 lost=0
2026-09-04T18:12:44.356+00:00 seq=15704 state=ACTIVE energy=    7237 frames=  37574912 flags=0x04 lost=0
2026-09-04T18:12:44.356+00:00 seq=15705 state=ACTIVE energy=   11791 frames=  37575168 flags=0x04 lost=0
2026-09-04T18:12:44.452+00:00 seq=15706 state=ACTIVE energy=   11699 frames=  37575424 flags=0x04 lost=0
2026-09-04T18:12:44.452+00:00 seq=15707 state=ACTIVE energy=   14287 frames=  37575680 flags=0x04 lost=0
2026-09-04T18:12:44.452+00:00 seq=15708 state=ACTIVE energy=   12645 frames=  37575936 flags=0x04 lost=0
2026-09-04T18:12:44.452+00:00 seq=15709 state=ACTIVE energy=   11978 frames=  37576192 flags=0x04 lost=0
2026-09-04T18:12:44.452+00:00 seq=15710 state=ACTIVE energy=   11613 frames=  37576448 flags=0x04 lost=0
2026-09-04T18:12:44.452+00:00 seq=15711 state=ACTIVE energy=   10950 frames=  37576704 flags=0x04 lost=0
2026-09-04T18:12:44.452+00:00 seq=15712 state=ACTIVE energy=    8652 frames=  37576960 flags=0x04 lost=0
2026-09-04T18:12:44.452+00:00 seq=15713 state=ACTIVE energy=    9355 frames=  37577216 flags=0x04 lost=0
2026-09-04T18:12:44.453+00:00 seq=15714 state=ACTIVE energy=    7816 frames=  37577472 flags=0x04 lost=0
2026-09-04T18:12:44.453+00:00 seq=15715 state=ACTIVE energy=    6530 frames=  37577728 flags=0x04 lost=0
2026-09-04T18:12:44.453+00:00 seq=15716 state=ACTIVE energy=    6466 frames=  37577984 flags=0x04 lost=0
2026-09-04T18:12:44.453+00:00 seq=15717 state=ACTIVE energy=    5717 frames=  37578240 flags=0x04 lost=0
2026-09-04T18:12:44.453+00:00 seq=15718 state=ACTIVE energy=    6516 frames=  37578496 flags=0x04 lost=0
2026-09-04T18:12:44.453+00:00 seq=15719 state=ACTIVE energy=    6088 frames=  37578752 flags=0x04 lost=0
2026-09-04T18:12:44.453+00:00 seq=15720 state=ACTIVE energy=    6330 frames=  37579008 flags=0x04 lost=0
2026-09-04T18:12:44.453+00:00 seq=15721 state=ACTIVE energy=    5029 frames=  37579264 flags=0x04 lost=0
2026-09-04T18:12:44.549+00:00 seq=15722 state=ACTIVE energy=    4482 frames=  37579520 flags=0x04 lost=0
2026-09-04T18:12:44.549+00:00 seq=15723 state=ACTIVE energy=    2615 frames=  37579776 flags=0x04 lost=0
2026-09-04T18:12:44.549+00:00 seq=15724 state=ACTIVE energy=    2571 frames=  37580032 flags=0x04 lost=0
2026-09-04T18:12:44.549+00:00 seq=15725 state=ACTIVE energy=    4739 frames=  37580288 flags=0x04 lost=0
2026-09-04T18:12:44.549+00:00 seq=15726 state=ACTIVE energy=    2856 frames=  37580544 flags=0x04 lost=0
2026-09-04T18:12:44.549+00:00 seq=15727 state=ACTIVE energy=    3087 frames=  37580800 flags=0x04 lost=0
2026-09-04T18:12:44.549+00:00 seq=15728 state=ACTIVE energy=    1752 frames=  37581056 flags=0x04 lost=0
2026-09-04T18:12:44.550+00:00 seq=15729 state=ACTIVE energy=    1928 frames=  37581312 flags=0x04 lost=0
2026-09-04T18:12:44.550+00:00 seq=15730 state=ACTIVE energy=    1402 frames=  37581568 flags=0x04 lost=0
2026-09-04T18:12:44.550+00:00 seq=15731 state=ACTIVE energy=    2178 frames=  37581824 flags=0x04 lost=0
2026-09-04T18:12:44.550+00:00 seq=15732 state=ACTIVE energy=    1265 frames=  37582080 flags=0x04 lost=0
2026-09-04T18:12:44.550+00:00 seq=15733 state=ACTIVE energy=    1523 frames=  37582336 flags=0x04 lost=0
2026-09-04T18:12:44.550+00:00 seq=15734 state=ACTIVE energy=    1819 frames=  37582592 flags=0x04 lost=0
2026-09-04T18:12:44.550+00:00 seq=15735 state=ACTIVE energy=    2099 frames=  37582848 flags=0x04 lost=0
2026-09-04T18:12:44.550+00:00 seq=15736 state=ACTIVE energy=    2995 frames=  37583104 flags=0x04 lost=0
2026-09-04T18:12:44.550+00:00 seq=15737 state=ACTIVE energy=    5062 frames=  37583360 flags=0x04 lost=0
2026-09-04T18:12:44.646+00:00 seq=15738 state=ACTIVE energy=    2873 frames=  37583616 flags=0x04 lost=0
2026-09-04T18:12:44.646+00:00 seq=15739 state=ACTIVE energy=    4261 frames=  37583872 flags=0x04 lost=0
2026-09-04T18:12:44.646+00:00 seq=15740 state=ACTIVE energy=    2675 frames=  37584128 flags=0x04 lost=0
2026-09-04T18:12:44.646+00:00 seq=15741 state=ACTIVE energy=    3268 frames=  37584384 flags=0x04 lost=0
2026-09-04T18:12:44.646+00:00 seq=15742 state=ACTIVE energy=    3888 frames=  37584640 flags=0x04 lost=0
2026-09-04T18:12:44.647+00:00 seq=15743 state=ACTIVE energy=    3261 frames=  37584896 flags=0x04 lost=0
2026-09-04T18:12:44.647+00:00 seq=15744 state=ACTIVE energy=    2256 frames=  37585152 flags=0x04 lost=0
2026-09-04T18:12:44.647+00:00 seq=15745 state=ACTIVE energy=    1894 frames=  37585408 flags=0x04 lost=0
2026-09-04T18:12:44.647+00:00 seq=15746 state=ACTIVE energy=    2087 frames=  37585664 flags=0x04 lost=0
2026-09-04T18:12:44.647+00:00 seq=15747 state=ACTIVE energy=    2839 frames=  37585920 flags=0x04 lost=0
2026-09-04T18:12:44.647+00:00 seq=15748 state=ACTIVE energy=    1179 frames=  37586176 flags=0x04 lost=0
2026-09-04T18:12:44.647+00:00 seq=15749 state=ACTIVE energy=    1623 frames=  37586432 flags=0x04 lost=0
2026-09-04T18:12:44.647+00:00 seq=15750 state=ACTIVE energy=    2126 frames=  37586688 flags=0x04 lost=0
2026-09-04T18:12:44.647+00:00 seq=15751 state=ACTIVE energy=    1882 frames=  37586944 flags=0x04 lost=0
2026-09-04T18:12:44.647+00:00 seq=15752 state=ACTIVE energy=     978 frames=  37587200 flags=0x04 lost=0
2026-09-04T18:12:44.647+00:00 seq=15753 state=ACTIVE energy=    1732 frames=  37587456 flags=0x04 lost=0
2026-09-04T18:12:44.743+00:00 seq=15754 state=ACTIVE energy=    1204 frames=  37587712 flags=0x04 lost=0
2026-09-04T18:12:44.743+00:00 seq=15755 state=ACTIVE energy=    1247 frames=  37587968 flags=0x04 lost=0
2026-09-04T18:12:44.743+00:00 seq=15756 state=ACTIVE energy=    1112 frames=  37588224 flags=0x04 lost=0
2026-09-04T18:12:44.743+00:00 seq=15757 state=ACTIVE energy=    3167 frames=  37588480 flags=0x04 lost=0
2026-09-04T18:12:44.744+00:00 seq=15758 state=ACTIVE energy=    3414 frames=  37588736 flags=0x04 lost=0
2026-09-04T18:12:44.744+00:00 seq=15759 state=ACTIVE energy=    4349 frames=  37588992 flags=0x04 lost=0
2026-09-04T18:12:44.744+00:00 seq=15760 state=ACTIVE energy=    4329 frames=  37589248 flags=0x04 lost=0
2026-09-04T18:12:44.744+00:00 seq=15761 state=ACTIVE energy=    3689 frames=  37589504 flags=0x04 lost=0
2026-09-04T18:12:44.744+00:00 seq=15762 state=ACTIVE energy=    1010 frames=  37589760 flags=0x04 lost=0
2026-09-04T18:12:44.744+00:00 seq=15763 state=ACTIVE energy=    1378 frames=  37590016 flags=0x04 lost=0
2026-09-04T18:12:44.744+00:00 seq=15764 state=ACTIVE energy=    1805 frames=  37590272 flags=0x04 lost=0
2026-09-04T18:12:44.744+00:00 seq=15765 state=ACTIVE energy=    1437 frames=  37590528 flags=0x04 lost=0
2026-09-04T18:12:44.744+00:00 seq=15766 state=ACTIVE energy=    1890 frames=  37590784 flags=0x04 lost=0
2026-09-04T18:12:44.744+00:00 seq=15767 state=ACTIVE energy=    3597 frames=  37591040 flags=0x04 lost=0
2026-09-04T18:12:44.744+00:00 seq=15768 state=ACTIVE energy=    4270 frames=  37591296 flags=0x04 lost=0
2026-09-04T18:12:44.744+00:00 seq=15769 state=ACTIVE energy=    1919 frames=  37591552 flags=0x04 lost=0
2026-09-04T18:12:44.840+00:00 seq=15770 state=ACTIVE energy=     931 frames=  37591808 flags=0x04 lost=0
2026-09-04T18:12:44.840+00:00 seq=15771 state=ACTIVE energy=    1009 frames=  37592064 flags=0x04 lost=0
2026-09-04T18:12:44.841+00:00 seq=15772 state=ACTIVE energy=    1387 frames=  37592320 flags=0x04 lost=0
2026-09-04T18:12:44.841+00:00 seq=15773 state=ACTIVE energy=    1669 frames=  37592576 flags=0x04 lost=0
2026-09-04T18:12:44.841+00:00 seq=15774 state=ACTIVE energy=    1020 frames=  37592832 flags=0x04 lost=0
2026-09-04T18:12:44.841+00:00 seq=15775 state=ACTIVE energy=     866 frames=  37593088 flags=0x04 lost=0
2026-09-04T18:12:44.841+00:00 seq=15776 state=ACTIVE energy=    2232 frames=  37593344 flags=0x04 lost=0
2026-09-04T18:12:44.841+00:00 seq=15777 state=ACTIVE energy=    1811 frames=  37593600 flags=0x04 lost=0
2026-09-04T18:12:44.841+00:00 seq=15778 state=ACTIVE energy=    1988 frames=  37593856 flags=0x04 lost=0
2026-09-04T18:12:44.841+00:00 seq=15779 state=ACTIVE energy=    1588 frames=  37594112 flags=0x04 lost=0
2026-09-04T18:12:44.841+00:00 seq=15780 state=ACTIVE energy=    3850 frames=  37594368 flags=0x04 lost=0
2026-09-04T18:12:44.841+00:00 seq=15781 state=ACTIVE energy=    5030 frames=  37594624 flags=0x04 lost=0
2026-09-04T18:12:44.841+00:00 seq=15782 state=ACTIVE energy=    3972 frames=  37594880 flags=0x04 lost=0
2026-09-04T18:12:44.841+00:00 seq=15783 state=ACTIVE energy=    1620 frames=  37595136 flags=0x04 lost=0
2026-09-04T18:12:44.841+00:00 seq=15784 state=ACTIVE energy=    1170 frames=  37595392 flags=0x04 lost=0
2026-09-04T18:12:44.841+00:00 seq=15785 state=ACTIVE energy=    1020 frames=  37595648 flags=0x04 lost=0
2026-09-04T18:12:44.939+00:00 seq=15786 state=ACTIVE energy=    2431 frames=  37595904 flags=0x04 lost=0
2026-09-04T18:12:44.939+00:00 seq=15787 state=ACTIVE energy=    1979 frames=  37596160 flags=0x04 lost=0
2026-09-04T18:12:44.939+00:00 seq=15788 state=ACTIVE energy=    1169 frames=  37596416 flags=0x04 lost=0
2026-09-04T18:12:44.939+00:00 seq=15789 state=ACTIVE energy=    3587 frames=  37596672 flags=0x04 lost=0
2026-09-04T18:12:44.940+00:00 seq=15790 state=ACTIVE energy=    6465 frames=  37596928 flags=0x04 lost=0
2026-09-04T18:12:44.940+00:00 seq=15791 state=ACTIVE energy=    6310 frames=  37597184 flags=0x04 lost=0
2026-09-04T18:12:44.940+00:00 seq=15792 state=ACTIVE energy=    6502 frames=  37597440 flags=0x04 lost=0
2026-09-04T18:12:44.940+00:00 seq=15793 state=ACTIVE energy=    5452 frames=  37597696 flags=0x04 lost=0
2026-09-04T18:12:44.940+00:00 seq=15794 state=ACTIVE energy=    1964 frames=  37597952 flags=0x04 lost=0
2026-09-04T18:12:44.940+00:00 seq=15795 state=ACTIVE energy=    2551 frames=  37598208 flags=0x04 lost=0
2026-09-04T18:12:44.940+00:00 seq=15796 state=ACTIVE energy=    3049 frames=  37598464 flags=0x04 lost=0
2026-09-04T18:12:44.941+00:00 seq=15797 state=ACTIVE energy=    1218 frames=  37598720 flags=0x04 lost=0
2026-09-04T18:12:44.941+00:00 seq=15798 state=ACTIVE energy=    1015 frames=  37598976 flags=0x04 lost=0
2026-09-04T18:12:44.941+00:00 seq=15799 state=ACTIVE energy=    2123 frames=  37599232 flags=0x04 lost=0
2026-09-04T18:12:44.941+00:00 seq=15800 state=ACTIVE energy=    3852 frames=  37599488 flags=0x04 lost=0
2026-09-04T18:12:44.941+00:00 seq=15801 state=ACTIVE energy=    1829 frames=  37599744 flags=0x04 lost=0
2026-09-04T18:12:45.036+00:00 seq=15802 state=ACTIVE energy=    1180 frames=  37600000 flags=0x04 lost=0
2026-09-04T18:12:45.036+00:00 seq=15803 state=ACTIVE energy=     981 frames=  37600256 flags=0x04 lost=0
2026-09-04T18:12:45.036+00:00 seq=15804 state=ACTIVE energy=     955 frames=  37600512 flags=0x04 lost=0
2026-09-04T18:12:45.036+00:00 seq=15805 state=ACTIVE energy=    1299 frames=  37600768 flags=0x04 lost=0
2026-09-04T18:12:45.036+00:00 seq=15806 state=ACTIVE energy=    1302 frames=  37601024 flags=0x04 lost=0
2026-09-04T18:12:45.037+00:00 seq=15807 state=ACTIVE energy=    1352 frames=  37601280 flags=0x04 lost=0
2026-09-04T18:12:45.037+00:00 seq=15808 state=ACTIVE energy=    3288 frames=  37601536 flags=0x04 lost=0
2026-09-04T18:12:45.037+00:00 seq=15809 state=ACTIVE energy=    4774 frames=  37601792 flags=0x04 lost=0
2026-09-04T18:12:45.037+00:00 seq=15810 state=ACTIVE energy=    3977 frames=  37602048 flags=0x04 lost=0
2026-09-04T18:12:45.037+00:00 seq=15811 state=ACTIVE energy=    2699 frames=  37602304 flags=0x04 lost=0
2026-09-04T18:12:45.037+00:00 seq=15812 state=ACTIVE energy=    3127 frames=  37602560 flags=0x04 lost=0
2026-09-04T18:12:45.037+00:00 seq=15813 state=ACTIVE energy=    1332 frames=  37602816 flags=0x04 lost=0
2026-09-04T18:12:45.037+00:00 seq=15814 state=ACTIVE energy=    2032 frames=  37603072 flags=0x04 lost=0
2026-09-04T18:12:45.038+00:00 seq=15815 state=ACTIVE energy=    2739 frames=  37603328 flags=0x04 lost=0
2026-09-04T18:12:45.038+00:00 seq=15816 state=ACTIVE energy=    2728 frames=  37603584 flags=0x04 lost=0
2026-09-04T18:12:45.038+00:00 seq=15817 state=ACTIVE energy=    1346 frames=  37603840 flags=0x04 lost=0
2026-09-04T18:12:45.133+00:00 seq=15818 state=ACTIVE energy=    2120 frames=  37604096 flags=0x04 lost=0
2026-09-04T18:12:45.133+00:00 seq=15819 state=ACTIVE energy=    3337 frames=  37604352 flags=0x04 lost=0
2026-09-04T18:12:45.133+00:00 seq=15820 state=ACTIVE energy=    1490 frames=  37604608 flags=0x04 lost=0
2026-09-04T18:12:45.133+00:00 seq=15821 state=ACTIVE energy=    1481 frames=  37604864 flags=0x04 lost=0
2026-09-04T18:12:45.133+00:00 seq=15822 state=ACTIVE energy=    1661 frames=  37605120 flags=0x04 lost=0
2026-09-04T18:12:45.134+00:00 seq=15823 state=ACTIVE energy=    2948 frames=  37605376 flags=0x04 lost=0
2026-09-04T18:12:45.134+00:00 seq=15824 state=ACTIVE energy=    3185 frames=  37605632 flags=0x04 lost=0
2026-09-04T18:12:45.134+00:00 seq=15825 state=ACTIVE energy=    1193 frames=  37605888 flags=0x04 lost=0
2026-09-04T18:12:45.134+00:00 seq=15826 state=ACTIVE energy=    2043 frames=  37606144 flags=0x04 lost=0
2026-09-04T18:12:45.134+00:00 seq=15827 state=ACTIVE energy=    1152 frames=  37606400 flags=0x04 lost=0
2026-09-04T18:12:45.134+00:00 seq=15828 state=ACTIVE energy=    1700 frames=  37606656 flags=0x04 lost=0
2026-09-04T18:12:45.134+00:00 seq=15829 state=ACTIVE energy=    1207 frames=  37606912 flags=0x04 lost=0
2026-09-04T18:12:45.134+00:00 seq=15830 state=ACTIVE energy=    1462 frames=  37607168 flags=0x04 lost=0
2026-09-04T18:12:45.135+00:00 seq=15831 state=ACTIVE energy=    1015 frames=  37607424 flags=0x04 lost=0
2026-09-04T18:12:45.135+00:00 seq=15832 state=ACTIVE energy=    1257 frames=  37607680 flags=0x04 lost=0
2026-09-04T18:12:45.135+00:00 seq=15833 state=ACTIVE energy=    2057 frames=  37607936 flags=0x04 lost=0
2026-09-04T18:12:45.230+00:00 seq=15834 state=ACTIVE energy=    1030 frames=  37608192 flags=0x04 lost=0
2026-09-04T18:12:45.230+00:00 seq=15835 state=ACTIVE energy=     894 frames=  37608448 flags=0x04 lost=0
2026-09-04T18:12:45.230+00:00 seq=15836 state=ACTIVE energy=    1601 frames=  37608704 flags=0x04 lost=0
2026-09-04T18:12:45.230+00:00 seq=15837 state=ACTIVE energy=    3356 frames=  37608960 flags=0x04 lost=0
2026-09-04T18:12:45.231+00:00 seq=15838 state=ACTIVE energy=    5572 frames=  37609216 flags=0x04 lost=0
2026-09-04T18:12:45.231+00:00 seq=15839 state=ACTIVE energy=    4952 frames=  37609472 flags=0x04 lost=0
2026-09-04T18:12:45.231+00:00 seq=15840 state=ACTIVE energy=    5676 frames=  37609728 flags=0x04 lost=0
2026-09-04T18:12:45.231+00:00 seq=15841 state=ACTIVE energy=    3803 frames=  37609984 flags=0x04 lost=0
2026-09-04T18:12:45.231+00:00 seq=15842 state=ACTIVE energy=     866 frames=  37610240 flags=0x04 lost=0
2026-09-04T18:12:45.231+00:00 seq=15843 state=ACTIVE energy=    1374 frames=  37610496 flags=0x04 lost=0
2026-09-04T18:12:45.231+00:00 seq=15844 state=ACTIVE energy=    2214 frames=  37610752 flags=0x04 lost=0
2026-09-04T18:12:45.231+00:00 seq=15845 state=ACTIVE energy=    2765 frames=  37611008 flags=0x04 lost=0
2026-09-04T18:12:45.232+00:00 seq=15846 state=ACTIVE energy=    2134 frames=  37611264 flags=0x04 lost=0
2026-09-04T18:12:45.232+00:00 seq=15847 state=ACTIVE energy=    2577 frames=  37611520 flags=0x04 lost=0
2026-09-04T18:12:45.232+00:00 seq=15848 state=ACTIVE energy=    1426 frames=  37611776 flags=0x04 lost=0
2026-09-04T18:12:45.232+00:00 seq=15849 state=ACTIVE energy=    1604 frames=  37612032 flags=0x04 lost=0
2026-09-04T18:12:45.327+00:00 seq=15850 state=ACTIVE energy=    2539 frames=  37612288 flags=0x04 lost=0
2026-09-04T18:12:45.327+00:00 seq=15851 state=ACTIVE energy=    3261 frames=  37612544 flags=0x04 lost=0
2026-09-04T18:12:45.327+00:00 seq=15852 state=ACTIVE energy=    1533 frames=  37612800 flags=0x04 lost=0
2026-09-04T18:12:45.327+00:00 seq=15853 state=ACTIVE energy=     982 frames=  37613056 flags=0x04 lost=0
2026-09-04T18:12:45.328+00:00 seq=15854 state=ACTIVE energy=     976 frames=  37613312 flags=0x04 lost=0
2026-09-04T18:12:45.328+00:00 seq=15855 state=ACTIVE energy=    1774 frames=  37613568 flags=0x04 lost=0
2026-09-04T18:12:45.328+00:00 seq=15856 state=ACTIVE energy=    2755 frames=  37613824 flags=0x04 lost=0
2026-09-04T18:12:45.328+00:00 seq=15857 state=ACTIVE energy=    2574 frames=  37614080 flags=0x04 lost=0
2026-09-04T18:12:45.328+00:00 seq=15858 state=ACTIVE energy=    1942 frames=  37614336 flags=0x04 lost=0
2026-09-04T18:12:45.328+00:00 seq=15859 state=ACTIVE energy=    1132 frames=  37614592 flags=0x04 lost=0
2026-09-04T18:12:45.328+00:00 seq=15860 state=ACTIVE energy=     941 frames=  37614848 flags=0x04 lost=0
2026-09-04T18:12:45.328+00:00 seq=15861 state=ACTIVE energy=    2189 frames=  37615104 flags=0x04 lost=0
2026-09-04T18:12:45.329+00:00 seq=15862 state=ACTIVE energy=    1521 frames=  37615360 flags=0x04 lost=0
2026-09-04T18:12:45.329+00:00 seq=15863 state=ACTIVE energy=    2070 frames=  37615616 flags=0x04 lost=0
2026-09-04T18:12:45.329+00:00 seq=15864 state=ACTIVE energy=    1740 frames=  37615872 flags=0x04 lost=0
2026-09-04T18:12:45.329+00:00 seq=15865 state=ACTIVE energy=    1772 frames=  37616128 flags=0x04 lost=0
2026-09-04T18:12:45.424+00:00 seq=15866 state=ACTIVE energy=    2319 frames=  37616384 flags=0x04 lost=0
2026-09-04T18:12:45.425+00:00 seq=15867 state=ACTIVE energy=    2808 frames=  37616640 flags=0x04 lost=0
2026-09-04T18:12:45.425+00:00 seq=15868 state=ACTIVE energy=     821 frames=  37616896 flags=0x04 lost=0
2026-09-04T18:12:45.425+00:00 seq=15869 state=ACTIVE energy=    1883 frames=  37617152 flags=0x04 lost=0
2026-09-04T18:12:45.425+00:00 seq=15870 state=ACTIVE energy=    1631 frames=  37617408 flags=0x04 lost=0
2026-09-04T18:12:45.425+00:00 seq=15871 state=ACTIVE energy=    1414 frames=  37617664 flags=0x04 lost=0
2026-09-04T18:12:45.425+00:00 seq=15872 state=ACTIVE energy=    1336 frames=  37617920 flags=0x04 lost=0
2026-09-04T18:12:45.426+00:00 seq=15873 state=ACTIVE energy=    2571 frames=  37618176 flags=0x04 lost=0
2026-09-04T18:12:45.426+00:00 seq=15874 state=QUIET  energy=    2283 frames=  37618432 flags=0x04 lost=0
2026-09-04T18:12:45.426+00:00 seq=15875 state=QUIET  energy=    1348 frames=  37618688 flags=0x04 lost=0
2026-09-04T18:12:45.426+00:00 seq=15876 state=QUIET  energy=    2140 frames=  37618944 flags=0x04 lost=0
2026-09-04T18:12:45.426+00:00 seq=15877 state=QUIET  energy=    1521 frames=  37619200 flags=0x04 lost=0
2026-09-04T18:12:45.426+00:00 seq=15878 state=QUIET  energy=    1228 frames=  37619456 flags=0x04 lost=0
2026-09-04T18:12:45.426+00:00 seq=15879 state=QUIET  energy=    1164 frames=  37619712 flags=0x04 lost=0
2026-09-04T18:12:45.427+00:00 seq=15880 state=QUIET  energy=    2530 frames=  37619968 flags=0x04 lost=0
2026-09-04T18:12:45.427+00:00 seq=15881 state=QUIET  energy=    2830 frames=  37620224 flags=0x04 lost=0
2026-09-04T18:12:45.521+00:00 seq=15882 state=QUIET  energy=    2354 frames=  37620480 flags=0x04 lost=0
2026-09-04T18:12:45.521+00:00 seq=15883 state=QUIET  energy=    1988 frames=  37620736 flags=0x04 lost=0
2026-09-04T18:12:45.522+00:00 seq=15884 state=QUIET  energy=    1976 frames=  37620992 flags=0x04 lost=0
2026-09-04T18:12:45.522+00:00 seq=15885 state=QUIET  energy=    3464 frames=  37621248 flags=0x04 lost=0
2026-09-04T18:12:45.522+00:00 seq=15886 state=QUIET  energy=    2412 frames=  37621504 flags=0x04 lost=0
2026-09-04T18:12:45.522+00:00 seq=15887 state=QUIET  energy=    2325 frames=  37621760 flags=0x04 lost=0
2026-09-04T18:12:45.522+00:00 seq=15888 state=QUIET  energy=     936 frames=  37622016 flags=0x04 lost=0
2026-09-04T18:12:45.522+00:00 seq=15889 state=QUIET  energy=    1668 frames=  37622272 flags=0x04 lost=0
2026-09-04T18:12:45.522+00:00 seq=15890 state=QUIET  energy=    1715 frames=  37622528 flags=0x04 lost=0
2026-09-04T18:12:45.522+00:00 seq=15891 state=QUIET  energy=    2610 frames=  37622784 flags=0x04 lost=0
2026-09-04T18:12:45.523+00:00 seq=15892 state=QUIET  energy=    1634 frames=  37623040 flags=0x04 lost=0
2026-09-04T18:12:45.523+00:00 seq=15893 state=QUIET  energy=    1402 frames=  37623296 flags=0x04 lost=0
2026-09-04T18:12:45.523+00:00 seq=15894 state=QUIET  energy=    1171 frames=  37623552 flags=0x04 lost=0
2026-09-04T18:12:45.523+00:00 seq=15895 state=QUIET  energy=    1869 frames=  37623808 flags=0x04 lost=0
2026-09-04T18:12:45.523+00:00 seq=15896 state=QUIET  energy=    1879 frames=  37624064 flags=0x04 lost=0
2026-09-04T18:12:45.523+00:00 seq=15897 state=QUIET  energy=    1147 frames=  37624320 flags=0x04 lost=0
2026-09-04T18:12:45.618+00:00 seq=15898 state=QUIET  energy=    1067 frames=  37624576 flags=0x04 lost=0
2026-09-04T18:12:45.619+00:00 seq=15899 state=QUIET  energy=    1643 frames=  37624832 flags=0x04 lost=0
2026-09-04T18:12:45.619+00:00 seq=15900 state=QUIET  energy=    2632 frames=  37625088 flags=0x04 lost=0
2026-09-04T18:12:45.619+00:00 seq=15901 state=QUIET  energy=    2520 frames=  37625344 flags=0x04 lost=0
2026-09-04T18:12:45.619+00:00 seq=15902 state=QUIET  energy=    2307 frames=  37625600 flags=0x04 lost=0
2026-09-04T18:12:45.619+00:00 seq=15903 state=QUIET  energy=    1926 frames=  37625856 flags=0x04 lost=0
2026-09-04T18:12:45.619+00:00 seq=15904 state=QUIET  energy=    2385 frames=  37626112 flags=0x04 lost=0
2026-09-04T18:12:45.619+00:00 seq=15905 state=QUIET  energy=    2324 frames=  37626368 flags=0x04 lost=0
2026-09-04T18:12:45.619+00:00 seq=15906 state=QUIET  energy=    5617 frames=  37626624 flags=0x04 lost=0
2026-09-04T18:12:45.620+00:00 seq=15907 state=QUIET  energy=    5610 frames=  37626880 flags=0x04 lost=0
2026-09-04T18:12:45.620+00:00 seq=15908 state=QUIET  energy=    4102 frames=  37627136 flags=0x04 lost=0
2026-09-04T18:12:45.620+00:00 seq=15909 state=QUIET  energy=    4286 frames=  37627392 flags=0x04 lost=0
2026-09-04T18:12:45.620+00:00 seq=15910 state=QUIET  energy=    4198 frames=  37627648 flags=0x04 lost=0
2026-09-04T18:12:45.620+00:00 seq=15911 state=QUIET  energy=    4541 frames=  37627904 flags=0x04 lost=0
2026-09-04T18:12:45.620+00:00 seq=15912 state=QUIET  energy=    5164 frames=  37628160 flags=0x04 lost=0
2026-09-04T18:12:45.620+00:00 seq=15913 state=QUIET  energy=    5402 frames=  37628416 flags=0x04 lost=0
2026-09-04T18:12:45.715+00:00 seq=15914 state=QUIET  energy=    4474 frames=  37628672 flags=0x04 lost=0
2026-09-04T18:12:45.716+00:00 seq=15915 state=QUIET  energy=    4210 frames=  37628928 flags=0x04 lost=0
2026-09-04T18:12:45.716+00:00 seq=15916 state=QUIET  energy=    4106 frames=  37629184 flags=0x04 lost=0
2026-09-04T18:12:45.716+00:00 seq=15917 state=QUIET  energy=    3272 frames=  37629440 flags=0x04 lost=0
2026-09-04T18:12:45.716+00:00 seq=15918 state=QUIET  energy=    4371 frames=  37629696 flags=0x04 lost=0
2026-09-04T18:12:45.716+00:00 seq=15919 state=QUIET  energy=    2995 frames=  37629952 flags=0x04 lost=0
2026-09-04T18:12:45.716+00:00 seq=15920 state=QUIET  energy=    2761 frames=  37630208 flags=0x04 lost=0
2026-09-04T18:12:45.716+00:00 seq=15921 state=QUIET  energy=    2214 frames=  37630464 flags=0x04 lost=0
2026-09-04T18:12:45.716+00:00 seq=15922 state=QUIET  energy=    2135 frames=  37630720 flags=0x04 lost=0
2026-09-04T18:12:45.717+00:00 seq=15923 state=QUIET  energy=    3790 frames=  37630976 flags=0x04 lost=0
2026-09-04T18:12:45.717+00:00 seq=15924 state=QUIET  energy=    4642 frames=  37631232 flags=0x04 lost=0
2026-09-04T18:12:45.717+00:00 seq=15925 state=QUIET  energy=    3559 frames=  37631488 flags=0x04 lost=0
2026-09-04T18:12:45.717+00:00 seq=15926 state=QUIET  energy=    2942 frames=  37631744 flags=0x04 lost=0
2026-09-04T18:12:45.717+00:00 seq=15927 state=QUIET  energy=    1823 frames=  37632000 flags=0x04 lost=0
2026-09-04T18:12:45.717+00:00 seq=15928 state=QUIET  energy=    2933 frames=  37632256 flags=0x04 lost=0
2026-09-04T18:12:45.717+00:00 seq=15929 state=QUIET  energy=    3325 frames=  37632512 flags=0x04 lost=0
2026-09-04T18:12:45.812+00:00 seq=15930 state=QUIET  energy=    2781 frames=  37632768 flags=0x04 lost=0
2026-09-04T18:12:45.813+00:00 seq=15931 state=QUIET  energy=    4052 frames=  37633024 flags=0x04 lost=0
2026-09-04T18:12:45.813+00:00 seq=15932 state=QUIET  energy=    2346 frames=  37633280 flags=0x04 lost=0
2026-09-04T18:12:45.813+00:00 seq=15933 state=QUIET  energy=    3246 frames=  37633536 flags=0x04 lost=0
2026-09-04T18:12:45.813+00:00 seq=15934 state=QUIET  energy=    2351 frames=  37633792 flags=0x04 lost=0
2026-09-04T18:12:45.813+00:00 seq=15935 state=QUIET  energy=    1487 frames=  37634048 flags=0x04 lost=0
2026-09-04T18:12:45.813+00:00 seq=15936 state=QUIET  energy=    2345 frames=  37634304 flags=0x04 lost=0
2026-09-04T18:12:45.813+00:00 seq=15937 state=QUIET  energy=    1512 frames=  37634560 flags=0x04 lost=0
2026-09-04T18:12:45.813+00:00 seq=15938 state=QUIET  energy=    1564 frames=  37634816 flags=0x04 lost=0
2026-09-04T18:12:45.814+00:00 seq=15939 state=QUIET  energy=    1184 frames=  37635072 flags=0x04 lost=0
2026-09-04T18:12:45.814+00:00 seq=15940 state=QUIET  energy=    1667 frames=  37635328 flags=0x04 lost=0
2026-09-04T18:12:45.814+00:00 seq=15941 state=QUIET  energy=    1227 frames=  37635584 flags=0x04 lost=0
2026-09-04T18:12:45.814+00:00 seq=15942 state=QUIET  energy=    1686 frames=  37635840 flags=0x04 lost=0
2026-09-04T18:12:45.814+00:00 seq=15943 state=QUIET  energy=    1213 frames=  37636096 flags=0x04 lost=0
2026-09-04T18:12:45.814+00:00 seq=15944 state=QUIET  energy=     901 frames=  37636352 flags=0x04 lost=0
2026-09-04T18:12:45.814+00:00 seq=15945 state=QUIET  energy=    1229 frames=  37636608 flags=0x04 lost=0
2026-09-04T18:12:45.910+00:00 seq=15946 state=QUIET  energy=    1142 frames=  37636864 flags=0x04 lost=0
2026-09-04T18:12:45.910+00:00 seq=15947 state=QUIET  energy=    2130 frames=  37637120 flags=0x04 lost=0
2026-09-04T18:12:45.910+00:00 seq=15948 state=QUIET  energy=    5551 frames=  37637376 flags=0x04 lost=0
2026-09-04T18:12:45.910+00:00 seq=15949 state=QUIET  energy=    8186 frames=  37637632 flags=0x04 lost=0
2026-09-04T18:12:45.911+00:00 seq=15950 state=QUIET  energy=    6383 frames=  37637888 flags=0x04 lost=0
2026-09-04T18:12:45.912+00:00 seq=15951 state=QUIET  energy=    4601 frames=  37638144 flags=0x04 lost=0
2026-09-04T18:12:45.912+00:00 seq=15952 state=QUIET  energy=    5037 frames=  37638400 flags=0x04 lost=0
2026-09-04T18:12:45.912+00:00 seq=15953 state=QUIET  energy=    6724 frames=  37638656 flags=0x04 lost=0
2026-09-04T18:12:45.912+00:00 seq=15954 state=QUIET  energy=    5790 frames=  37638912 flags=0x04 lost=0
2026-09-04T18:12:45.912+00:00 seq=15955 state=QUIET  energy=    4658 frames=  37639168 flags=0x04 lost=0
2026-09-04T18:12:45.912+00:00 seq=15956 state=QUIET  energy=    4225 frames=  37639424 flags=0x04 lost=0
2026-09-04T18:12:45.912+00:00 seq=15957 state=QUIET  energy=    3736 frames=  37639680 flags=0x04 lost=0
2026-09-04T18:12:45.912+00:00 seq=15958 state=QUIET  energy=    3011 frames=  37639936 flags=0x04 lost=0
2026-09-04T18:12:45.913+00:00 seq=15959 state=QUIET  energy=    1245 frames=  37640192 flags=0x04 lost=0
2026-09-04T18:12:45.913+00:00 seq=15960 state=QUIET  energy=    3459 frames=  37640448 flags=0x04 lost=0
2026-09-04T18:12:45.913+00:00 seq=15961 state=QUIET  energy=    2096 frames=  37640704 flags=0x04 lost=0
2026-09-04T18:12:46.007+00:00 seq=15962 state=QUIET  energy=     855 frames=  37640960 flags=0x04 lost=0
2026-09-04T18:12:46.007+00:00 seq=15963 state=QUIET  energy=    1461 frames=  37641216 flags=0x04 lost=0
2026-09-04T18:12:46.007+00:00 seq=15964 state=QUIET  energy=    1231 frames=  37641472 flags=0x04 lost=0
2026-09-04T18:12:46.007+00:00 seq=15965 state=QUIET  energy=    1198 frames=  37641728 flags=0x04 lost=0
2026-09-04T18:12:46.007+00:00 seq=15966 state=QUIET  energy=    3438 frames=  37641984 flags=0x04 lost=0
2026-09-04T18:12:46.007+00:00 seq=15967 state=QUIET  energy=    4514 frames=  37642240 flags=0x04 lost=0
2026-09-04T18:12:46.008+00:00 seq=15968 state=QUIET  energy=    5300 frames=  37642496 flags=0x04 lost=0
2026-09-04T18:12:46.008+00:00 seq=15969 state=QUIET  energy=    4027 frames=  37642752 flags=0x04 lost=0
2026-09-04T18:12:46.008+00:00 seq=15970 state=QUIET  energy=    1647 frames=  37643008 flags=0x04 lost=0
2026-09-04T18:12:46.008+00:00 seq=15971 state=QUIET  energy=    1469 frames=  37643264 flags=0x04 lost=0
2026-09-04T18:12:46.008+00:00 seq=15972 state=QUIET  energy=    2065 frames=  37643520 flags=0x04 lost=0
2026-09-04T18:12:46.008+00:00 seq=15973 state=QUIET  energy=    2579 frames=  37643776 flags=0x04 lost=0
2026-09-04T18:12:46.008+00:00 seq=15974 state=QUIET  energy=    3082 frames=  37644032 flags=0x04 lost=0
2026-09-04T18:12:46.008+00:00 seq=15975 state=QUIET  energy=    3070 frames=  37644288 flags=0x04 lost=0
2026-09-04T18:12:46.008+00:00 seq=15976 state=QUIET  energy=    3150 frames=  37644544 flags=0x04 lost=0
2026-09-04T18:12:46.009+00:00 seq=15977 state=QUIET  energy=    4299 frames=  37644800 flags=0x04 lost=0
2026-09-04T18:12:46.104+00:00 seq=15978 state=QUIET  energy=    3827 frames=  37645056 flags=0x04 lost=0
2026-09-04T18:12:46.104+00:00 seq=15979 state=QUIET  energy=    2262 frames=  37645312 flags=0x04 lost=0
2026-09-04T18:12:46.104+00:00 seq=15980 state=QUIET  energy=    4201 frames=  37645568 flags=0x04 lost=0
2026-09-04T18:12:46.104+00:00 seq=15981 state=QUIET  energy=    4980 frames=  37645824 flags=0x04 lost=0
2026-09-04T18:12:46.104+00:00 seq=15982 state=QUIET  energy=    4529 frames=  37646080 flags=0x04 lost=0
2026-09-04T18:12:46.104+00:00 seq=15983 state=QUIET  energy=    4111 frames=  37646336 flags=0x04 lost=0
2026-09-04T18:12:46.105+00:00 seq=15984 state=QUIET  energy=    4480 frames=  37646592 flags=0x04 lost=0
2026-09-04T18:12:46.105+00:00 seq=15985 state=QUIET  energy=    3643 frames=  37646848 flags=0x04 lost=0
2026-09-04T18:12:46.105+00:00 seq=15986 state=QUIET  energy=    4079 frames=  37647104 flags=0x04 lost=0
2026-09-04T18:12:46.105+00:00 seq=15987 state=QUIET  energy=    2539 frames=  37647360 flags=0x04 lost=0
2026-09-04T18:12:46.105+00:00 seq=15988 state=QUIET  energy=    1216 frames=  37647616 flags=0x04 lost=0
2026-09-04T18:12:46.105+00:00 seq=15989 state=QUIET  energy=    1701 frames=  37647872 flags=0x04 lost=0
2026-09-04T18:12:46.105+00:00 seq=15990 state=QUIET  energy=     971 frames=  37648128 flags=0x04 lost=0
2026-09-04T18:12:46.105+00:00 seq=15991 state=QUIET  energy=    1169 frames=  37648384 flags=0x04 lost=0
2026-09-04T18:12:46.106+00:00 seq=15992 state=QUIET  energy=     792 frames=  37648640 flags=0x04 lost=0
2026-09-04T18:12:46.106+00:00 seq=15993 state=QUIET  energy=    1368 frames=  37648896 flags=0x04 lost=0
2026-09-04T18:12:46.201+00:00 seq=15994 state=QUIET  energy=    2948 frames=  37649152 flags=0x04 lost=0
2026-09-04T18:12:46.201+00:00 seq=15995 state=QUIET  energy=    3707 frames=  37649408 flags=0x04 lost=0
2026-09-04T18:12:46.201+00:00 seq=15996 state=QUIET  energy=    4557 frames=  37649664 flags=0x04 lost=0
2026-09-04T18:12:46.201+00:00 seq=15997 state=QUIET  energy=    5118 frames=  37649920 flags=0x04 lost=0
2026-09-04T18:12:46.201+00:00 seq=15998 state=QUIET  energy=    5687 frames=  37650176 flags=0x04 lost=0
2026-09-04T18:12:46.202+00:00 seq=15999 state=QUIET  energy=    4911 frames=  37650432 flags=0x04 lost=0
2026-09-04T18:12:46.202+00:00 seq=16000 state=QUIET  energy=    4893 frames=  37650688 flags=0x04 lost=0
2026-09-04T18:12:46.202+00:00 seq=16001 state=QUIET  energy=    2052 frames=  37650944 flags=0x04 lost=0
2026-09-04T18:12:46.202+00:00 seq=16002 state=QUIET  energy=    1121 frames=  37651200 flags=0x04 lost=0
2026-09-04T18:12:46.202+00:00 seq=16003 state=QUIET  energy=    1291 frames=  37651456 flags=0x04 lost=0
2026-09-04T18:12:46.202+00:00 seq=16004 state=QUIET  energy=     985 frames=  37651712 flags=0x04 lost=0
2026-09-04T18:12:46.202+00:00 seq=16005 state=QUIET  energy=    1972 frames=  37651968 flags=0x04 lost=0
2026-09-04T18:12:46.202+00:00 seq=16006 state=QUIET  energy=    1710 frames=  37652224 flags=0x04 lost=0
2026-09-04T18:12:46.203+00:00 seq=16007 state=QUIET  energy=    1597 frames=  37652480 flags=0x04 lost=0
2026-09-04T18:12:46.203+00:00 seq=16008 state=QUIET  energy=    1355 frames=  37652736 flags=0x04 lost=0
2026-09-04T18:12:46.203+00:00 seq=16009 state=QUIET  energy=    2788 frames=  37652992 flags=0x04 lost=0
2026-09-04T18:12:46.298+00:00 seq=16010 state=QUIET  energy=    5771 frames=  37653248 flags=0x04 lost=0
2026-09-04T18:12:46.298+00:00 seq=16011 state=QUIET  energy=    9039 frames=  37653504 flags=0x04 lost=0
2026-09-04T18:12:46.298+00:00 seq=16012 state=QUIET  energy=   14817 frames=  37653760 flags=0x04 lost=0
2026-09-04T18:12:46.298+00:00 seq=16013 state=QUIET  energy=   17569 frames=  37654016 flags=0x04 lost=0
2026-09-04T18:12:46.299+00:00 seq=16014 state=QUIET  energy=   17942 frames=  37654272 flags=0x04 lost=0
2026-09-04T18:12:46.299+00:00 seq=16015 state=QUIET  energy=   15144 frames=  37654528 flags=0x04 lost=0
2026-09-04T18:12:46.299+00:00 seq=16016 state=QUIET  energy=   13993 frames=  37654784 flags=0x04 lost=0
2026-09-04T18:12:46.299+00:00 seq=16017 state=QUIET  energy=   13417 frames=  37655040 flags=0x04 lost=0
2026-09-04T18:12:46.299+00:00 seq=16018 state=QUIET  energy=   12100 frames=  37655296 flags=0x04 lost=0
2026-09-04T18:12:46.299+00:00 seq=16019 state=QUIET  energy=    8448 frames=  37655552 flags=0x04 lost=0
2026-09-04T18:12:46.299+00:00 seq=16020 state=QUIET  energy=    3050 frames=  37655808 flags=0x04 lost=0
2026-09-04T18:12:46.299+00:00 seq=16021 state=QUIET  energy=    3159 frames=  37656064 flags=0x04 lost=0
2026-09-04T18:12:46.299+00:00 seq=16022 state=QUIET  energy=   11595 frames=  37656320 flags=0x04 lost=0
2026-09-04T18:12:46.300+00:00 seq=16023 state=QUIET  energy=   13545 frames=  37656576 flags=0x04 lost=0
2026-09-04T18:12:46.300+00:00 seq=16024 state=QUIET  energy=   15929 frames=  37656832 flags=0x04 lost=0
2026-09-04T18:12:46.300+00:00 seq=16025 state=QUIET  energy=   15106 frames=  37657088 flags=0x04 lost=0
2026-09-04T18:12:46.395+00:00 seq=16026 state=QUIET  energy=   12220 frames=  37657344 flags=0x04 lost=0
2026-09-04T18:12:46.395+00:00 seq=16027 state=QUIET  energy=    8006 frames=  37657600 flags=0x04 lost=0
2026-09-04T18:12:46.395+00:00 seq=16028 state=QUIET  energy=    5975 frames=  37657856 flags=0x04 lost=0
2026-09-04T18:12:46.396+00:00 seq=16029 state=QUIET  energy=    6593 frames=  37658112 flags=0x04 lost=0
2026-09-04T18:12:46.396+00:00 seq=16030 state=QUIET  energy=    5375 frames=  37658368 flags=0x04 lost=0
2026-09-04T18:12:46.396+00:00 seq=16031 state=QUIET  energy=    4675 frames=  37658624 flags=0x04 lost=0
2026-09-04T18:12:46.396+00:00 seq=16032 state=QUIET  energy=    3286 frames=  37658880 flags=0x04 lost=0
2026-09-04T18:12:46.396+00:00 seq=16033 state=QUIET  energy=    3965 frames=  37659136 flags=0x04 lost=0
2026-09-04T18:12:46.396+00:00 seq=16034 state=QUIET  energy=    3613 frames=  37659392 flags=0x04 lost=0
2026-09-04T18:12:46.396+00:00 seq=16035 state=QUIET  energy=    3672 frames=  37659648 flags=0x04 lost=0
2026-09-04T18:12:46.396+00:00 seq=16036 state=QUIET  energy=    2002 frames=  37659904 flags=0x04 lost=0
2026-09-04T18:12:46.396+00:00 seq=16037 state=QUIET  energy=    1208 frames=  37660160 flags=0x04 lost=0
2026-09-04T18:12:46.397+00:00 seq=16038 state=QUIET  energy=    1653 frames=  37660416 flags=0x04 lost=0
2026-09-04T18:12:46.397+00:00 seq=16039 state=QUIET  energy=    4757 frames=  37660672 flags=0x04 lost=0
2026-09-04T18:12:46.397+00:00 seq=16040 state=QUIET  energy=    8662 frames=  37660928 flags=0x04 lost=0
2026-09-04T18:12:46.397+00:00 seq=16041 state=QUIET  energy=   13625 frames=  37661184 flags=0x04 lost=0
2026-09-04T18:12:46.492+00:00 seq=16042 state=QUIET  energy=   16250 frames=  37661440 flags=0x04 lost=0
2026-09-04T18:12:46.492+00:00 seq=16043 state=QUIET  energy=   15548 frames=  37661696 flags=0x04 lost=0
2026-09-04T18:12:46.492+00:00 seq=16044 state=QUIET  energy=   14601 frames=  37661952 flags=0x04 lost=0
2026-09-04T18:12:46.493+00:00 seq=16045 state=QUIET  energy=   15162 frames=  37662208 flags=0x04 lost=0
2026-09-04T18:12:46.493+00:00 seq=16046 state=QUIET  energy=   13547 frames=  37662464 flags=0x04 lost=0
2026-09-04T18:12:46.493+00:00 seq=16047 state=QUIET  energy=   13097 frames=  37662720 flags=0x04 lost=0
2026-09-04T18:12:46.493+00:00 seq=16048 state=QUIET  energy=   12340 frames=  37662976 flags=0x04 lost=0
2026-09-04T18:12:46.493+00:00 seq=16049 state=QUIET  energy=   11687 frames=  37663232 flags=0x04 lost=0
2026-09-04T18:12:46.493+00:00 seq=16050 state=QUIET  energy=    9239 frames=  37663488 flags=0x04 lost=0
2026-09-04T18:12:46.493+00:00 seq=16051 state=QUIET  energy=    7801 frames=  37663744 flags=0x04 lost=0
2026-09-04T18:12:46.493+00:00 seq=16052 state=QUIET  energy=    7205 frames=  37664000 flags=0x04 lost=0
2026-09-04T18:12:46.494+00:00 seq=16053 state=QUIET  energy=    6629 frames=  37664256 flags=0x04 lost=0
2026-09-04T18:12:46.494+00:00 seq=16054 state=QUIET  energy=    4419 frames=  37664512 flags=0x04 lost=0
2026-09-04T18:12:46.494+00:00 seq=16055 state=QUIET  energy=    3991 frames=  37664768 flags=0x04 lost=0
2026-09-04T18:12:46.494+00:00 seq=16056 state=QUIET  energy=    5967 frames=  37665024 flags=0x04 lost=0
2026-09-04T18:12:46.494+00:00 seq=16057 state=QUIET  energy=    7193 frames=  37665280 flags=0x04 lost=0
2026-09-04T18:12:46.589+00:00 seq=16058 state=QUIET  energy=    5430 frames=  37665536 flags=0x04 lost=0
2026-09-04T18:12:46.589+00:00 seq=16059 state=QUIET  energy=    3012 frames=  37665792 flags=0x04 lost=0
2026-09-04T18:12:46.590+00:00 seq=16060 state=QUIET  energy=    1291 frames=  37666048 flags=0x04 lost=0
2026-09-04T18:12:46.590+00:00 seq=16061 state=QUIET  energy=    2260 frames=  37666304 flags=0x04 lost=0
2026-09-04T18:12:46.590+00:00 seq=16062 state=QUIET  energy=     982 frames=  37666560 flags=0x04 lost=0
2026-09-04T18:12:46.590+00:00 seq=16063 state=QUIET  energy=    1577 frames=  37666816 flags=0x04 lost=0
2026-09-04T18:12:46.590+00:00 seq=16064 state=QUIET  energy=    2689 frames=  37667072 flags=0x04 lost=0
2026-09-04T18:12:46.590+00:00 seq=16065 state=QUIET  energy=    2840 frames=  37667328 flags=0x04 lost=0
2026-09-04T18:12:46.590+00:00 seq=16066 state=QUIET  energy=    2179 frames=  37667584 flags=0x04 lost=0
2026-09-04T18:12:46.590+00:00 seq=16067 state=QUIET  energy=    3803 frames=  37667840 flags=0x04 lost=0
2026-09-04T18:12:46.591+00:00 seq=16068 state=QUIET  energy=    4437 frames=  37668096 flags=0x04 lost=0
2026-09-04T18:12:46.591+00:00 seq=16069 state=QUIET  energy=    2826 frames=  37668352 flags=0x04 lost=0
2026-09-04T18:12:46.591+00:00 seq=16070 state=QUIET  energy=    1117 frames=  37668608 flags=0x04 lost=0
2026-09-04T18:12:46.591+00:00 seq=16071 state=QUIET  energy=    1431 frames=  37668864 flags=0x04 lost=0
2026-09-04T18:12:46.591+00:00 seq=16072 state=QUIET  energy=    2129 frames=  37669120 flags=0x04 lost=0
2026-09-04T18:12:46.591+00:00 seq=16073 state=QUIET  energy=    2512 frames=  37669376 flags=0x04 lost=0
2026-09-04T18:12:46.686+00:00 seq=16074 state=QUIET  energy=    2519 frames=  37669632 flags=0x04 lost=0
2026-09-04T18:12:46.687+00:00 seq=16075 state=QUIET  energy=    2634 frames=  37669888 flags=0x04 lost=0
2026-09-04T18:12:46.687+00:00 seq=16076 state=QUIET  energy=    4082 frames=  37670144 flags=0x04 lost=0
2026-09-04T18:12:46.687+00:00 seq=16077 state=QUIET  energy=    6328 frames=  37670400 flags=0x04 lost=0
2026-09-04T18:12:46.687+00:00 seq=16078 state=QUIET  energy=   12729 frames=  37670656 flags=0x04 lost=0
2026-09-04T18:12:46.687+00:00 seq=16079 state=QUIET  energy=   13781 frames=  37670912 flags=0x04 lost=0
2026-09-04T18:12:46.687+00:00 seq=16080 state=QUIET  energy=   12814 frames=  37671168 flags=0x04 lost=0
2026-09-04T18:12:46.687+00:00 seq=16081 state=QUIET  energy=   12001 frames=  37671424 flags=0x04 lost=0
2026-09-04T18:12:46.687+00:00 seq=16082 state=QUIET  energy=   11259 frames=  37671680 flags=0x04 lost=0
2026-09-04T18:12:46.688+00:00 seq=16083 state=QUIET  energy=    8445 frames=  37671936 flags=0x04 lost=0
2026-09-04T18:12:46.688+00:00 seq=16084 state=QUIET  energy=    7825 frames=  37672192 flags=0x04 lost=0
2026-09-04T18:12:46.688+00:00 seq=16085 state=QUIET  energy=    7124 frames=  37672448 flags=0x04 lost=0
2026-09-04T18:12:46.688+00:00 seq=16086 state=QUIET  energy=    6029 frames=  37672704 flags=0x04 lost=0
2026-09-04T18:12:46.688+00:00 seq=16087 state=QUIET  energy=    4078 frames=  37672960 flags=0x04 lost=0
2026-09-04T18:12:46.688+00:00 seq=16088 state=QUIET  energy=    3984 frames=  37673216 flags=0x04 lost=0
2026-09-04T18:12:46.688+00:00 seq=16089 state=QUIET  energy=    2274 frames=  37673472 flags=0x04 lost=0
2026-09-04T18:12:46.783+00:00 seq=16090 state=QUIET  energy=    2375 frames=  37673728 flags=0x04 lost=0
2026-09-04T18:12:46.784+00:00 seq=16091 state=QUIET  energy=    3562 frames=  37673984 flags=0x04 lost=0
2026-09-04T18:12:46.784+00:00 seq=16092 state=QUIET  energy=    4094 frames=  37674240 flags=0x04 lost=0
2026-09-04T18:12:46.784+00:00 seq=16093 state=QUIET  energy=    4793 frames=  37674496 flags=0x04 lost=0
2026-09-04T18:12:46.784+00:00 seq=16094 state=QUIET  energy=    4576 frames=  37674752 flags=0x04 lost=0
2026-09-04T18:12:46.784+00:00 seq=16095 state=QUIET  energy=    3309 frames=  37675008 flags=0x04 lost=0
2026-09-04T18:12:46.784+00:00 seq=16096 state=QUIET  energy=    4517 frames=  37675264 flags=0x04 lost=0
2026-09-04T18:12:46.784+00:00 seq=16097 state=QUIET  energy=    5249 frames=  37675520 flags=0x04 lost=0
2026-09-04T18:12:46.784+00:00 seq=16098 state=QUIET  energy=    3657 frames=  37675776 flags=0x04 lost=0
2026-09-04T18:12:46.785+00:00 seq=16099 state=QUIET  energy=    3639 frames=  37676032 flags=0x04 lost=0
2026-09-04T18:12:46.785+00:00 seq=16100 state=QUIET  energy=    3583 frames=  37676288 flags=0x04 lost=0
2026-09-04T18:12:46.785+00:00 seq=16101 state=QUIET  energy=    3992 frames=  37676544 flags=0x04 lost=0
2026-09-04T18:12:46.785+00:00 seq=16102 state=QUIET  energy=    3759 frames=  37676800 flags=0x04 lost=0
2026-09-04T18:12:46.785+00:00 seq=16103 state=QUIET  energy=    3227 frames=  37677056 flags=0x04 lost=0
2026-09-04T18:12:46.785+00:00 seq=16104 state=QUIET  energy=    1540 frames=  37677312 flags=0x04 lost=0
2026-09-04T18:12:46.785+00:00 seq=16105 state=QUIET  energy=    1920 frames=  37677568 flags=0x04 lost=0
2026-09-04T18:12:46.880+00:00 seq=16106 state=QUIET  energy=    3032 frames=  37677824 flags=0x04 lost=0
2026-09-04T18:12:46.881+00:00 seq=16107 state=QUIET  energy=    7157 frames=  37678080 flags=0x04 lost=0
2026-09-04T18:12:46.881+00:00 seq=16108 state=QUIET  energy=   12915 frames=  37678336 flags=0x04 lost=0
2026-09-04T18:12:46.881+00:00 seq=16109 state=QUIET  energy=   15106 frames=  37678592 flags=0x04 lost=0
2026-09-04T18:12:46.881+00:00 seq=16110 state=QUIET  energy=   13864 frames=  37678848 flags=0x04 lost=0
2026-09-04T18:12:46.881+00:00 seq=16111 state=QUIET  energy=   12452 frames=  37679104 flags=0x04 lost=0
2026-09-04T18:12:46.881+00:00 seq=16112 state=QUIET  energy=   10063 frames=  37679360 flags=0x04 lost=0
2026-09-04T18:12:46.881+00:00 seq=16113 state=QUIET  energy=   11187 frames=  37679616 flags=0x04 lost=0
2026-09-04T18:12:46.881+00:00 seq=16114 state=QUIET  energy=   11447 frames=  37679872 flags=0x04 lost=0
2026-09-04T18:12:46.882+00:00 seq=16115 state=QUIET  energy=    7593 frames=  37680128 flags=0x04 lost=0
2026-09-04T18:12:46.882+00:00 seq=16116 state=QUIET  energy=    4966 frames=  37680384 flags=0x04 lost=0
2026-09-04T18:12:46.882+00:00 seq=16117 state=QUIET  energy=    3633 frames=  37680640 flags=0x04 lost=0
2026-09-04T18:12:46.882+00:00 seq=16118 state=QUIET  energy=    1111 frames=  37680896 flags=0x04 lost=0
2026-09-04T18:12:46.882+00:00 seq=16119 state=QUIET  energy=    3539 frames=  37681152 flags=0x04 lost=0
2026-09-04T18:12:46.882+00:00 seq=16120 state=QUIET  energy=   10172 frames=  37681408 flags=0x04 lost=0
2026-09-04T18:12:46.882+00:00 seq=16121 state=QUIET  energy=   15627 frames=  37681664 flags=0x04 lost=0
2026-09-04T18:12:46.978+00:00 seq=16122 state=QUIET  energy=   17266 frames=  37681920 flags=0x04 lost=0
2026-09-04T18:12:46.978+00:00 seq=16123 state=QUIET  energy=   15912 frames=  37682176 flags=0x04 lost=0
2026-09-04T18:12:46.978+00:00 seq=16124 state=QUIET  energy=   15906 frames=  37682432 flags=0x04 lost=0
2026-09-04T18:12:46.978+00:00 seq=16125 state=QUIET  energy=   16497 frames=  37682688 flags=0x04 lost=0
2026-09-04T18:12:46.978+00:00 seq=16126 state=QUIET  energy=   15765 frames=  37682944 flags=0x04 lost=0
2026-09-04T18:12:46.978+00:00 seq=16127 state=QUIET  energy=   13402 frames=  37683200 flags=0x04 lost=0
2026-09-04T18:12:46.978+00:00 seq=16128 state=QUIET  energy=   12727 frames=  37683456 flags=0x04 lost=0
2026-09-04T18:12:46.979+00:00 seq=16129 state=QUIET  energy=   11629 frames=  37683712 flags=0x04 lost=0
2026-09-04T18:12:46.979+00:00 seq=16130 state=QUIET  energy=    9583 frames=  37683968 flags=0x04 lost=0
2026-09-04T18:12:46.979+00:00 seq=16131 state=QUIET  energy=    7961 frames=  37684224 flags=0x04 lost=0
2026-09-04T18:12:46.979+00:00 seq=16132 state=QUIET  energy=    5225 frames=  37684480 flags=0x04 lost=0
2026-09-04T18:12:46.979+00:00 seq=16133 state=QUIET  energy=    4529 frames=  37684736 flags=0x04 lost=0
2026-09-04T18:12:46.979+00:00 seq=16134 state=QUIET  energy=    2876 frames=  37684992 flags=0x04 lost=0
2026-09-04T18:12:46.979+00:00 seq=16135 state=QUIET  energy=    1672 frames=  37685248 flags=0x04 lost=0
2026-09-04T18:12:46.979+00:00 seq=16136 state=QUIET  energy=    1519 frames=  37685504 flags=0x04 lost=0
2026-09-04T18:12:46.979+00:00 seq=16137 state=QUIET  energy=    1131 frames=  37685760 flags=0x04 lost=0
2026-09-04T18:12:47.075+00:00 seq=16138 state=QUIET  energy=     942 frames=  37686016 flags=0x04 lost=0
2026-09-04T18:12:47.075+00:00 seq=16139 state=QUIET  energy=     955 frames=  37686272 flags=0x04 lost=0
2026-09-04T18:12:47.075+00:00 seq=16140 state=QUIET  energy=    1727 frames=  37686528 flags=0x04 lost=0
2026-09-04T18:12:47.075+00:00 seq=16141 state=QUIET  energy=    2293 frames=  37686784 flags=0x04 lost=0
2026-09-04T18:12:47.075+00:00 seq=16142 state=QUIET  energy=    1517 frames=  37687040 flags=0x04 lost=0
2026-09-04T18:12:47.075+00:00 seq=16143 state=QUIET  energy=    1114 frames=  37687296 flags=0x04 lost=0
2026-09-04T18:12:47.075+00:00 seq=16144 state=QUIET  energy=    1762 frames=  37687552 flags=0x04 lost=0
2026-09-04T18:12:47.076+00:00 seq=16145 state=QUIET  energy=    1708 frames=  37687808 flags=0x04 lost=0
2026-09-04T18:12:47.076+00:00 seq=16146 state=QUIET  energy=    1216 frames=  37688064 flags=0x04 lost=0
2026-09-04T18:12:47.076+00:00 seq=16147 state=QUIET  energy=    2284 frames=  37688320 flags=0x04 lost=0
2026-09-04T18:12:47.076+00:00 seq=16148 state=QUIET  energy=    3285 frames=  37688576 flags=0x04 lost=0
2026-09-04T18:12:47.076+00:00 seq=16149 state=QUIET  energy=    3326 frames=  37688832 flags=0x04 lost=0
2026-09-04T18:12:47.076+00:00 seq=16150 state=QUIET  energy=    4310 frames=  37689088 flags=0x04 lost=0
2026-09-04T18:12:47.076+00:00 seq=16151 state=QUIET  energy=    3046 frames=  37689344 flags=0x04 lost=0
2026-09-04T18:12:47.076+00:00 seq=16152 state=QUIET  energy=    1533 frames=  37689600 flags=0x04 lost=0
2026-09-04T18:12:47.077+00:00 seq=16153 state=QUIET  energy=    2156 frames=  37689856 flags=0x04 lost=0
2026-09-04T18:12:47.172+00:00 seq=16154 state=QUIET  energy=    1164 frames=  37690112 flags=0x04 lost=0
2026-09-04T18:12:47.172+00:00 seq=16155 state=QUIET  energy=     902 frames=  37690368 flags=0x04 lost=0
2026-09-04T18:12:47.172+00:00 seq=16156 state=QUIET  energy=    2690 frames=  37690624 flags=0x04 lost=0
2026-09-04T18:12:47.172+00:00 seq=16157 state=QUIET  energy=    3378 frames=  37690880 flags=0x04 lost=0
2026-09-04T18:12:47.172+00:00 seq=16158 state=QUIET  energy=    3155 frames=  37691136 flags=0x04 lost=0
2026-09-04T18:12:47.172+00:00 seq=16159 state=QUIET  energy=    4032 frames=  37691392 flags=0x04 lost=0
2026-09-04T18:12:47.173+00:00 seq=16160 state=QUIET  energy=    4530 frames=  37691648 flags=0x04 lost=0
2026-09-04T18:12:47.173+00:00 seq=16161 state=QUIET  energy=    2295 frames=  37691904 flags=0x04 lost=0
2026-09-04T18:12:47.173+00:00 seq=16162 state=QUIET  energy=    2887 frames=  37692160 flags=0x04 lost=0
2026-09-04T18:12:47.173+00:00 seq=16163 state=QUIET  energy=    3623 frames=  37692416 flags=0x04 lost=0
2026-09-04T18:12:47.173+00:00 seq=16164 state=QUIET  energy=    1197 frames=  37692672 flags=0x04 lost=0
2026-09-04T18:12:47.173+00:00 seq=16165 state=QUIET  energy=    2219 frames=  37692928 flags=0x04 lost=0
2026-09-04T18:12:47.173+00:00 seq=16166 state=QUIET  energy=    2824 frames=  37693184 flags=0x04 lost=0
2026-09-04T18:12:47.173+00:00 seq=16167 state=QUIET  energy=    2000 frames=  37693440 flags=0x04 lost=0
2026-09-04T18:12:47.174+00:00 seq=16168 state=QUIET  energy=    2987 frames=  37693696 flags=0x04 lost=0
2026-09-04T18:12:47.174+00:00 seq=16169 state=QUIET  energy=    3981 frames=  37693952 flags=0x04 lost=0
2026-09-04T18:12:47.269+00:00 seq=16170 state=QUIET  energy=    2198 frames=  37694208 flags=0x04 lost=0
2026-09-04T18:12:47.269+00:00 seq=16171 state=QUIET  energy=    1166 frames=  37694464 flags=0x04 lost=0
2026-09-04T18:12:47.269+00:00 seq=16172 state=QUIET  energy=    1796 frames=  37694720 flags=0x04 lost=0
2026-09-04T18:12:47.269+00:00 seq=16173 state=QUIET  energy=    1303 frames=  37694976 flags=0x04 lost=0
2026-09-04T18:12:47.269+00:00 seq=16174 state=QUIET  energy=    1150 frames=  37695232 flags=0x04 lost=0
2026-09-04T18:12:47.269+00:00 seq=16175 state=QUIET  energy=    1421 frames=  37695488 flags=0x04 lost=0
2026-09-04T18:12:47.270+00:00 seq=16176 state=QUIET  energy=    1282 frames=  37695744 flags=0x04 lost=0
2026-09-04T18:12:47.270+00:00 seq=16177 state=QUIET  energy=    1302 frames=  37696000 flags=0x04 lost=0
2026-09-04T18:12:47.270+00:00 seq=16178 state=QUIET  energy=    1547 frames=  37696256 flags=0x04 lost=0
2026-09-04T18:12:47.270+00:00 seq=16179 state=QUIET  energy=    2534 frames=  37696512 flags=0x04 lost=0
2026-09-04T18:12:47.270+00:00 seq=16180 state=QUIET  energy=    2509 frames=  37696768 flags=0x04 lost=0
2026-09-04T18:12:47.270+00:00 seq=16181 state=QUIET  energy=    2970 frames=  37697024 flags=0x04 lost=0
2026-09-04T18:12:47.270+00:00 seq=16182 state=QUIET  energy=    3775 frames=  37697280 flags=0x04 lost=0
2026-09-04T18:12:47.270+00:00 seq=16183 state=QUIET  energy=    4955 frames=  37697536 flags=0x04 lost=0
2026-09-04T18:12:47.271+00:00 seq=16184 state=QUIET  energy=    5292 frames=  37697792 flags=0x04 lost=0
2026-09-04T18:12:47.271+00:00 seq=16185 state=QUIET  energy=    5761 frames=  37698048 flags=0x04 lost=0
2026-09-04T18:12:47.366+00:00 seq=16186 state=QUIET  energy=    6343 frames=  37698304 flags=0x04 lost=0
2026-09-04T18:12:47.366+00:00 seq=16187 state=QUIET  energy=    4022 frames=  37698560 flags=0x04 lost=0
2026-09-04T18:12:47.366+00:00 seq=16188 state=QUIET  energy=    4273 frames=  37698816 flags=0x04 lost=0
2026-09-04T18:12:47.366+00:00 seq=16189 state=QUIET  energy=    3573 frames=  37699072 flags=0x04 lost=0
2026-09-04T18:12:47.367+00:00 seq=16190 state=QUIET  energy=    4169 frames=  37699328 flags=0x04 lost=0
2026-09-04T18:12:47.367+00:00 seq=16191 state=QUIET  energy=    2905 frames=  37699584 flags=0x04 lost=0
2026-09-04T18:12:47.367+00:00 seq=16192 state=QUIET  energy=    2043 frames=  37699840 flags=0x04 lost=0
2026-09-04T18:12:47.367+00:00 seq=16193 state=QUIET  energy=    1619 frames=  37700096 flags=0x04 lost=0
2026-09-04T18:12:47.367+00:00 seq=16194 state=QUIET  energy=    1426 frames=  37700352 flags=0x04 lost=0
2026-09-04T18:12:47.367+00:00 seq=16195 state=QUIET  energy=     993 frames=  37700608 flags=0x04 lost=0
2026-09-04T18:12:47.367+00:00 seq=16196 state=QUIET  energy=    2426 frames=  37700864 flags=0x04 lost=0
2026-09-04T18:12:47.367+00:00 seq=16197 state=QUIET  energy=    3903 frames=  37701120 flags=0x04 lost=0
2026-09-04T18:12:47.367+00:00 seq=16198 state=QUIET  energy=    3956 frames=  37701376 flags=0x04 lost=0
2026-09-04T18:12:47.368+00:00 seq=16199 state=QUIET  energy=    3730 frames=  37701632 flags=0x04 lost=0
2026-09-04T18:12:47.368+00:00 seq=16200 state=QUIET  energy=    3982 frames=  37701888 flags=0x04 lost=0
2026-09-04T18:12:47.368+00:00 seq=16201 state=QUIET  energy=    3248 frames=  37702144 flags=0x04 lost=0
2026-09-04T18:12:47.463+00:00 seq=16202 state=QUIET  energy=    3176 frames=  37702400 flags=0x04 lost=0
2026-09-04T18:12:47.463+00:00 seq=16203 state=QUIET  energy=    3759 frames=  37702656 flags=0x04 lost=0
2026-09-04T18:12:47.464+00:00 seq=16204 state=QUIET  energy=    2863 frames=  37702912 flags=0x04 lost=0
2026-09-04T18:12:47.464+00:00 seq=16205 state=QUIET  energy=    1986 frames=  37703168 flags=0x04 lost=0
2026-09-04T18:12:47.464+00:00 seq=16206 state=QUIET  energy=    1458 frames=  37703424 flags=0x04 lost=0
2026-09-04T18:12:47.464+00:00 seq=16207 state=QUIET  energy=    1917 frames=  37703680 flags=0x04 lost=0
2026-09-04T18:12:47.464+00:00 seq=16208 state=QUIET  energy=    1958 frames=  37703936 flags=0x04 lost=0
2026-09-04T18:12:47.464+00:00 seq=16209 state=QUIET  energy=    2143 frames=  37704192 flags=0x04 lost=0
2026-09-04T18:12:47.464+00:00 seq=16210 state=QUIET  energy=    1193 frames=  37704448 flags=0x04 lost=0
2026-09-04T18:12:47.464+00:00 seq=16211 state=QUIET  energy=    2539 frames=  37704704 flags=0x04 lost=0
2026-09-04T18:12:47.464+00:00 seq=16212 state=QUIET  energy=    2566 frames=  37704960 flags=0x04 lost=0
2026-09-04T18:12:47.465+00:00 seq=16213 state=QUIET  energy=    1540 frames=  37705216 flags=0x04 lost=0
2026-09-04T18:12:47.465+00:00 seq=16214 state=QUIET  energy=    1079 frames=  37705472 flags=0x04 lost=0
2026-09-04T18:12:47.465+00:00 seq=16215 state=QUIET  energy=    1886 frames=  37705728 flags=0x04 lost=0
2026-09-04T18:12:47.465+00:00 seq=16216 state=QUIET  energy=    2515 frames=  37705984 flags=0x04 lost=0
2026-09-04T18:12:47.465+00:00 seq=16217 state=QUIET  energy=    3714 frames=  37706240 flags=0x04 lost=0
2026-09-04T18:12:47.560+00:00 seq=16218 state=QUIET  energy=    2686 frames=  37706496 flags=0x04 lost=0
2026-09-04T18:12:47.560+00:00 seq=16219 state=QUIET  energy=    1939 frames=  37706752 flags=0x04 lost=0
2026-09-04T18:12:47.560+00:00 seq=16220 state=QUIET  energy=    1357 frames=  37707008 flags=0x04 lost=0
2026-09-04T18:12:47.561+00:00 seq=16221 state=QUIET  energy=    1239 frames=  37707264 flags=0x04 lost=0
2026-09-04T18:12:47.561+00:00 seq=16222 state=QUIET  energy=    1470 frames=  37707520 flags=0x04 lost=0
2026-09-04T18:12:47.561+00:00 seq=16223 state=QUIET  energy=    2899 frames=  37707776 flags=0x04 lost=0
2026-09-04T18:12:47.561+00:00 seq=16224 state=QUIET  energy=    3194 frames=  37708032 flags=0x04 lost=0
2026-09-04T18:12:47.561+00:00 seq=16225 state=QUIET  energy=    5656 frames=  37708288 flags=0x04 lost=0
2026-09-04T18:12:47.561+00:00 seq=16226 state=QUIET  energy=    4703 frames=  37708544 flags=0x04 lost=0
2026-09-04T18:12:47.561+00:00 seq=16227 state=QUIET  energy=    4528 frames=  37708800 flags=0x04 lost=0
2026-09-04T18:12:47.561+00:00 seq=16228 state=QUIET  energy=    4156 frames=  37709056 flags=0x04 lost=0
2026-09-04T18:12:47.562+00:00 seq=16229 state=QUIET  energy=    2344 frames=  37709312 flags=0x04 lost=0
2026-09-04T18:12:47.562+00:00 seq=16230 state=QUIET  energy=    2449 frames=  37709568 flags=0x04 lost=0
2026-09-04T18:12:47.562+00:00 seq=16231 state=QUIET  energy=    1251 frames=  37709824 flags=0x04 lost=0
2026-09-04T18:12:47.562+00:00 seq=16232 state=QUIET  energy=    3286 frames=  37710080 flags=0x04 lost=0
2026-09-04T18:12:47.562+00:00 seq=16233 state=QUIET  energy=    3471 frames=  37710336 flags=0x04 lost=0
2026-09-04T18:12:47.657+00:00 seq=16234 state=QUIET  energy=    2911 frames=  37710592 flags=0x04 lost=0
2026-09-04T18:12:47.657+00:00 seq=16235 state=QUIET  energy=    1432 frames=  37710848 flags=0x04 lost=0
2026-09-04T18:12:47.658+00:00 seq=16236 state=QUIET  energy=    1582 frames=  37711104 flags=0x04 lost=0
2026-09-04T18:12:47.658+00:00 seq=16237 state=QUIET  energy=    2095 frames=  37711360 flags=0x04 lost=0
2026-09-04T18:12:47.658+00:00 seq=16238 state=QUIET  energy=    1445 frames=  37711616 flags=0x04 lost=0
2026-09-04T18:12:47.658+00:00 seq=16239 state=QUIET  energy=    1340 frames=  37711872 flags=0x04 lost=0
2026-09-04T18:12:47.658+00:00 seq=16240 state=QUIET  energy=    1998 frames=  37712128 flags=0x04 lost=0
2026-09-04T18:12:47.658+00:00 seq=16241 state=QUIET  energy=    2448 frames=  37712384 flags=0x04 lost=0
2026-09-04T18:12:47.658+00:00 seq=16242 state=QUIET  energy=    3702 frames=  37712640 flags=0x04 lost=0
2026-09-04T18:12:47.658+00:00 seq=16243 state=QUIET  energy=    2927 frames=  37712896 flags=0x04 lost=0
2026-09-04T18:12:47.659+00:00 seq=16244 state=QUIET  energy=    3393 frames=  37713152 flags=0x04 lost=0
2026-09-04T18:12:47.659+00:00 seq=16245 state=QUIET  energy=    5197 frames=  37713408 flags=0x04 lost=0
2026-09-04T18:12:47.659+00:00 seq=16246 state=QUIET  energy=    6406 frames=  37713664 flags=0x04 lost=0
2026-09-04T18:12:47.659+00:00 seq=16247 state=QUIET  energy=    5506 frames=  37713920 flags=0x04 lost=0
2026-09-04T18:12:47.659+00:00 seq=16248 state=QUIET  energy=    5474 frames=  37714176 flags=0x04 lost=0
2026-09-04T18:12:47.659+00:00 seq=16249 state=QUIET  energy=    4212 frames=  37714432 flags=0x04 lost=0
2026-09-04T18:12:47.754+00:00 seq=16250 state=QUIET  energy=    6081 frames=  37714688 flags=0x04 lost=0
2026-09-04T18:12:47.755+00:00 seq=16251 state=QUIET  energy=    6162 frames=  37714944 flags=0x04 lost=0
2026-09-04T18:12:47.755+00:00 seq=16252 state=QUIET  energy=    6253 frames=  37715200 flags=0x04 lost=0
2026-09-04T18:12:47.755+00:00 seq=16253 state=QUIET  energy=    5434 frames=  37715456 flags=0x04 lost=0
2026-09-04T18:12:47.755+00:00 seq=16254 state=QUIET  energy=    5828 frames=  37715712 flags=0x04 lost=0
2026-09-04T18:12:47.755+00:00 seq=16255 state=QUIET  energy=    6014 frames=  37715968 flags=0x04 lost=0
2026-09-04T18:12:47.755+00:00 seq=16256 state=QUIET  energy=    4350 frames=  37716224 flags=0x04 lost=0
2026-09-04T18:12:47.755+00:00 seq=16257 state=QUIET  energy=    4009 frames=  37716480 flags=0x04 lost=0
2026-09-04T18:12:47.755+00:00 seq=16258 state=QUIET  energy=    4789 frames=  37716736 flags=0x04 lost=0
2026-09-04T18:12:47.755+00:00 seq=16259 state=QUIET  energy=    4424 frames=  37716992 flags=0x04 lost=0
2026-09-04T18:12:47.756+00:00 seq=16260 state=QUIET  energy=    4585 frames=  37717248 flags=0x04 lost=0
2026-09-04T18:12:47.756+00:00 seq=16261 state=QUIET  energy=    5253 frames=  37717504 flags=0x04 lost=0
2026-09-04T18:12:47.756+00:00 seq=16262 state=QUIET  energy=    4525 frames=  37717760 flags=0x04 lost=0
2026-09-04T18:12:47.756+00:00 seq=16263 state=QUIET  energy=    4445 frames=  37718016 flags=0x04 lost=0
2026-09-04T18:12:47.756+00:00 seq=16264 state=QUIET  energy=    3199 frames=  37718272 flags=0x04 lost=0
2026-09-04T18:12:47.756+00:00 seq=16265 state=QUIET  energy=    3659 frames=  37718528 flags=0x04 lost=0
2026-09-04T18:12:47.851+00:00 seq=16266 state=QUIET  energy=    3002 frames=  37718784 flags=0x04 lost=0
2026-09-04T18:12:47.852+00:00 seq=16267 state=QUIET  energy=    3646 frames=  37719040 flags=0x04 lost=0
2026-09-04T18:12:47.852+00:00 seq=16268 state=QUIET  energy=    6568 frames=  37719296 flags=0x04 lost=0
2026-09-04T18:12:47.852+00:00 seq=16269 state=QUIET  energy=    7084 frames=  37719552 flags=0x04 lost=0
2026-09-04T18:12:47.852+00:00 seq=16270 state=QUIET  energy=    5926 frames=  37719808 flags=0x04 lost=0
2026-09-04T18:12:47.852+00:00 seq=16271 state=QUIET  energy=    4647 frames=  37720064 flags=0x04 lost=0
2026-09-04T18:12:47.852+00:00 seq=16272 state=QUIET  energy=    2753 frames=  37720320 flags=0x04 lost=0
2026-09-04T18:12:47.852+00:00 seq=16273 state=QUIET  energy=    2106 frames=  37720576 flags=0x04 lost=0
2026-09-04T18:12:47.852+00:00 seq=16274 state=QUIET  energy=    4072 frames=  37720832 flags=0x04 lost=0
2026-09-04T18:12:47.853+00:00 seq=16275 state=QUIET  energy=    5459 frames=  37721088 flags=0x04 lost=0
2026-09-04T18:12:47.853+00:00 seq=16276 state=QUIET  energy=    6597 frames=  37721344 flags=0x04 lost=0
2026-09-04T18:12:47.853+00:00 seq=16277 state=QUIET  energy=    4099 frames=  37721600 flags=0x04 lost=0
2026-09-04T18:12:47.853+00:00 seq=16278 state=QUIET  energy=    2910 frames=  37721856 flags=0x04 lost=0
2026-09-04T18:12:47.853+00:00 seq=16279 state=QUIET  energy=    3405 frames=  37722112 flags=0x04 lost=0
2026-09-04T18:12:47.853+00:00 seq=16280 state=QUIET  energy=    3543 frames=  37722368 flags=0x04 lost=0
2026-09-04T18:12:47.853+00:00 seq=16281 state=QUIET  energy=    5497 frames=  37722624 flags=0x04 lost=0
2026-09-04T18:12:47.948+00:00 seq=16282 state=QUIET  energy=    5005 frames=  37722880 flags=0x04 lost=0
2026-09-04T18:12:47.949+00:00 seq=16283 state=QUIET  energy=    4092 frames=  37723136 flags=0x04 lost=0
2026-09-04T18:12:47.949+00:00 seq=16284 state=QUIET  energy=    2249 frames=  37723392 flags=0x04 lost=0
2026-09-04T18:12:47.949+00:00 seq=16285 state=QUIET  energy=    1841 frames=  37723648 flags=0x04 lost=0
2026-09-04T18:12:47.949+00:00 seq=16286 state=QUIET  energy=    3829 frames=  37723904 flags=0x04 lost=0
2026-09-04T18:12:47.949+00:00 seq=16287 state=QUIET  energy=    3652 frames=  37724160 flags=0x04 lost=0
2026-09-04T18:12:47.949+00:00 seq=16288 state=QUIET  energy=    3854 frames=  37724416 flags=0x04 lost=0
2026-09-04T18:12:47.949+00:00 seq=16289 state=QUIET  energy=    4527 frames=  37724672 flags=0x04 lost=0
2026-09-04T18:12:47.949+00:00 seq=16290 state=QUIET  energy=    4035 frames=  37724928 flags=0x04 lost=0
2026-09-04T18:12:47.950+00:00 seq=16291 state=QUIET  energy=    4574 frames=  37725184 flags=0x04 lost=0
2026-09-04T18:12:47.950+00:00 seq=16292 state=QUIET  energy=    3202 frames=  37725440 flags=0x04 lost=0
2026-09-04T18:12:47.950+00:00 seq=16293 state=QUIET  energy=    2475 frames=  37725696 flags=0x04 lost=0
2026-09-04T18:12:47.950+00:00 seq=16294 state=QUIET  energy=    2143 frames=  37725952 flags=0x04 lost=0
2026-09-04T18:12:47.950+00:00 seq=16295 state=QUIET  energy=    2655 frames=  37726208 flags=0x04 lost=0
2026-09-04T18:12:47.950+00:00 seq=16296 state=QUIET  energy=    1973 frames=  37726464 flags=0x04 lost=0
2026-09-04T18:12:47.950+00:00 seq=16297 state=QUIET  energy=    2111 frames=  37726720 flags=0x04 lost=0
2026-09-04T18:12:48.046+00:00 seq=16298 state=QUIET  energy=    1592 frames=  37726976 flags=0x04 lost=0
2026-09-04T18:12:48.046+00:00 seq=16299 state=QUIET  energy=    2075 frames=  37727232 flags=0x04 lost=0
2026-09-04T18:12:48.046+00:00 seq=16300 state=QUIET  energy=    1981 frames=  37727488 flags=0x04 lost=0
2026-09-04T18:12:48.046+00:00 seq=16301 state=QUIET  energy=    1417 frames=  37727744 flags=0x04 lost=0
2026-09-04T18:12:48.046+00:00 seq=16302 state=QUIET  energy=     997 frames=  37728000 flags=0x04 lost=0
2026-09-04T18:12:48.046+00:00 seq=16303 state=QUIET  energy=    1933 frames=  37728256 flags=0x04 lost=0
2026-09-04T18:12:48.046+00:00 seq=16304 state=QUIET  energy=    5362 frames=  37728512 flags=0x04 lost=0
2026-09-04T18:12:48.047+00:00 seq=16305 state=QUIET  energy=    6211 frames=  37728768 flags=0x04 lost=0
2026-09-04T18:12:48.047+00:00 seq=16306 state=QUIET  energy=    5907 frames=  37729024 flags=0x04 lost=0
2026-09-04T18:12:48.047+00:00 seq=16307 state=QUIET  energy=    7594 frames=  37729280 flags=0x04 lost=0
2026-09-04T18:12:48.047+00:00 seq=16308 state=QUIET  energy=    9881 frames=  37729536 flags=0x04 lost=0
2026-09-04T18:12:48.047+00:00 seq=16309 state=QUIET  energy=    8929 frames=  37729792 flags=0x04 lost=0
2026-09-04T18:12:48.047+00:00 seq=16310 state=QUIET  energy=    8185 frames=  37730048 flags=0x04 lost=0
2026-09-04T18:12:48.047+00:00 seq=16311 state=QUIET  energy=    8848 frames=  37730304 flags=0x04 lost=0
2026-09-04T18:12:48.047+00:00 seq=16312 state=QUIET  energy=    8478 frames=  37730560 flags=0x04 lost=0
2026-09-04T18:12:48.047+00:00 seq=16313 state=QUIET  energy=    7641 frames=  37730816 flags=0x04 lost=0
2026-09-04T18:12:48.143+00:00 seq=16314 state=QUIET  energy=    6499 frames=  37731072 flags=0x04 lost=0
2026-09-04T18:12:48.143+00:00 seq=16315 state=QUIET  energy=    7610 frames=  37731328 flags=0x04 lost=0
2026-09-04T18:12:48.143+00:00 seq=16316 state=QUIET  energy=    8902 frames=  37731584 flags=0x04 lost=0
2026-09-04T18:12:48.143+00:00 seq=16317 state=QUIET  energy=    8381 frames=  37731840 flags=0x04 lost=0
2026-09-04T18:12:48.143+00:00 seq=16318 state=QUIET  energy=    9940 frames=  37732096 flags=0x04 lost=0
2026-09-04T18:12:48.143+00:00 seq=16319 state=QUIET  energy=   10154 frames=  37732352 flags=0x04 lost=0
2026-09-04T18:12:48.143+00:00 seq=16320 state=QUIET  energy=   12191 frames=  37732608 flags=0x04 lost=0
2026-09-04T18:12:48.144+00:00 seq=16321 state=QUIET  energy=    9971 frames=  37732864 flags=0x04 lost=0
2026-09-04T18:12:48.144+00:00 seq=16322 state=QUIET  energy=    8988 frames=  37733120 flags=0x04 lost=0
2026-09-04T18:12:48.144+00:00 seq=16323 state=QUIET  energy=    8007 frames=  37733376 flags=0x04 lost=0
2026-09-04T18:12:48.144+00:00 seq=16324 state=QUIET  energy=    8688 frames=  37733632 flags=0x04 lost=0
2026-09-04T18:12:48.144+00:00 seq=16325 state=QUIET  energy=    8833 frames=  37733888 flags=0x04 lost=0
2026-09-04T18:12:48.144+00:00 seq=16326 state=QUIET  energy=   11811 frames=  37734144 flags=0x04 lost=0
2026-09-04T18:12:48.144+00:00 seq=16327 state=QUIET  energy=   10240 frames=  37734400 flags=0x04 lost=0
2026-09-04T18:12:48.144+00:00 seq=16328 state=QUIET  energy=   13374 frames=  37734656 flags=0x04 lost=0
2026-09-04T18:12:48.145+00:00 seq=16329 state=QUIET  energy=   17851 frames=  37734912 flags=0x04 lost=0
2026-09-04T18:12:48.240+00:00 seq=16330 state=QUIET  energy=   20612 frames=  37735168 flags=0x04 lost=0
2026-09-04T18:12:48.240+00:00 seq=16331 state=QUIET  energy=   21786 frames=  37735424 flags=0x04 lost=0
2026-09-04T18:12:48.240+00:00 seq=16332 state=QUIET  energy=   19648 frames=  37735680 flags=0x04 lost=0
2026-09-04T18:12:48.240+00:00 seq=16333 state=QUIET  energy=   16564 frames=  37735936 flags=0x04 lost=0
2026-09-04T18:12:48.240+00:00 seq=16334 state=QUIET  energy=   15964 frames=  37736192 flags=0x04 lost=0
2026-09-04T18:12:48.241+00:00 seq=16335 state=QUIET  energy=   14625 frames=  37736448 flags=0x04 lost=0
2026-09-04T18:12:48.241+00:00 seq=16336 state=QUIET  energy=   11542 frames=  37736704 flags=0x04 lost=0
2026-09-04T18:12:48.241+00:00 seq=16337 state=QUIET  energy=   10356 frames=  37736960 flags=0x04 lost=0
2026-09-04T18:12:48.241+00:00 seq=16338 state=QUIET  energy=   11553 frames=  37737216 flags=0x04 lost=0
2026-09-04T18:12:48.241+00:00 seq=16339 state=QUIET  energy=   11798 frames=  37737472 flags=0x04 lost=0
2026-09-04T18:12:48.241+00:00 seq=16340 state=QUIET  energy=   10286 frames=  37737728 flags=0x04 lost=0
2026-09-04T18:12:48.241+00:00 seq=16341 state=QUIET  energy=    8632 frames=  37737984 flags=0x04 lost=0
2026-09-04T18:12:48.241+00:00 seq=16342 state=QUIET  energy=    4884 frames=  37738240 flags=0x04 lost=0
2026-09-04T18:12:48.241+00:00 seq=16343 state=QUIET  energy=    3543 frames=  37738496 flags=0x04 lost=0
2026-09-04T18:12:48.242+00:00 seq=16344 state=QUIET  energy=    5297 frames=  37738752 flags=0x04 lost=0
2026-09-04T18:12:48.242+00:00 seq=16345 state=QUIET  energy=    7023 frames=  37739008 flags=0x04 lost=0
2026-09-04T18:12:48.337+00:00 seq=16346 state=QUIET  energy=    8258 frames=  37739264 flags=0x04 lost=0
2026-09-04T18:12:48.337+00:00 seq=16347 state=QUIET  energy=    8372 frames=  37739520 flags=0x04 lost=0
2026-09-04T18:12:48.337+00:00 seq=16348 state=QUIET  energy=    6700 frames=  37739776 flags=0x04 lost=0
2026-09-04T18:12:48.337+00:00 seq=16349 state=QUIET  energy=    8367 frames=  37740032 flags=0x04 lost=0
2026-09-04T18:12:48.337+00:00 seq=16350 state=QUIET  energy=    7338 frames=  37740288 flags=0x04 lost=0
2026-09-04T18:12:48.338+00:00 seq=16351 state=QUIET  energy=    5790 frames=  37740544 flags=0x04 lost=0
2026-09-04T18:12:48.338+00:00 seq=16352 state=QUIET  energy=    6531 frames=  37740800 flags=0x04 lost=0
2026-09-04T18:12:48.338+00:00 seq=16353 state=QUIET  energy=    8453 frames=  37741056 flags=0x04 lost=0
2026-09-04T18:12:48.338+00:00 seq=16354 state=QUIET  energy=    8495 frames=  37741312 flags=0x04 lost=0
2026-09-04T18:12:48.338+00:00 seq=16355 state=QUIET  energy=    6923 frames=  37741568 flags=0x04 lost=0
2026-09-04T18:12:48.338+00:00 seq=16356 state=QUIET  energy=    6320 frames=  37741824 flags=0x04 lost=0
2026-09-04T18:12:48.338+00:00 seq=16357 state=QUIET  energy=    5823 frames=  37742080 flags=0x04 lost=0
2026-09-04T18:12:48.338+00:00 seq=16358 state=QUIET  energy=    6101 frames=  37742336 flags=0x04 lost=0
2026-09-04T18:12:48.339+00:00 seq=16359 state=QUIET  energy=    5628 frames=  37742592 flags=0x04 lost=0
2026-09-04T18:12:48.339+00:00 seq=16360 state=QUIET  energy=    6239 frames=  37742848 flags=0x04 lost=0
2026-09-04T18:12:48.339+00:00 seq=16361 state=QUIET  energy=    6325 frames=  37743104 flags=0x04 lost=0
2026-09-04T18:12:48.434+00:00 seq=16362 state=QUIET  energy=    5435 frames=  37743360 flags=0x04 lost=0
2026-09-04T18:12:48.434+00:00 seq=16363 state=QUIET  energy=    5621 frames=  37743616 flags=0x04 lost=0
2026-09-04T18:12:48.434+00:00 seq=16364 state=QUIET  energy=    5196 frames=  37743872 flags=0x04 lost=0
2026-09-04T18:12:48.434+00:00 seq=16365 state=QUIET  energy=    2814 frames=  37744128 flags=0x04 lost=0
2026-09-04T18:12:48.435+00:00 seq=16366 state=QUIET  energy=    1453 frames=  37744384 flags=0x04 lost=0
2026-09-04T18:12:48.435+00:00 seq=16367 state=QUIET  energy=    2349 frames=  37744640 flags=0x04 lost=0
2026-09-04T18:12:48.435+00:00 seq=16368 state=QUIET  energy=    3716 frames=  37744896 flags=0x04 lost=0
2026-09-04T18:12:48.435+00:00 seq=16369 state=QUIET  energy=    3479 frames=  37745152 flags=0x04 lost=0
2026-09-04T18:12:48.435+00:00 seq=16370 state=QUIET  energy=    3788 frames=  37745408 flags=0x04 lost=0
2026-09-04T18:12:48.435+00:00 seq=16371 state=QUIET  energy=    3455 frames=  37745664 flags=0x04 lost=0
2026-09-04T18:12:48.435+00:00 seq=16372 state=QUIET  energy=    2520 frames=  37745920 flags=0x04 lost=0
2026-09-04T18:12:48.435+00:00 seq=16373 state=QUIET  energy=    2525 frames=  37746176 flags=0x04 lost=0
2026-09-04T18:12:48.435+00:00 seq=16374 state=QUIET  energy=    1608 frames=  37746432 flags=0x04 lost=0
2026-09-04T18:12:48.436+00:00 seq=16375 state=QUIET  energy=     982 frames=  37746688 flags=0x04 lost=0
2026-09-04T18:12:48.436+00:00 seq=16376 state=QUIET  energy=    2161 frames=  37746944 flags=0x04 lost=0
2026-09-04T18:12:48.436+00:00 seq=16377 state=QUIET  energy=    4032 frames=  37747200 flags=0x04 lost=0
2026-09-04T18:12:48.531+00:00 seq=16378 state=QUIET  energy=    3783 frames=  37747456 flags=0x04 lost=0
2026-09-04T18:12:48.531+00:00 seq=16379 state=QUIET  energy=    3899 frames=  37747712 flags=0x04 lost=0
2026-09-04T18:12:48.531+00:00 seq=16380 state=QUIET  energy=    3216 frames=  37747968 flags=0x04 lost=0
2026-09-04T18:12:48.532+00:00 seq=16381 state=QUIET  energy=    2434 frames=  37748224 flags=0x04 lost=0
2026-09-04T18:12:48.532+00:00 seq=16382 state=QUIET  energy=    2770 frames=  37748480 flags=0x04 lost=0
2026-09-04T18:12:48.532+00:00 seq=16383 state=QUIET  energy=    6528 frames=  37748736 flags=0x04 lost=0
2026-09-04T18:12:48.532+00:00 seq=16384 state=QUIET  energy=    4853 frames=  37748992 flags=0x04 lost=0
2026-09-04T18:12:48.532+00:00 seq=16385 state=QUIET  energy=    2800 frames=  37749248 flags=0x04 lost=0
2026-09-04T18:12:48.532+00:00 seq=16386 state=QUIET  energy=    2528 frames=  37749504 flags=0x04 lost=0
2026-09-04T18:12:48.532+00:00 seq=16387 state=QUIET  energy=    3517 frames=  37749760 flags=0x04 lost=0
2026-09-04T18:12:48.532+00:00 seq=16388 state=QUIET  energy=    2541 frames=  37750016 flags=0x04 lost=0
2026-09-04T18:12:48.532+00:00 seq=16389 state=QUIET  energy=    1706 frames=  37750272 flags=0x04 lost=0
2026-09-04T18:12:48.533+00:00 seq=16390 state=QUIET  energy=    1358 frames=  37750528 flags=0x04 lost=0
2026-09-04T18:12:48.533+00:00 seq=16391 state=QUIET  energy=    3756 frames=  37750784 flags=0x04 lost=0
2026-09-04T18:12:48.533+00:00 seq=16392 state=QUIET  energy=    3769 frames=  37751040 flags=0x04 lost=0
2026-09-04T18:12:48.533+00:00 seq=16393 state=QUIET  energy=    4169 frames=  37751296 flags=0x04 lost=0
2026-09-04T18:12:48.628+00:00 seq=16394 state=QUIET  energy=    4661 frames=  37751552 flags=0x04 lost=0
2026-09-04T18:12:48.628+00:00 seq=16395 state=QUIET  energy=    4112 frames=  37751808 flags=0x04 lost=0
2026-09-04T18:12:48.628+00:00 seq=16396 state=QUIET  energy=    3787 frames=  37752064 flags=0x04 lost=0
2026-09-04T18:12:48.629+00:00 seq=16397 state=QUIET  energy=    3884 frames=  37752320 flags=0x04 lost=0
2026-09-04T18:12:48.629+00:00 seq=16398 state=QUIET  energy=   10374 frames=  37752576 flags=0x04 lost=0
2026-09-04T18:12:48.629+00:00 seq=16399 state=QUIET  energy=   16841 frames=  37752832 flags=0x04 lost=0
2026-09-04T18:12:48.629+00:00 seq=16400 state=QUIET  energy=   17718 frames=  37753088 flags=0x04 lost=0
2026-09-04T18:12:48.629+00:00 seq=16401 state=QUIET  energy=   17171 frames=  37753344 flags=0x04 lost=0
2026-09-04T18:12:48.629+00:00 seq=16402 state=QUIET  energy=   14100 frames=  37753600 flags=0x04 lost=0
2026-09-04T18:12:48.629+00:00 seq=16403 state=QUIET  energy=   12939 frames=  37753856 flags=0x04 lost=0
2026-09-04T18:12:48.629+00:00 seq=16404 state=QUIET  energy=   10891 frames=  37754112 flags=0x04 lost=0
2026-09-04T18:12:48.630+00:00 seq=16405 state=QUIET  energy=   11559 frames=  37754368 flags=0x04 lost=0
2026-09-04T18:12:48.630+00:00 seq=16406 state=QUIET  energy=   11487 frames=  37754624 flags=0x04 lost=0
2026-09-04T18:12:48.630+00:00 seq=16407 state=QUIET  energy=   12411 frames=  37754880 flags=0x04 lost=0
2026-09-04T18:12:48.630+00:00 seq=16408 state=QUIET  energy=   12022 frames=  37755136 flags=0x04 lost=0
2026-09-04T18:12:48.630+00:00 seq=16409 state=QUIET  energy=   10942 frames=  37755392 flags=0x04 lost=0
2026-09-04T18:12:48.725+00:00 seq=16410 state=QUIET  energy=    8252 frames=  37755648 flags=0x04 lost=0
2026-09-04T18:12:48.725+00:00 seq=16411 state=QUIET  energy=    5497 frames=  37755904 flags=0x04 lost=0
2026-09-04T18:12:48.725+00:00 seq=16412 state=QUIET  energy=    5515 frames=  37756160 flags=0x04 lost=0
2026-09-04T18:12:48.726+00:00 seq=16413 state=QUIET  energy=    7008 frames=  37756416 flags=0x04 lost=0
2026-09-04T18:12:48.726+00:00 seq=16414 state=QUIET  energy=    7459 frames=  37756672 flags=0x04 lost=0
2026-09-04T18:12:48.726+00:00 seq=16415 state=QUIET  energy=    7340 frames=  37756928 flags=0x04 lost=0
2026-09-04T18:12:48.726+00:00 seq=16416 state=QUIET  energy=    6658 frames=  37757184 flags=0x04 lost=0
2026-09-04T18:12:48.726+00:00 seq=16417 state=QUIET  energy=    6897 frames=  37757440 flags=0x04 lost=0
2026-09-04T18:12:48.726+00:00 seq=16418 state=QUIET  energy=    6808 frames=  37757696 flags=0x04 lost=0
2026-09-04T18:12:48.726+00:00 seq=16419 state=QUIET  energy=    4335 frames=  37757952 flags=0x04 lost=0
2026-09-04T18:12:48.727+00:00 seq=16420 state=QUIET  energy=    4361 frames=  37758208 flags=0x04 lost=0
2026-09-04T18:12:48.727+00:00 seq=16421 state=QUIET  energy=    4133 frames=  37758464 flags=0x04 lost=0
2026-09-04T18:12:48.727+00:00 seq=16422 state=QUIET  energy=    3890 frames=  37758720 flags=0x04 lost=0
2026-09-04T18:12:48.727+00:00 seq=16423 state=QUIET  energy=    3991 frames=  37758976 flags=0x04 lost=0
2026-09-04T18:12:48.727+00:00 seq=16424 state=QUIET  energy=    1349 frames=  37759232 flags=0x04 lost=0
2026-09-04T18:12:48.727+00:00 seq=16425 state=QUIET  energy=    2431 frames=  37759488 flags=0x04 lost=0
2026-09-04T18:12:48.822+00:00 seq=16426 state=QUIET  energy=    1994 frames=  37759744 flags=0x04 lost=0
2026-09-04T18:12:48.822+00:00 seq=16427 state=QUIET  energy=    1214 frames=  37760000 flags=0x04 lost=0
2026-09-04T18:12:48.823+00:00 seq=16428 state=QUIET  energy=    1043 frames=  37760256 flags=0x04 lost=0
2026-09-04T18:12:48.823+00:00 seq=16429 state=QUIET  energy=    1169 frames=  37760512 flags=0x04 lost=0
2026-09-04T18:12:48.823+00:00 seq=16430 state=QUIET  energy=    1097 frames=  37760768 flags=0x04 lost=0
2026-09-04T18:12:48.823+00:00 seq=16431 state=QUIET  energy=    1774 frames=  37761024 flags=0x04 lost=0
2026-09-04T18:12:48.823+00:00 seq=16432 state=QUIET  energy=    2802 frames=  37761280 flags=0x04 lost=0
2026-09-04T18:12:48.823+00:00 seq=16433 state=QUIET  energy=    5022 frames=  37761536 flags=0x04 lost=0
2026-09-04T18:12:48.823+00:00 seq=16434 state=QUIET  energy=    5655 frames=  37761792 flags=0x04 lost=0
2026-09-04T18:12:48.823+00:00 seq=16435 state=QUIET  energy=    3972 frames=  37762048 flags=0x04 lost=0
2026-09-04T18:12:48.824+00:00 seq=16436 state=QUIET  energy=    2916 frames=  37762304 flags=0x04 lost=0
2026-09-04T18:12:48.824+00:00 seq=16437 state=QUIET  energy=    1508 frames=  37762560 flags=0x04 lost=0
2026-09-04T18:12:48.824+00:00 seq=16438 state=QUIET  energy=    1194 frames=  37762816 flags=0x04 lost=0
2026-09-04T18:12:48.824+00:00 seq=16439 state=QUIET  energy=    1538 frames=  37763072 flags=0x04 lost=0
2026-09-04T18:12:48.824+00:00 seq=16440 state=QUIET  energy=    1617 frames=  37763328 flags=0x04 lost=0
2026-09-04T18:12:48.824+00:00 seq=16441 state=QUIET  energy=    1421 frames=  37763584 flags=0x04 lost=0
2026-09-04T18:12:48.919+00:00 seq=16442 state=QUIET  energy=    1499 frames=  37763840 flags=0x04 lost=0
2026-09-04T18:12:48.920+00:00 seq=16443 state=QUIET  energy=    2289 frames=  37764096 flags=0x04 lost=0
2026-09-04T18:12:48.920+00:00 seq=16444 state=QUIET  energy=    3412 frames=  37764352 flags=0x04 lost=0
2026-09-04T18:12:48.920+00:00 seq=16445 state=QUIET  energy=    2470 frames=  37764608 flags=0x04 lost=0
2026-09-04T18:12:48.920+00:00 seq=16446 state=QUIET  energy=    1983 frames=  37764864 flags=0x04 lost=0
2026-09-04T18:12:48.920+00:00 seq=16447 state=QUIET  energy=    3113 frames=  37765120 flags=0x04 lost=0
2026-09-04T18:12:48.920+00:00 seq=16448 state=QUIET  energy=    7450 frames=  37765376 flags=0x04 lost=0
2026-09-04T18:12:48.920+00:00 seq=16449 state=QUIET  energy=   14855 frames=  37765632 flags=0x04 lost=0
2026-09-04T18:12:48.920+00:00 seq=16450 state=QUIET  energy=   19109 frames=  37765888 flags=0x04 lost=0
2026-09-04T18:12:48.921+00:00 seq=16451 state=QUIET  energy=   17704 frames=  37766144 flags=0x04 lost=0
2026-09-04T18:12:48.921+00:00 seq=16452 state=QUIET  energy=   15469 frames=  37766400 flags=0x04 lost=0
2026-09-04T18:12:48.921+00:00 seq=16453 state=QUIET  energy=   13222 frames=  37766656 flags=0x04 lost=0
2026-09-04T18:12:48.921+00:00 seq=16454 state=QUIET  energy=   12032 frames=  37766912 flags=0x04 lost=0
2026-09-04T18:12:48.921+00:00 seq=16455 state=QUIET  energy=   11985 frames=  37767168 flags=0x04 lost=0
2026-09-04T18:12:48.921+00:00 seq=16456 state=QUIET  energy=   10836 frames=  37767424 flags=0x04 lost=0
2026-09-04T18:12:48.921+00:00 seq=16457 state=QUIET  energy=    9733 frames=  37767680 flags=0x04 lost=0
2026-09-04T18:12:49.016+00:00 seq=16458 state=QUIET  energy=    6606 frames=  37767936 flags=0x04 lost=0
2026-09-04T18:12:49.017+00:00 seq=16459 state=QUIET  energy=    5104 frames=  37768192 flags=0x04 lost=0
2026-09-04T18:12:49.017+00:00 seq=16460 state=QUIET  energy=    1291 frames=  37768448 flags=0x04 lost=0
2026-09-04T18:12:49.017+00:00 seq=16461 state=QUIET  energy=    6503 frames=  37768704 flags=0x04 lost=0
2026-09-04T18:12:49.017+00:00 seq=16462 state=QUIET  energy=   12925 frames=  37768960 flags=0x04 lost=0
2026-09-04T18:12:49.017+00:00 seq=16463 state=QUIET  energy=   13380 frames=  37769216 flags=0x04 lost=0
2026-09-04T18:12:49.017+00:00 seq=16464 state=QUIET  energy=   13549 frames=  37769472 flags=0x04 lost=0
2026-09-04T18:12:49.017+00:00 seq=16465 state=QUIET  energy=   10895 frames=  37769728 flags=0x04 lost=0
2026-09-04T18:12:49.017+00:00 seq=16466 state=QUIET  energy=   11211 frames=  37769984 flags=0x04 lost=0
2026-09-04T18:12:49.018+00:00 seq=16467 state=QUIET  energy=    9499 frames=  37770240 flags=0x04 lost=0
2026-09-04T18:12:49.018+00:00 seq=16468 state=QUIET  energy=    7898 frames=  37770496 flags=0x04 lost=0
2026-09-04T18:12:49.018+00:00 seq=16469 state=QUIET  energy=    5441 frames=  37770752 flags=0x04 lost=0
2026-09-04T18:12:49.018+00:00 seq=16470 state=QUIET  energy=    5845 frames=  37771008 flags=0x04 lost=0
2026-09-04T18:12:49.018+00:00 seq=16471 state=QUIET  energy=    7718 frames=  37771264 flags=0x04 lost=0
2026-09-04T18:12:49.018+00:00 seq=16472 state=QUIET  energy=    4959 frames=  37771520 flags=0x04 lost=0
2026-09-04T18:12:49.018+00:00 seq=16473 state=QUIET  energy=    4595 frames=  37771776 flags=0x04 lost=0
2026-09-04T18:12:49.114+00:00 seq=16474 state=QUIET  energy=    2879 frames=  37772032 flags=0x04 lost=0
2026-09-04T18:12:49.114+00:00 seq=16475 state=QUIET  energy=    1638 frames=  37772288 flags=0x04 lost=0
2026-09-04T18:12:49.114+00:00 seq=16476 state=QUIET  energy=    3711 frames=  37772544 flags=0x04 lost=0
2026-09-04T18:12:49.114+00:00 seq=16477 state=QUIET  energy=    2608 frames=  37772800 flags=0x04 lost=0
2026-09-04T18:12:49.114+00:00 seq=16478 state=QUIET  energy=    1181 frames=  37773056 flags=0x04 lost=0
2026-09-04T18:12:49.114+00:00 seq=16479 state=QUIET  energy=    1206 frames=  37773312 flags=0x04 lost=0
2026-09-04T18:12:49.114+00:00 seq=16480 state=QUIET  energy=    2513 frames=  37773568 flags=0x04 lost=0
2026-09-04T18:12:49.115+00:00 seq=16481 state=QUIET  energy=    7070 frames=  37773824 flags=0x04 lost=0
2026-09-04T18:12:49.115+00:00 seq=16482 state=QUIET  energy=   14748 frames=  37774080 flags=0x04 lost=0
2026-09-04T18:12:49.115+00:00 seq=16483 state=QUIET  energy=   18127 frames=  37774336 flags=0x04 lost=0
2026-09-04T18:12:49.115+00:00 seq=16484 state=QUIET  energy=   16514 frames=  37774592 flags=0x04 lost=0
2026-09-04T18:12:49.115+00:00 seq=16485 state=QUIET  energy=   14936 frames=  37774848 flags=0x04 lost=0
2026-09-04T18:12:49.115+00:00 seq=16486 state=QUIET  energy=   14397 frames=  37775104 flags=0x04 lost=0
2026-09-04T18:12:49.115+00:00 seq=16487 state=QUIET  energy=   14296 frames=  37775360 flags=0x04 lost=0
2026-09-04T18:12:49.115+00:00 seq=16488 state=QUIET  energy=   14234 frames=  37775616 flags=0x04 lost=0
2026-09-04T18:12:49.115+00:00 seq=16489 state=QUIET  energy=   14169 frames=  37775872 flags=0x04 lost=0
2026-09-04T18:12:49.211+00:00 seq=16490 state=QUIET  energy=   10029 frames=  37776128 flags=0x04 lost=0
2026-09-04T18:12:49.211+00:00 seq=16491 state=QUIET  energy=    7502 frames=  37776384 flags=0x04 lost=0
2026-09-04T18:12:49.211+00:00 seq=16492 state=QUIET  energy=    6990 frames=  37776640 flags=0x04 lost=0
2026-09-04T18:12:49.211+00:00 seq=16493 state=QUIET  energy=    7462 frames=  37776896 flags=0x04 lost=0
2026-09-04T18:12:49.211+00:00 seq=16494 state=QUIET  energy=    6723 frames=  37777152 flags=0x04 lost=0
2026-09-04T18:12:49.211+00:00 seq=16495 state=QUIET  energy=    6354 frames=  37777408 flags=0x04 lost=0
2026-09-04T18:12:49.211+00:00 seq=16496 state=QUIET  energy=    5162 frames=  37777664 flags=0x04 lost=0
2026-09-04T18:12:49.212+00:00 seq=16497 state=QUIET  energy=    2329 frames=  37777920 flags=0x04 lost=0
2026-09-04T18:12:49.212+00:00 seq=16498 state=QUIET  energy=    1287 frames=  37778176 flags=0x04 lost=0
2026-09-04T18:12:49.212+00:00 seq=16499 state=QUIET  energy=    1407 frames=  37778432 flags=0x04 lost=0
2026-09-04T18:12:49.212+00:00 seq=16500 state=QUIET  energy=    2744 frames=  37778688 flags=0x04 lost=0
2026-09-04T18:12:49.212+00:00 seq=16501 state=QUIET  energy=    5620 frames=  37778944 flags=0x04 lost=0
2026-09-04T18:12:49.212+00:00 seq=16502 state=QUIET  energy=   12277 frames=  37779200 flags=0x04 lost=0
2026-09-04T18:12:49.212+00:00 seq=16503 state=QUIET  energy=   14112 frames=  37779456 flags=0x04 lost=0
2026-09-04T18:12:49.212+00:00 seq=16504 state=QUIET  energy=   13577 frames=  37779712 flags=0x04 lost=0
2026-09-04T18:12:49.213+00:00 seq=16505 state=QUIET  energy=   13358 frames=  37779968 flags=0x04 lost=0
2026-09-04T18:12:49.308+00:00 seq=16506 state=QUIET  energy=   13148 frames=  37780224 flags=0x04 lost=0
2026-09-04T18:12:49.308+00:00 seq=16507 state=QUIET  energy=   10308 frames=  37780480 flags=0x04 lost=0
2026-09-04T18:12:49.308+00:00 seq=16508 state=QUIET  energy=    9863 frames=  37780736 flags=0x04 lost=0
2026-09-04T18:12:49.308+00:00 seq=16509 state=QUIET  energy=    6636 frames=  37780992 flags=0x04 lost=0
2026-09-04T18:12:49.308+00:00 seq=16510 state=QUIET  energy=    5401 frames=  37781248 flags=0x04 lost=0
2026-09-04T18:12:49.308+00:00 seq=16511 state=QUIET  energy=    5920 frames=  37781504 flags=0x04 lost=0
2026-09-04T18:12:49.309+00:00 seq=16512 state=QUIET  energy=    5156 frames=  37781760 flags=0x04 lost=0
2026-09-04T18:12:49.309+00:00 seq=16513 state=QUIET  energy=    4813 frames=  37782016 flags=0x04 lost=0
2026-09-04T18:12:49.309+00:00 seq=16514 state=QUIET  energy=    4284 frames=  37782272 flags=0x04 lost=0
2026-09-04T18:12:49.309+00:00 seq=16515 state=QUIET  energy=    5055 frames=  37782528 flags=0x04 lost=0
2026-09-04T18:12:49.309+00:00 seq=16516 state=QUIET  energy=    3551 frames=  37782784 flags=0x04 lost=0
2026-09-04T18:12:49.309+00:00 seq=16517 state=QUIET  energy=    2610 frames=  37783040 flags=0x04 lost=0
2026-09-04T18:12:49.309+00:00 seq=16518 state=QUIET  energy=    2833 frames=  37783296 flags=0x04 lost=0
2026-09-04T18:12:49.309+00:00 seq=16519 state=QUIET  energy=    2500 frames=  37783552 flags=0x04 lost=0
2026-09-04T18:12:49.310+00:00 seq=16520 state=QUIET  energy=    1563 frames=  37783808 flags=0x04 lost=0
2026-09-04T18:12:49.310+00:00 seq=16521 state=QUIET  energy=    2833 frames=  37784064 flags=0x04 lost=0
2026-09-04T18:12:49.405+00:00 seq=16522 state=QUIET  energy=    1888 frames=  37784320 flags=0x04 lost=0
2026-09-04T18:12:49.405+00:00 seq=16523 state=QUIET  energy=    2959 frames=  37784576 flags=0x04 lost=0
2026-09-04T18:12:49.405+00:00 seq=16524 state=QUIET  energy=    1795 frames=  37784832 flags=0x04 lost=0
2026-09-04T18:12:49.405+00:00 seq=16525 state=QUIET  energy=    2388 frames=  37785088 flags=0x04 lost=0
2026-09-04T18:12:49.405+00:00 seq=16526 state=QUIET  energy=    1441 frames=  37785344 flags=0x04 lost=0
2026-09-04T18:12:49.406+00:00 seq=16527 state=QUIET  energy=    1207 frames=  37785600 flags=0x04 lost=0
2026-09-04T18:12:49.406+00:00 seq=16528 state=QUIET  energy=    1310 frames=  37785856 flags=0x04 lost=0
2026-09-04T18:12:49.406+00:00 seq=16529 state=QUIET  energy=    3268 frames=  37786112 flags=0x04 lost=0
2026-09-04T18:12:49.406+00:00 seq=16530 state=QUIET  energy=    2349 frames=  37786368 flags=0x04 lost=0
2026-09-04T18:12:49.406+00:00 seq=16531 state=QUIET  energy=    2422 frames=  37786624 flags=0x04 lost=0
2026-09-04T18:12:49.406+00:00 seq=16532 state=QUIET  energy=    2486 frames=  37786880 flags=0x04 lost=0
2026-09-04T18:12:49.406+00:00 seq=16533 state=QUIET  energy=    2335 frames=  37787136 flags=0x04 lost=0
2026-09-04T18:12:49.406+00:00 seq=16534 state=QUIET  energy=    2303 frames=  37787392 flags=0x04 lost=0
2026-09-04T18:12:49.407+00:00 seq=16535 state=QUIET  energy=    1224 frames=  37787648 flags=0x04 lost=0
2026-09-04T18:12:49.407+00:00 seq=16536 state=QUIET  energy=    3158 frames=  37787904 flags=0x04 lost=0
2026-09-04T18:12:49.407+00:00 seq=16537 state=QUIET  energy=    3329 frames=  37788160 flags=0x04 lost=0
2026-09-04T18:12:49.502+00:00 seq=16538 state=QUIET  energy=    3059 frames=  37788416 flags=0x04 lost=0
2026-09-04T18:12:49.502+00:00 seq=16539 state=QUIET  energy=    1847 frames=  37788672 flags=0x04 lost=0
2026-09-04T18:12:49.502+00:00 seq=16540 state=QUIET  energy=    2667 frames=  37788928 flags=0x04 lost=0
2026-09-04T18:12:49.502+00:00 seq=16541 state=QUIET  energy=    3036 frames=  37789184 flags=0x04 lost=0
2026-09-04T18:12:49.503+00:00 seq=16542 state=QUIET  energy=    1838 frames=  37789440 flags=0x04 lost=0
2026-09-04T18:12:49.503+00:00 seq=16543 state=QUIET  energy=    1110 frames=  37789696 flags=0x04 lost=0
2026-09-04T18:12:49.503+00:00 seq=16544 state=QUIET  energy=    2386 frames=  37789952 flags=0x04 lost=0
2026-09-04T18:12:49.503+00:00 seq=16545 state=QUIET  energy=    4438 frames=  37790208 flags=0x04 lost=0
2026-09-04T18:12:49.503+00:00 seq=16546 state=QUIET  energy=    3900 frames=  37790464 flags=0x04 lost=0
2026-09-04T18:12:49.503+00:00 seq=16547 state=QUIET  energy=    2447 frames=  37790720 flags=0x04 lost=0
2026-09-04T18:12:49.503+00:00 seq=16548 state=QUIET  energy=    2038 frames=  37790976 flags=0x04 lost=0
2026-09-04T18:12:49.503+00:00 seq=16549 state=QUIET  energy=    1261 frames=  37791232 flags=0x04 lost=0
2026-09-04T18:12:49.504+00:00 seq=16550 state=QUIET  energy=    1310 frames=  37791488 flags=0x04 lost=0
2026-09-04T18:12:49.504+00:00 seq=16551 state=QUIET  energy=     833 frames=  37791744 flags=0x04 lost=0
2026-09-04T18:12:49.504+00:00 seq=16552 state=QUIET  energy=    1193 frames=  37792000 flags=0x04 lost=0
2026-09-04T18:12:49.504+00:00 seq=16553 state=QUIET  energy=    2359 frames=  37792256 flags=0x04 lost=0
2026-09-04T18:12:49.599+00:00 seq=16554 state=QUIET  energy=    1868 frames=  37792512 flags=0x04 lost=0
2026-09-04T18:12:49.599+00:00 seq=16555 state=QUIET  energy=    2423 frames=  37792768 flags=0x04 lost=0
2026-09-04T18:12:49.599+00:00 seq=16556 state=QUIET  energy=    2448 frames=  37793024 flags=0x04 lost=0
2026-09-04T18:12:49.599+00:00 seq=16557 state=QUIET  energy=    1504 frames=  37793280 flags=0x04 lost=0
2026-09-04T18:12:49.600+00:00 seq=16558 state=QUIET  energy=    1131 frames=  37793536 flags=0x04 lost=0
2026-09-04T18:12:49.600+00:00 seq=16559 state=QUIET  energy=     805 frames=  37793792 flags=0x04 lost=0
2026-09-04T18:12:49.600+00:00 seq=16560 state=QUIET  energy=    1386 frames=  37794048 flags=0x04 lost=0
2026-09-04T18:12:49.600+00:00 seq=16561 state=QUIET  energy=    1395 frames=  37794304 flags=0x04 lost=0
2026-09-04T18:12:49.600+00:00 seq=16562 state=QUIET  energy=    2589 frames=  37794560 flags=0x04 lost=0
2026-09-04T18:12:49.600+00:00 seq=16563 state=QUIET  energy=     993 frames=  37794816 flags=0x04 lost=0
2026-09-04T18:12:49.600+00:00 seq=16564 state=QUIET  energy=    2155 frames=  37795072 flags=0x04 lost=0
2026-09-04T18:12:49.600+00:00 seq=16565 state=QUIET  energy=    1331 frames=  37795328 flags=0x04 lost=0
2026-09-04T18:12:49.601+00:00 seq=16566 state=QUIET  energy=     814 frames=  37795584 flags=0x04 lost=0
2026-09-04T18:12:49.601+00:00 seq=16567 state=QUIET  energy=    2749 frames=  37795840 flags=0x04 lost=0
2026-09-04T18:12:49.601+00:00 seq=16568 state=QUIET  energy=    2827 frames=  37796096 flags=0x04 lost=0
2026-09-04T18:12:49.601+00:00 seq=16569 state=QUIET  energy=    1423 frames=  37796352 flags=0x04 lost=0
2026-09-04T18:12:49.696+00:00 seq=16570 state=QUIET  energy=    1432 frames=  37796608 flags=0x04 lost=0
2026-09-04T18:12:49.696+00:00 seq=16571 state=QUIET  energy=    2478 frames=  37796864 flags=0x04 lost=0
2026-09-04T18:12:49.696+00:00 seq=16572 state=QUIET  energy=    1318 frames=  37797120 flags=0x04 lost=0
2026-09-04T18:12:49.697+00:00 seq=16573 state=QUIET  energy=    1127 frames=  37797376 flags=0x04 lost=0
2026-09-04T18:12:49.697+00:00 seq=16574 state=QUIET  energy=    1534 frames=  37797632 flags=0x04 lost=0
2026-09-04T18:12:49.697+00:00 seq=16575 state=QUIET  energy=    1405 frames=  37797888 flags=0x04 lost=0
2026-09-04T18:12:49.697+00:00 seq=16576 state=QUIET  energy=    2046 frames=  37798144 flags=0x04 lost=0
2026-09-04T18:12:49.697+00:00 seq=16577 state=QUIET  energy=    1247 frames=  37798400 flags=0x04 lost=0
2026-09-04T18:12:49.697+00:00 seq=16578 state=QUIET  energy=    1414 frames=  37798656 flags=0x04 lost=0
2026-09-04T18:12:49.697+00:00 seq=16579 state=QUIET  energy=    2771 frames=  37798912 flags=0x04 lost=0
2026-09-04T18:12:49.697+00:00 seq=16580 state=QUIET  energy=    1722 frames=  37799168 flags=0x04 lost=0
2026-09-04T18:12:49.697+00:00 seq=16581 state=QUIET  energy=    2129 frames=  37799424 flags=0x04 lost=0
2026-09-04T18:12:49.698+00:00 seq=16582 state=QUIET  energy=    4045 frames=  37799680 flags=0x04 lost=0
2026-09-04T18:12:49.698+00:00 seq=16583 state=QUIET  energy=    5149 frames=  37799936 flags=0x04 lost=0
2026-09-04T18:12:49.698+00:00 seq=16584 state=QUIET  energy=    2034 frames=  37800192 flags=0x04 lost=0
2026-09-04T18:12:49.698+00:00 seq=16585 state=QUIET  energy=    1096 frames=  37800448 flags=0x04 lost=0
2026-09-04T18:12:49.793+00:00 seq=16586 state=QUIET  energy=    1095 frames=  37800704 flags=0x04 lost=0
2026-09-04T18:12:49.793+00:00 seq=16587 state=QUIET  energy=    1476 frames=  37800960 flags=0x04 lost=0
2026-09-04T18:12:49.794+00:00 seq=16588 state=QUIET  energy=    2063 frames=  37801216 flags=0x04 lost=0
2026-09-04T18:12:49.794+00:00 seq=16589 state=QUIET  energy=    1382 frames=  37801472 flags=0x04 lost=0
2026-09-04T18:12:49.794+00:00 seq=16590 state=QUIET  energy=    1930 frames=  37801728 flags=0x04 lost=0
2026-09-04T18:12:49.794+00:00 seq=16591 state=QUIET  energy=    5101 frames=  37801984 flags=0x04 lost=0
2026-09-04T18:12:49.794+00:00 seq=16592 state=QUIET  energy=    8024 frames=  37802240 flags=0x04 lost=0
2026-09-04T18:12:49.794+00:00 seq=16593 state=QUIET  energy=   13898 frames=  37802496 flags=0x04 lost=0
2026-09-04T18:12:49.794+00:00 seq=16594 state=QUIET  energy=   16730 frames=  37802752 flags=0x04 lost=0
2026-09-04T18:12:49.794+00:00 seq=16595 state=QUIET  energy=   14884 frames=  37803008 flags=0x04 lost=0
2026-09-04T18:12:49.795+00:00 seq=16596 state=QUIET  energy=   13660 frames=  37803264 flags=0x04 lost=0
2026-09-04T18:12:49.795+00:00 seq=16597 state=QUIET  energy=   13558 frames=  37803520 flags=0x04 lost=0
2026-09-04T18:12:49.795+00:00 seq=16598 state=QUIET  energy=   12506 frames=  37803776 flags=0x04 lost=0
2026-09-04T18:12:49.795+00:00 seq=16599 state=QUIET  energy=   10670 frames=  37804032 flags=0x04 lost=0
2026-09-04T18:12:49.795+00:00 seq=16600 state=QUIET  energy=    6607 frames=  37804288 flags=0x04 lost=0
2026-09-04T18:12:49.795+00:00 seq=16601 state=QUIET  energy=    4092 frames=  37804544 flags=0x04 lost=0
2026-09-04T18:12:49.890+00:00 seq=16602 state=QUIET  energy=    4520 frames=  37804800 flags=0x04 lost=0
2026-09-04T18:12:49.891+00:00 seq=16603 state=QUIET  energy=    2471 frames=  37805056 flags=0x04 lost=0
2026-09-04T18:12:49.891+00:00 seq=16604 state=QUIET  energy=    2059 frames=  37805312 flags=0x04 lost=0
2026-09-04T18:12:49.891+00:00 seq=16605 state=QUIET  energy=   10176 frames=  37805568 flags=0x04 lost=0
2026-09-04T18:12:49.891+00:00 seq=16606 state=QUIET  energy=   13462 frames=  37805824 flags=0x04 lost=0
2026-09-04T18:12:49.891+00:00 seq=16607 state=QUIET  energy=   16196 frames=  37806080 flags=0x04 lost=0
2026-09-04T18:12:49.891+00:00 seq=16608 state=QUIET  energy=   16100 frames=  37806336 flags=0x04 lost=0
2026-09-04T18:12:49.891+00:00 seq=16609 state=QUIET  energy=   14956 frames=  37806592 flags=0x04 lost=0
2026-09-04T18:12:49.891+00:00 seq=16610 state=QUIET  energy=   12084 frames=  37806848 flags=0x04 lost=0
2026-09-04T18:12:49.891+00:00 seq=16611 state=QUIET  energy=   10039 frames=  37807104 flags=0x04 lost=0
2026-09-04T18:12:49.892+00:00 seq=16612 state=QUIET  energy=    9274 frames=  37807360 flags=0x04 lost=0
2026-09-04T18:12:49.892+00:00 seq=16613 state=QUIET  energy=    9449 frames=  37807616 flags=0x04 lost=0
2026-09-04T18:12:49.892+00:00 seq=16614 state=QUIET  energy=   10242 frames=  37807872 flags=0x04 lost=0
2026-09-04T18:12:49.892+00:00 seq=16615 state=QUIET  energy=   10192 frames=  37808128 flags=0x04 lost=0
2026-09-04T18:12:49.892+00:00 seq=16616 state=QUIET  energy=    7479 frames=  37808384 flags=0x04 lost=0
2026-09-04T18:12:49.892+00:00 seq=16617 state=QUIET  energy=    3946 frames=  37808640 flags=0x04 lost=0
2026-09-04T18:12:49.987+00:00 seq=16618 state=QUIET  energy=    2835 frames=  37808896 flags=0x04 lost=0
2026-09-04T18:12:49.987+00:00 seq=16619 state=QUIET  energy=    5220 frames=  37809152 flags=0x04 lost=0
2026-09-04T18:12:49.987+00:00 seq=16620 state=QUIET  energy=    4062 frames=  37809408 flags=0x04 lost=0
2026-09-04T18:12:49.988+00:00 seq=16621 state=QUIET  energy=    2832 frames=  37809664 flags=0x04 lost=0
2026-09-04T18:12:49.988+00:00 seq=16622 state=QUIET  energy=    3156 frames=  37809920 flags=0x04 lost=0
2026-09-04T18:12:49.988+00:00 seq=16623 state=QUIET  energy=    2341 frames=  37810176 flags=0x04 lost=0
2026-09-04T18:12:49.988+00:00 seq=16624 state=QUIET  energy=    1760 frames=  37810432 flags=0x04 lost=0
2026-09-04T18:12:49.988+00:00 seq=16625 state=QUIET  energy=    1220 frames=  37810688 flags=0x04 lost=0
2026-09-04T18:12:49.988+00:00 seq=16626 state=QUIET  energy=    1161 frames=  37810944 flags=0x04 lost=0
2026-09-04T18:12:49.988+00:00 seq=16627 state=QUIET  energy=    1163 frames=  37811200 flags=0x04 lost=0
2026-09-04T18:12:49.988+00:00 seq=16628 state=QUIET  energy=    1857 frames=  37811456 flags=0x04 lost=0
2026-09-04T18:12:49.988+00:00 seq=16629 state=QUIET  energy=    2122 frames=  37811712 flags=0x04 lost=0
2026-09-04T18:12:49.989+00:00 seq=16630 state=QUIET  energy=    2514 frames=  37811968 flags=0x04 lost=0
2026-09-04T18:12:49.989+00:00 seq=16631 state=QUIET  energy=    3187 frames=  37812224 flags=0x04 lost=0
2026-09-04T18:12:49.989+00:00 seq=16632 state=QUIET  energy=    3347 frames=  37812480 flags=0x04 lost=0
2026-09-04T18:12:49.989+00:00 seq=16633 state=QUIET  energy=    3836 frames=  37812736 flags=0x04 lost=0
2026-09-04T18:12:50.085+00:00 seq=16634 state=QUIET  energy=    3827 frames=  37812992 flags=0x04 lost=0
2026-09-04T18:12:50.085+00:00 seq=16635 state=QUIET  energy=    3680 frames=  37813248 flags=0x04 lost=0
2026-09-04T18:12:50.085+00:00 seq=16636 state=QUIET  energy=    3571 frames=  37813504 flags=0x04 lost=0
2026-09-04T18:12:50.085+00:00 seq=16637 state=QUIET  energy=    3143 frames=  37813760 flags=0x04 lost=0
2026-09-04T18:12:50.085+00:00 seq=16638 state=QUIET  energy=     820 frames=  37814016 flags=0x04 lost=0
2026-09-04T18:12:50.085+00:00 seq=16639 state=QUIET  energy=    1495 frames=  37814272 flags=0x04 lost=0
2026-09-04T18:12:50.085+00:00 seq=16640 state=QUIET  energy=    3023 frames=  37814528 flags=0x04 lost=0
2026-09-04T18:12:50.085+00:00 seq=16641 state=QUIET  energy=    5763 frames=  37814784 flags=0x04 lost=0
2026-09-04T18:12:50.086+00:00 seq=16642 state=QUIET  energy=    6959 frames=  37815040 flags=0x04 lost=0
2026-09-04T18:12:50.086+00:00 seq=16643 state=QUIET  energy=    5710 frames=  37815296 flags=0x04 lost=0
2026-09-04T18:12:50.086+00:00 seq=16644 state=QUIET  energy=    2899 frames=  37815552 flags=0x04 lost=0
2026-09-04T18:12:50.086+00:00 seq=16645 state=QUIET  energy=    1230 frames=  37815808 flags=0x04 lost=0
2026-09-04T18:12:50.086+00:00 seq=16646 state=QUIET  energy=    1061 frames=  37816064 flags=0x04 lost=0
2026-09-04T18:12:50.086+00:00 seq=16647 state=QUIET  energy=     855 frames=  37816320 flags=0x04 lost=0
2026-09-04T18:12:50.086+00:00 seq=16648 state=QUIET  energy=    1351 frames=  37816576 flags=0x04 lost=0
2026-09-04T18:12:50.086+00:00 seq=16649 state=QUIET  energy=    4099 frames=  37816832 flags=0x04 lost=0
2026-09-04T18:12:50.182+00:00 seq=16650 state=QUIET  energy=    3383 frames=  37817088 flags=0x04 lost=0
2026-09-04T18:12:50.182+00:00 seq=16651 state=QUIET  energy=    3721 frames=  37817344 flags=0x04 lost=0
2026-09-04T18:12:50.182+00:00 seq=16652 state=QUIET  energy=    3741 frames=  37817600 flags=0x04 lost=0
2026-09-04T18:12:50.182+00:00 seq=16653 state=QUIET  energy=    3038 frames=  37817856 flags=0x04 lost=0
2026-09-04T18:12:50.182+00:00 seq=16654 state=QUIET  energy=    1715 frames=  37818112 flags=0x04 lost=0
2026-09-04T18:12:50.182+00:00 seq=16655 state=QUIET  energy=    1019 frames=  37818368 flags=0x04 lost=0
2026-09-04T18:12:50.182+00:00 seq=16656 state=QUIET  energy=    1030 frames=  37818624 flags=0x04 lost=0
2026-09-04T18:12:50.183+00:00 seq=16657 state=QUIET  energy=    1232 frames=  37818880 flags=0x04 lost=0
2026-09-04T18:12:50.183+00:00 seq=16658 state=QUIET  energy=    2027 frames=  37819136 flags=0x04 lost=0
2026-09-04T18:12:50.183+00:00 seq=16659 state=QUIET  energy=    2827 frames=  37819392 flags=0x04 lost=0
2026-09-04T18:12:50.183+00:00 seq=16660 state=QUIET  energy=    3806 frames=  37819648 flags=0x04 lost=0
2026-09-04T18:12:50.183+00:00 seq=16661 state=QUIET  energy=    5332 frames=  37819904 flags=0x04 lost=0
2026-09-04T18:12:50.183+00:00 seq=16662 state=QUIET  energy=    3266 frames=  37820160 flags=0x04 lost=0
2026-09-04T18:12:50.183+00:00 seq=16663 state=QUIET  energy=    1563 frames=  37820416 flags=0x04 lost=0
2026-09-04T18:12:50.183+00:00 seq=16664 state=QUIET  energy=    1538 frames=  37820672 flags=0x04 lost=0
2026-09-04T18:12:50.183+00:00 seq=16665 state=QUIET  energy=    1532 frames=  37820928 flags=0x04 lost=0
2026-09-04T18:12:50.279+00:00 seq=16666 state=QUIET  energy=    1752 frames=  37821184 flags=0x04 lost=0
2026-09-04T18:12:50.279+00:00 seq=16667 state=QUIET  energy=    1569 frames=  37821440 flags=0x04 lost=0
2026-09-04T18:12:50.279+00:00 seq=16668 state=QUIET  energy=    3787 frames=  37821696 flags=0x04 lost=0
2026-09-04T18:12:50.279+00:00 seq=16669 state=QUIET  energy=    1752 frames=  37821952 flags=0x04 lost=0
2026-09-04T18:12:50.279+00:00 seq=16670 state=QUIET  energy=    1405 frames=  37822208 flags=0x04 lost=0
2026-09-04T18:12:50.279+00:00 seq=16671 state=QUIET  energy=    2321 frames=  37822464 flags=0x04 lost=0
2026-09-04T18:12:50.279+00:00 seq=16672 state=QUIET  energy=    1737 frames=  37822720 flags=0x04 lost=0
2026-09-04T18:12:50.280+00:00 seq=16673 state=QUIET  energy=    1089 frames=  37822976 flags=0x04 lost=0
2026-09-04T18:12:50.280+00:00 seq=16674 state=QUIET  energy=    3161 frames=  37823232 flags=0x04 lost=0
2026-09-04T18:12:50.280+00:00 seq=16675 state=QUIET  energy=    3217 frames=  37823488 flags=0x04 lost=0
2026-09-04T18:12:50.280+00:00 seq=16676 state=QUIET  energy=    1920 frames=  37823744 flags=0x04 lost=0
2026-09-04T18:12:50.280+00:00 seq=16677 state=QUIET  energy=    1856 frames=  37824000 flags=0x04 lost=0
2026-09-04T18:12:50.280+00:00 seq=16678 state=QUIET  energy=    1663 frames=  37824256 flags=0x04 lost=0
2026-09-04T18:12:50.280+00:00 seq=16679 state=QUIET  energy=    1084 frames=  37824512 flags=0x04 lost=0
2026-09-04T18:12:50.280+00:00 seq=16680 state=QUIET  energy=    1227 frames=  37824768 flags=0x04 lost=0
2026-09-04T18:12:50.281+00:00 seq=16681 state=QUIET  energy=    1230 frames=  37825024 flags=0x04 lost=0
2026-09-04T18:12:50.376+00:00 seq=16682 state=QUIET  energy=     928 frames=  37825280 flags=0x04 lost=0
2026-09-04T18:12:50.376+00:00 seq=16683 state=QUIET  energy=    1110 frames=  37825536 flags=0x04 lost=0
2026-09-04T18:12:50.376+00:00 seq=16684 state=QUIET  energy=    2094 frames=  37825792 flags=0x04 lost=0
2026-09-04T18:12:50.376+00:00 seq=16685 state=QUIET  energy=    2876 frames=  37826048 flags=0x04 lost=0
2026-09-04T18:12:50.376+00:00 seq=16686 state=QUIET  energy=    2922 frames=  37826304 flags=0x04 lost=0
2026-09-04T18:12:50.376+00:00 seq=16687 state=QUIET  energy=    2305 frames=  37826560 flags=0x04 lost=0
2026-09-04T18:12:50.377+00:00 seq=16688 state=QUIET  energy=    2001 frames=  37826816 flags=0x04 lost=0
2026-09-04T18:12:50.377+00:00 seq=16689 state=QUIET  energy=    2403 frames=  37827072 flags=0x04 lost=0
2026-09-04T18:12:50.377+00:00 seq=16690 state=QUIET  energy=    2990 frames=  37827328 flags=0x04 lost=0
2026-09-04T18:12:50.377+00:00 seq=16691 state=QUIET  energy=    2461 frames=  37827584 flags=0x04 lost=0
2026-09-04T18:12:50.377+00:00 seq=16692 state=QUIET  energy=    1752 frames=  37827840 flags=0x04 lost=0
2026-09-04T18:12:50.377+00:00 seq=16693 state=QUIET  energy=    3288 frames=  37828096 flags=0x04 lost=0
2026-09-04T18:12:50.377+00:00 seq=16694 state=QUIET  energy=    4379 frames=  37828352 flags=0x04 lost=0
2026-09-04T18:12:50.377+00:00 seq=16695 state=QUIET  energy=    3648 frames=  37828608 flags=0x04 lost=0
2026-09-04T18:12:50.377+00:00 seq=16696 state=QUIET  energy=    2300 frames=  37828864 flags=0x04 lost=0
2026-09-04T18:12:50.378+00:00 seq=16697 state=QUIET  energy=    2720 frames=  37829120 flags=0x04 lost=0
2026-09-04T18:12:50.473+00:00 seq=16698 state=QUIET  energy=    2289 frames=  37829376 flags=0x04 lost=0
2026-09-04T18:12:50.473+00:00 seq=16699 state=QUIET  energy=    2315 frames=  37829632 flags=0x04 lost=0
2026-09-04T18:12:50.473+00:00 seq=16700 state=QUIET  energy=    2297 frames=  37829888 flags=0x04 lost=0
2026-09-04T18:12:50.473+00:00 seq=16701 state=QUIET  energy=    2294 frames=  37830144 flags=0x04 lost=0
2026-09-04T18:12:50.473+00:00 seq=16702 state=QUIET  energy=    2213 frames=  37830400 flags=0x04 lost=0
2026-09-04T18:12:50.473+00:00 seq=16703 state=QUIET  energy=    2456 frames=  37830656 flags=0x04 lost=0
2026-09-04T18:12:50.474+00:00 seq=16704 state=QUIET  energy=    3359 frames=  37830912 flags=0x04 lost=0
2026-09-04T18:12:50.474+00:00 seq=16705 state=QUIET  energy=    1966 frames=  37831168 flags=0x04 lost=0
2026-09-04T18:12:50.474+00:00 seq=16706 state=QUIET  energy=    1377 frames=  37831424 flags=0x04 lost=0
2026-09-04T18:12:50.474+00:00 seq=16707 state=QUIET  energy=    1338 frames=  37831680 flags=0x04 lost=0
2026-09-04T18:12:50.474+00:00 seq=16708 state=QUIET  energy=    3121 frames=  37831936 flags=0x04 lost=0
2026-09-04T18:12:50.474+00:00 seq=16709 state=QUIET  energy=    6023 frames=  37832192 flags=0x04 lost=0
2026-09-04T18:12:50.474+00:00 seq=16710 state=QUIET  energy=    7139 frames=  37832448 flags=0x04 lost=0
2026-09-04T18:12:50.475+00:00 seq=16711 state=QUIET  energy=    8197 frames=  37832704 flags=0x04 lost=0
2026-09-04T18:12:50.475+00:00 seq=16712 state=QUIET  energy=    6856 frames=  37832960 flags=0x04 lost=0
2026-09-04T18:12:50.475+00:00 seq=16713 state=QUIET  energy=    6447 frames=  37833216 flags=0x04 lost=0
2026-09-04T18:12:50.570+00:00 seq=16714 state=QUIET  energy=    6613 frames=  37833472 flags=0x04 lost=0
2026-09-04T18:12:50.570+00:00 seq=16715 state=QUIET  energy=    5289 frames=  37833728 flags=0x04 lost=0
2026-09-04T18:12:50.570+00:00 seq=16716 state=QUIET  energy=    5276 frames=  37833984 flags=0x04 lost=0
2026-09-04T18:12:50.570+00:00 seq=16717 state=QUIET  energy=    4778 frames=  37834240 flags=0x04 lost=0
2026-09-04T18:12:50.570+00:00 seq=16718 state=QUIET  energy=    3727 frames=  37834496 flags=0x04 lost=0
2026-09-04T18:12:50.571+00:00 seq=16719 state=QUIET  energy=    1109 frames=  37834752 flags=0x04 lost=0
2026-09-04T18:12:50.571+00:00 seq=16720 state=QUIET  energy=    2080 frames=  37835008 flags=0x04 lost=0
2026-09-04T18:12:50.571+00:00 seq=16721 state=QUIET  energy=    4414 frames=  37835264 flags=0x04 lost=0
2026-09-04T18:12:50.571+00:00 seq=16722 state=QUIET  energy=    3941 frames=  37835520 flags=0x04 lost=0
2026-09-04T18:12:50.571+00:00 seq=16723 state=QUIET  energy=    3069 frames=  37835776 flags=0x04 lost=0
2026-09-04T18:12:50.571+00:00 seq=16724 state=QUIET  energy=    4513 frames=  37836032 flags=0x04 lost=0
2026-09-04T18:12:50.571+00:00 seq=16725 state=QUIET  energy=    5658 frames=  37836288 flags=0x04 lost=0
2026-09-04T18:12:50.571+00:00 seq=16726 state=QUIET  energy=    4035 frames=  37836544 flags=0x04 lost=0
2026-09-04T18:12:50.572+00:00 seq=16727 state=QUIET  energy=    3984 frames=  37836800 flags=0x04 lost=0
2026-09-04T18:12:50.572+00:00 seq=16728 state=QUIET  energy=    2235 frames=  37837056 flags=0x04 lost=0
2026-09-04T18:12:50.572+00:00 seq=16729 state=QUIET  energy=    3262 frames=  37837312 flags=0x04 lost=0
2026-09-04T18:12:50.667+00:00 seq=16730 state=QUIET  energy=    2318 frames=  37837568 flags=0x04 lost=0
2026-09-04T18:12:50.667+00:00 seq=16731 state=QUIET  energy=    2482 frames=  37837824 flags=0x04 lost=0
2026-09-04T18:12:50.667+00:00 seq=16732 state=QUIET  energy=    4454 frames=  37838080 flags=0x04 lost=0
2026-09-04T18:12:50.667+00:00 seq=16733 state=QUIET  energy=    3624 frames=  37838336 flags=0x04 lost=0
2026-09-04T18:12:50.668+00:00 seq=16734 state=QUIET  energy=    1374 frames=  37838592 flags=0x04 lost=0
2026-09-04T18:12:50.668+00:00 seq=16735 state=QUIET  energy=    1138 frames=  37838848 flags=0x04 lost=0
2026-09-04T18:12:50.668+00:00 seq=16736 state=QUIET  energy=    1055 frames=  37839104 flags=0x04 lost=0
2026-09-04T18:12:50.668+00:00 seq=16737 state=QUIET  energy=    1766 frames=  37839360 flags=0x04 lost=0
2026-09-04T18:12:50.668+00:00 seq=16738 state=QUIET  energy=    3746 frames=  37839616 flags=0x04 lost=0
2026-09-04T18:12:50.668+00:00 seq=16739 state=QUIET  energy=    5121 frames=  37839872 flags=0x04 lost=0
2026-09-04T18:12:50.668+00:00 seq=16740 state=QUIET  energy=   10409 frames=  37840128 flags=0x04 lost=0
2026-09-04T18:12:50.668+00:00 seq=16741 state=QUIET  energy=   15318 frames=  37840384 flags=0x04 lost=0
2026-09-04T18:12:50.669+00:00 seq=16742 state=QUIET  energy=   16858 frames=  37840640 flags=0x04 lost=0
2026-09-04T18:12:50.669+00:00 seq=16743 state=QUIET  energy=   17180 frames=  37840896 flags=0x04 lost=0
2026-09-04T18:12:50.669+00:00 seq=16744 state=QUIET  energy=   14714 frames=  37841152 flags=0x04 lost=0
2026-09-04T18:12:50.669+00:00 seq=16745 state=QUIET  energy=   14430 frames=  37841408 flags=0x04 lost=0
2026-09-04T18:12:50.764+00:00 seq=16746 state=QUIET  energy=   14225 frames=  37841664 flags=0x04 lost=0
2026-09-04T18:12:50.764+00:00 seq=16747 state=QUIET  energy=   13471 frames=  37841920 flags=0x04 lost=0
2026-09-04T18:12:50.764+00:00 seq=16748 state=QUIET  energy=   12612 frames=  37842176 flags=0x04 lost=0
2026-09-04T18:12:50.765+00:00 seq=16749 state=QUIET  energy=    9468 frames=  37842432 flags=0x04 lost=0
2026-09-04T18:12:50.765+00:00 seq=16750 state=QUIET  energy=    9325 frames=  37842688 flags=0x04 lost=0
2026-09-04T18:12:50.765+00:00 seq=16751 state=QUIET  energy=    8301 frames=  37842944 flags=0x04 lost=0
2026-09-04T18:12:50.765+00:00 seq=16752 state=QUIET  energy=    8692 frames=  37843200 flags=0x04 lost=0
2026-09-04T18:12:50.765+00:00 seq=16753 state=QUIET  energy=    6233 frames=  37843456 flags=0x04 lost=0
2026-09-04T18:12:50.765+00:00 seq=16754 state=QUIET  energy=    6185 frames=  37843712 flags=0x04 lost=0
2026-09-04T18:12:50.765+00:00 seq=16755 state=QUIET  energy=    6393 frames=  37843968 flags=0x04 lost=0
2026-09-04T18:12:50.765+00:00 seq=16756 state=QUIET  energy=    6435 frames=  37844224 flags=0x04 lost=0
2026-09-04T18:12:50.765+00:00 seq=16757 state=QUIET  energy=    4113 frames=  37844480 flags=0x04 lost=0
2026-09-04T18:12:50.766+00:00 seq=16758 state=QUIET  energy=    3601 frames=  37844736 flags=0x04 lost=0
2026-09-04T18:12:50.766+00:00 seq=16759 state=QUIET  energy=    1569 frames=  37844992 flags=0x04 lost=0
2026-09-04T18:12:50.766+00:00 seq=16760 state=QUIET  energy=    3939 frames=  37845248 flags=0x04 lost=0
2026-09-04T18:12:50.766+00:00 seq=16761 state=QUIET  energy=    4363 frames=  37845504 flags=0x04 lost=0
2026-09-04T18:12:50.861+00:00 seq=16762 state=QUIET  energy=    5169 frames=  37845760 flags=0x04 lost=0
2026-09-04T18:12:50.861+00:00 seq=16763 state=QUIET  energy=   10474 frames=  37846016 flags=0x04 lost=0
2026-09-04T18:12:50.861+00:00 seq=16764 state=QUIET  energy=   14400 frames=  37846272 flags=0x04 lost=0
2026-09-04T18:12:50.862+00:00 seq=16765 state=QUIET  energy=   15921 frames=  37846528 flags=0x04 lost=0
2026-09-04T18:12:50.862+00:00 seq=16766 state=QUIET  energy=   16413 frames=  37846784 flags=0x04 lost=0
2026-09-04T18:12:50.862+00:00 seq=16767 state=QUIET  energy=   15355 frames=  37847040 flags=0x04 lost=0
2026-09-04T18:12:50.862+00:00 seq=16768 state=QUIET  energy=   11160 frames=  37847296 flags=0x04 lost=0
2026-09-04T18:12:50.862+00:00 seq=16769 state=QUIET  energy=   10184 frames=  37847552 flags=0x04 lost=0
2026-09-04T18:12:50.862+00:00 seq=16770 state=QUIET  energy=    9224 frames=  37847808 flags=0x04 lost=0
2026-09-04T18:12:50.862+00:00 seq=16771 state=QUIET  energy=    8337 frames=  37848064 flags=0x04 lost=0
2026-09-04T18:12:50.863+00:00 seq=16772 state=QUIET  energy=    8933 frames=  37848320 flags=0x04 lost=0
2026-09-04T18:12:50.863+00:00 seq=16773 state=QUIET  energy=    5126 frames=  37848576 flags=0x04 lost=0
2026-09-04T18:12:50.863+00:00 seq=16774 state=QUIET  energy=    4500 frames=  37848832 flags=0x04 lost=0
2026-09-04T18:12:50.863+00:00 seq=16775 state=QUIET  energy=    4544 frames=  37849088 flags=0x04 lost=0
2026-09-04T18:12:50.863+00:00 seq=16776 state=QUIET  energy=    4098 frames=  37849344 flags=0x04 lost=0
2026-09-04T18:12:50.863+00:00 seq=16777 state=QUIET  energy=    3336 frames=  37849600 flags=0x04 lost=0
2026-09-04T18:12:50.958+00:00 seq=16778 state=QUIET  energy=    4431 frames=  37849856 flags=0x04 lost=0
2026-09-04T18:12:50.959+00:00 seq=16779 state=QUIET  energy=    3290 frames=  37850112 flags=0x04 lost=0
2026-09-04T18:12:50.959+00:00 seq=16780 state=QUIET  energy=    2045 frames=  37850368 flags=0x04 lost=0
2026-09-04T18:12:50.959+00:00 seq=16781 state=QUIET  energy=    3939 frames=  37850624 flags=0x04 lost=0
2026-09-04T18:12:50.959+00:00 seq=16782 state=QUIET  energy=    2312 frames=  37850880 flags=0x04 lost=0
2026-09-04T18:12:50.959+00:00 seq=16783 state=QUIET  energy=    2627 frames=  37851136 flags=0x04 lost=0
2026-09-04T18:12:50.959+00:00 seq=16784 state=QUIET  energy=    1469 frames=  37851392 flags=0x04 lost=0
2026-09-04T18:12:50.959+00:00 seq=16785 state=QUIET  energy=    1736 frames=  37851648 flags=0x04 lost=0
2026-09-04T18:12:50.959+00:00 seq=16786 state=QUIET  energy=    3260 frames=  37851904 flags=0x04 lost=0
2026-09-04T18:12:50.960+00:00 seq=16787 state=QUIET  energy=    6928 frames=  37852160 flags=0x04 lost=0
2026-09-04T18:12:50.960+00:00 seq=16788 state=QUIET  energy=   14313 frames=  37852416 flags=0x04 lost=0
2026-09-04T18:12:50.960+00:00 seq=16789 state=QUIET  energy=   16947 frames=  37852672 flags=0x04 lost=0
2026-09-04T18:12:50.960+00:00 seq=16790 state=QUIET  energy=   15849 frames=  37852928 flags=0x04 lost=0
2026-09-04T18:12:50.960+00:00 seq=16791 state=QUIET  energy=   15727 frames=  37853184 flags=0x04 lost=0
2026-09-04T18:12:50.960+00:00 seq=16792 state=QUIET  energy=   17178 frames=  37853440 flags=0x04 lost=0
2026-09-04T18:12:50.960+00:00 seq=16793 state=QUIET  energy=   14927 frames=  37853696 flags=0x04 lost=0
2026-09-04T18:12:51.055+00:00 seq=16794 state=QUIET  energy=   12107 frames=  37853952 flags=0x04 lost=0
2026-09-04T18:12:51.056+00:00 seq=16795 state=QUIET  energy=   10415 frames=  37854208 flags=0x04 lost=0
2026-09-04T18:12:51.056+00:00 seq=16796 state=QUIET  energy=    8428 frames=  37854464 flags=0x04 lost=0
2026-09-04T18:12:51.056+00:00 seq=16797 state=QUIET  energy=    7615 frames=  37854720 flags=0x04 lost=0
2026-09-04T18:12:51.056+00:00 seq=16798 state=QUIET  energy=    7085 frames=  37854976 flags=0x04 lost=0
2026-09-04T18:12:51.056+00:00 seq=16799 state=QUIET  energy=    7963 frames=  37855232 flags=0x04 lost=0
2026-09-04T18:12:51.056+00:00 seq=16800 state=QUIET  energy=    7510 frames=  37855488 flags=0x04 lost=0
2026-09-04T18:12:51.056+00:00 seq=16801 state=QUIET  energy=    7895 frames=  37855744 flags=0x04 lost=0
2026-09-04T18:12:51.056+00:00 seq=16802 state=QUIET  energy=    6214 frames=  37856000 flags=0x04 lost=0
2026-09-04T18:12:51.057+00:00 seq=16803 state=QUIET  energy=    4527 frames=  37856256 flags=0x04 lost=0
2026-09-04T18:12:51.057+00:00 seq=16804 state=QUIET  energy=    6347 frames=  37856512 flags=0x04 lost=0
2026-09-04T18:12:51.057+00:00 seq=16805 state=QUIET  energy=    6934 frames=  37856768 flags=0x04 lost=0
2026-09-04T18:12:51.057+00:00 seq=16806 state=QUIET  energy=    5570 frames=  37857024 flags=0x04 lost=0
2026-09-04T18:12:51.057+00:00 seq=16807 state=QUIET  energy=    4047 frames=  37857280 flags=0x04 lost=0
2026-09-04T18:12:51.057+00:00 seq=16808 state=QUIET  energy=    1366 frames=  37857536 flags=0x04 lost=0
2026-09-04T18:12:51.057+00:00 seq=16809 state=QUIET  energy=    2526 frames=  37857792 flags=0x04 lost=0
2026-09-04T18:12:51.152+00:00 seq=16810 state=QUIET  energy=    4358 frames=  37858048 flags=0x04 lost=0
2026-09-04T18:12:51.153+00:00 seq=16811 state=QUIET  energy=    3237 frames=  37858304 flags=0x04 lost=0
2026-09-04T18:12:51.153+00:00 seq=16812 state=QUIET  energy=    3085 frames=  37858560 flags=0x04 lost=0
2026-09-04T18:12:51.153+00:00 seq=16813 state=QUIET  energy=    1757 frames=  37858816 flags=0x04 lost=0
2026-09-04T18:12:51.153+00:00 seq=16814 state=QUIET  energy=    1264 frames=  37859072 flags=0x04 lost=0
2026-09-04T18:12:51.153+00:00 seq=16815 state=QUIET  energy=    1872 frames=  37859328 flags=0x04 lost=0
2026-09-04T18:12:51.153+00:00 seq=16816 state=QUIET  energy=    4493 frames=  37859584 flags=0x04 lost=0
2026-09-04T18:12:51.153+00:00 seq=16817 state=QUIET  energy=    5359 frames=  37859840 flags=0x04 lost=0
2026-09-04T18:12:51.153+00:00 seq=16818 state=QUIET  energy=    4044 frames=  37860096 flags=0x04 lost=0
2026-09-04T18:12:51.154+00:00 seq=16819 state=QUIET  energy=    4609 frames=  37860352 flags=0x04 lost=0
2026-09-04T18:12:51.154+00:00 seq=16820 state=QUIET  energy=    2057 frames=  37860608 flags=0x04 lost=0
2026-09-04T18:12:51.154+00:00 seq=16821 state=QUIET  energy=    1017 frames=  37860864 flags=0x04 lost=0
2026-09-04T18:12:51.154+00:00 seq=16822 state=QUIET  energy=    1744 frames=  37861120 flags=0x04 lost=0
2026-09-04T18:12:51.154+00:00 seq=16823 state=QUIET  energy=    1894 frames=  37861376 flags=0x04 lost=0
2026-09-04T18:12:51.154+00:00 seq=16824 state=QUIET  energy=    2182 frames=  37861632 flags=0x04 lost=0
2026-09-04T18:12:51.154+00:00 seq=16825 state=QUIET  energy=    2421 frames=  37861888 flags=0x04 lost=0
2026-09-04T18:12:51.250+00:00 seq=16826 state=QUIET  energy=    5271 frames=  37862144 flags=0x04 lost=0
2026-09-04T18:12:51.250+00:00 seq=16827 state=QUIET  energy=    4746 frames=  37862400 flags=0x04 lost=0
2026-09-04T18:12:51.250+00:00 seq=16828 state=QUIET  energy=    4343 frames=  37862656 flags=0x04 lost=0
2026-09-04T18:12:51.250+00:00 seq=16829 state=QUIET  energy=    4576 frames=  37862912 flags=0x04 lost=0
2026-09-04T18:12:51.250+00:00 seq=16830 state=QUIET  energy=    5849 frames=  37863168 flags=0x04 lost=0
2026-09-04T18:12:51.250+00:00 seq=16831 state=QUIET  energy=    3732 frames=  37863424 flags=0x04 lost=0
2026-09-04T18:12:51.250+00:00 seq=16832 state=QUIET  energy=    1782 frames=  37863680 flags=0x04 lost=0
2026-09-04T18:12:51.251+00:00 seq=16833 state=QUIET  energy=    4170 frames=  37863936 flags=0x04 lost=0
2026-09-04T18:12:51.251+00:00 seq=16834 state=QUIET  energy=    4353 frames=  37864192 flags=0x04 lost=0
2026-09-04T18:12:51.251+00:00 seq=16835 state=QUIET  energy=    4853 frames=  37864448 flags=0x04 lost=0
2026-09-04T18:12:51.251+00:00 seq=16836 state=QUIET  energy=    4470 frames=  37864704 flags=0x04 lost=0
2026-09-04T18:12:51.251+00:00 seq=16837 state=QUIET  energy=    3291 frames=  37864960 flags=0x04 lost=0
2026-09-04T18:12:51.251+00:00 seq=16838 state=QUIET  energy=    3953 frames=  37865216 flags=0x04 lost=0
2026-09-04T18:12:51.251+00:00 seq=16839 state=QUIET  energy=    4726 frames=  37865472 flags=0x04 lost=0
2026-09-04T18:12:51.251+00:00 seq=16840 state=QUIET  energy=    4755 frames=  37865728 flags=0x04 lost=0
2026-09-04T18:12:51.251+00:00 seq=16841 state=QUIET  energy=    5847 frames=  37865984 flags=0x04 lost=0
2026-09-04T18:12:51.347+00:00 seq=16842 state=QUIET  energy=    5938 frames=  37866240 flags=0x04 lost=0
2026-09-04T18:12:51.347+00:00 seq=16843 state=QUIET  energy=    4731 frames=  37866496 flags=0x04 lost=0
2026-09-04T18:12:51.347+00:00 seq=16844 state=QUIET  energy=    3537 frames=  37866752 flags=0x04 lost=0
2026-09-04T18:12:51.347+00:00 seq=16845 state=QUIET  energy=    2201 frames=  37867008 flags=0x04 lost=0
2026-09-04T18:12:51.347+00:00 seq=16846 state=QUIET  energy=    1111 frames=  37867264 flags=0x04 lost=0
2026-09-04T18:12:51.347+00:00 seq=16847 state=QUIET  energy=    1376 frames=  37867520 flags=0x04 lost=0
2026-09-04T18:12:51.347+00:00 seq=16848 state=QUIET  energy=    1677 frames=  37867776 flags=0x04 lost=0
2026-09-04T18:12:51.348+00:00 seq=16849 state=QUIET  energy=    1505 frames=  37868032 flags=0x04 lost=0
2026-09-04T18:12:51.348+00:00 seq=16850 state=QUIET  energy=    2172 frames=  37868288 flags=0x04 lost=0
2026-09-04T18:12:51.348+00:00 seq=16851 state=QUIET  energy=    2209 frames=  37868544 flags=0x04 lost=0
2026-09-04T18:12:51.348+00:00 seq=16852 state=QUIET  energy=    1512 frames=  37868800 flags=0x04 lost=0
2026-09-04T18:12:51.348+00:00 seq=16853 state=QUIET  energy=    2123 frames=  37869056 flags=0x04 lost=0
2026-09-04T18:12:51.348+00:00 seq=16854 state=QUIET  energy=    1347 frames=  37869312 flags=0x04 lost=0
2026-09-04T18:12:51.348+00:00 seq=16855 state=QUIET  energy=    1953 frames=  37869568 flags=0x04 lost=0
2026-09-04T18:12:51.348+00:00 seq=16856 state=QUIET  energy=    1928 frames=  37869824 flags=0x04 lost=0
2026-09-04T18:12:51.349+00:00 seq=16857 state=QUIET  energy=     931 frames=  37870080 flags=0x04 lost=0
2026-09-04T18:12:51.444+00:00 seq=16858 state=QUIET  energy=     854 frames=  37870336 flags=0x04 lost=0
2026-09-04T18:12:51.444+00:00 seq=16859 state=QUIET  energy=    1214 frames=  37870592 flags=0x04 lost=0
2026-09-04T18:12:51.444+00:00 seq=16860 state=QUIET  energy=    1250 frames=  37870848 flags=0x04 lost=0
2026-09-04T18:12:51.444+00:00 seq=16861 state=QUIET  energy=    1727 frames=  37871104 flags=0x04 lost=0
2026-09-04T18:12:51.444+00:00 seq=16862 state=QUIET  energy=    1406 frames=  37871360 flags=0x04 lost=0
2026-09-04T18:12:51.444+00:00 seq=16863 state=QUIET  energy=    1743 frames=  37871616 flags=0x04 lost=0
2026-09-04T18:12:51.445+00:00 seq=16864 state=QUIET  energy=    1181 frames=  37871872 flags=0x04 lost=0
2026-09-04T18:12:51.445+00:00 seq=16865 state=QUIET  energy=    2488 frames=  37872128 flags=0x04 lost=0
2026-09-04T18:12:51.445+00:00 seq=16866 state=QUIET  energy=    3794 frames=  37872384 flags=0x04 lost=0
2026-09-04T18:12:51.445+00:00 seq=16867 state=QUIET  energy=    3506 frames=  37872640 flags=0x04 lost=0
2026-09-04T18:12:51.445+00:00 seq=16868 state=QUIET  energy=    2551 frames=  37872896 flags=0x04 lost=0
2026-09-04T18:12:51.445+00:00 seq=16869 state=QUIET  energy=    2156 frames=  37873152 flags=0x04 lost=0
2026-09-04T18:12:51.445+00:00 seq=16870 state=QUIET  energy=    2212 frames=  37873408 flags=0x04 lost=0
2026-09-04T18:12:51.445+00:00 seq=16871 state=QUIET  energy=    1135 frames=  37873664 flags=0x04 lost=0
2026-09-04T18:12:51.445+00:00 seq=16872 state=QUIET  energy=    1411 frames=  37873920 flags=0x04 lost=0
2026-09-04T18:12:51.446+00:00 seq=16873 state=QUIET  energy=    1617 frames=  37874176 flags=0x04 lost=0
2026-09-04T18:12:51.541+00:00 seq=16874 state=QUIET  energy=     902 frames=  37874432 flags=0x04 lost=0
2026-09-04T18:12:51.541+00:00 seq=16875 state=QUIET  energy=    1541 frames=  37874688 flags=0x04 lost=0
2026-09-04T18:12:51.541+00:00 seq=16876 state=QUIET  energy=    1351 frames=  37874944 flags=0x04 lost=0
2026-09-04T18:12:51.541+00:00 seq=16877 state=QUIET  energy=    2702 frames=  37875200 flags=0x04 lost=0
2026-09-04T18:12:51.541+00:00 seq=16878 state=QUIET  energy=    3343 frames=  37875456 flags=0x04 lost=0
2026-09-04T18:12:51.541+00:00 seq=16879 state=QUIET  energy=    2659 frames=  37875712 flags=0x04 lost=0
2026-09-04T18:12:51.542+00:00 seq=16880 state=QUIET  energy=    2904 frames=  37875968 flags=0x04 lost=0
2026-09-04T18:12:51.542+00:00 seq=16881 state=QUIET  energy=    1565 frames=  37876224 flags=0x04 lost=0
2026-09-04T18:12:51.542+00:00 seq=16882 state=QUIET  energy=    2329 frames=  37876480 flags=0x04 lost=0
2026-09-04T18:12:51.542+00:00 seq=16883 state=QUIET  energy=    3646 frames=  37876736 flags=0x04 lost=0
2026-09-04T18:12:51.542+00:00 seq=16884 state=QUIET  energy=    4110 frames=  37876992 flags=0x04 lost=0
2026-09-04T18:12:51.542+00:00 seq=16885 state=QUIET  energy=    3091 frames=  37877248 flags=0x04 lost=0
2026-09-04T18:12:51.542+00:00 seq=16886 state=QUIET  energy=    3556 frames=  37877504 flags=0x04 lost=0
2026-09-04T18:12:51.542+00:00 seq=16887 state=QUIET  energy=    3999 frames=  37877760 flags=0x04 lost=0
2026-09-04T18:12:51.543+00:00 seq=16888 state=QUIET  energy=    2650 frames=  37878016 flags=0x04 lost=0
2026-09-04T18:12:51.543+00:00 seq=16889 state=QUIET  energy=    2909 frames=  37878272 flags=0x04 lost=0
2026-09-04T18:12:51.638+00:00 seq=16890 state=QUIET  energy=    3168 frames=  37878528 flags=0x04 lost=0
2026-09-04T18:12:51.638+00:00 seq=16891 state=QUIET  energy=    3443 frames=  37878784 flags=0x04 lost=0
2026-09-04T18:12:51.638+00:00 seq=16892 state=QUIET  energy=    3550 frames=  37879040 flags=0x04 lost=0
2026-09-04T18:12:51.638+00:00 seq=16893 state=QUIET  energy=    2518 frames=  37879296 flags=0x04 lost=0
2026-09-04T18:12:51.638+00:00 seq=16894 state=QUIET  energy=    2537 frames=  37879552 flags=0x04 lost=0
2026-09-04T18:12:51.639+00:00 seq=16895 state=QUIET  energy=    1878 frames=  37879808 flags=0x04 lost=0
2026-09-04T18:12:51.639+00:00 seq=16896 state=QUIET  energy=    2773 frames=  37880064 flags=0x04 lost=0
2026-09-04T18:12:51.639+00:00 seq=16897 state=QUIET  energy=    3117 frames=  37880320 flags=0x04 lost=0
2026-09-04T18:12:51.639+00:00 seq=16898 state=QUIET  energy=    1579 frames=  37880576 flags=0x04 lost=0
2026-09-04T18:12:51.639+00:00 seq=16899 state=QUIET  energy=    1790 frames=  37880832 flags=0x04 lost=0
2026-09-04T18:12:51.639+00:00 seq=16900 state=QUIET  energy=    3360 frames=  37881088 flags=0x04 lost=0
2026-09-04T18:12:51.639+00:00 seq=16901 state=QUIET  energy=    2925 frames=  37881344 flags=0x04 lost=0
2026-09-04T18:12:51.639+00:00 seq=16902 state=QUIET  energy=    2634 frames=  37881600 flags=0x04 lost=0
2026-09-04T18:12:51.640+00:00 seq=16903 state=QUIET  energy=    1034 frames=  37881856 flags=0x04 lost=0
2026-09-04T18:12:51.640+00:00 seq=16904 state=QUIET  energy=    1788 frames=  37882112 flags=0x04 lost=0
2026-09-04T18:12:51.640+00:00 seq=16905 state=QUIET  energy=    5380 frames=  37882368 flags=0x04 lost=0
2026-09-04T18:12:51.735+00:00 seq=16906 state=QUIET  energy=    6067 frames=  37882624 flags=0x04 lost=0
2026-09-04T18:12:51.735+00:00 seq=16907 state=QUIET  energy=    6684 frames=  37882880 flags=0x04 lost=0
2026-09-04T18:12:51.735+00:00 seq=16908 state=QUIET  energy=    6578 frames=  37883136 flags=0x04 lost=0
2026-09-04T18:12:51.735+00:00 seq=16909 state=QUIET  energy=    7039 frames=  37883392 flags=0x04 lost=0
2026-09-04T18:12:51.736+00:00 seq=16910 state=QUIET  energy=    5534 frames=  37883648 flags=0x04 lost=0
2026-09-04T18:12:51.736+00:00 seq=16911 state=QUIET  energy=    5628 frames=  37883904 flags=0x04 lost=0
2026-09-04T18:12:51.736+00:00 seq=16912 state=QUIET  energy=    4589 frames=  37884160 flags=0x04 lost=0
2026-09-04T18:12:51.736+00:00 seq=16913 state=QUIET  energy=    6224 frames=  37884416 flags=0x04 lost=0
2026-09-04T18:12:51.736+00:00 seq=16914 state=QUIET  energy=    5270 frames=  37884672 flags=0x04 lost=0
2026-09-04T18:12:51.736+00:00 seq=16915 state=QUIET  energy=    5011 frames=  37884928 flags=0x04 lost=0
2026-09-04T18:12:51.736+00:00 seq=16916 state=QUIET  energy=    4742 frames=  37885184 flags=0x04 lost=0
2026-09-04T18:12:51.736+00:00 seq=16917 state=QUIET  energy=    2157 frames=  37885440 flags=0x04 lost=0
2026-09-04T18:12:51.737+00:00 seq=16918 state=QUIET  energy=    2050 frames=  37885696 flags=0x04 lost=0
2026-09-04T18:12:51.737+00:00 seq=16919 state=QUIET  energy=    1641 frames=  37885952 flags=0x04 lost=0
2026-09-04T18:12:51.737+00:00 seq=16920 state=QUIET  energy=    3581 frames=  37886208 flags=0x04 lost=0
2026-09-04T18:12:51.737+00:00 seq=16921 state=QUIET  energy=    5154 frames=  37886464 flags=0x04 lost=0
2026-09-04T18:12:51.832+00:00 seq=16922 state=QUIET  energy=    4399 frames=  37886720 flags=0x04 lost=0
2026-09-04T18:12:51.832+00:00 seq=16923 state=QUIET  energy=    3181 frames=  37886976 flags=0x04 lost=0
2026-09-04T18:12:51.832+00:00 seq=16924 state=QUIET  energy=    2792 frames=  37887232 flags=0x04 lost=0
2026-09-04T18:12:51.833+00:00 seq=16925 state=QUIET  energy=    4690 frames=  37887488 flags=0x04 lost=0
2026-09-04T18:12:51.833+00:00 seq=16926 state=QUIET  energy=    3196 frames=  37887744 flags=0x04 lost=0
2026-09-04T18:12:51.833+00:00 seq=16927 state=QUIET  energy=    4271 frames=  37888000 flags=0x04 lost=0
2026-09-04T18:12:51.833+00:00 seq=16928 state=QUIET  energy=    3715 frames=  37888256 flags=0x04 lost=0
2026-09-04T18:12:51.833+00:00 seq=16929 state=QUIET  energy=    2804 frames=  37888512 flags=0x04 lost=0
2026-09-04T18:12:51.833+00:00 seq=16930 state=QUIET  energy=    4045 frames=  37888768 flags=0x04 lost=0
2026-09-04T18:12:51.833+00:00 seq=16931 state=QUIET  energy=    7793 frames=  37889024 flags=0x04 lost=0
2026-09-04T18:12:51.833+00:00 seq=16932 state=QUIET  energy=   11285 frames=  37889280 flags=0x04 lost=0
2026-09-04T18:12:51.833+00:00 seq=16933 state=QUIET  energy=   13323 frames=  37889536 flags=0x04 lost=0
2026-09-04T18:12:51.834+00:00 seq=16934 state=QUIET  energy=   13672 frames=  37889792 flags=0x04 lost=0
2026-09-04T18:12:51.834+00:00 seq=16935 state=QUIET  energy=   11776 frames=  37890048 flags=0x04 lost=0
2026-09-04T18:12:51.834+00:00 seq=16936 state=QUIET  energy=    9579 frames=  37890304 flags=0x04 lost=0
2026-09-04T18:12:51.834+00:00 seq=16937 state=QUIET  energy=    9906 frames=  37890560 flags=0x04 lost=0
2026-09-04T18:12:51.929+00:00 seq=16938 state=QUIET  energy=    9133 frames=  37890816 flags=0x04 lost=0
2026-09-04T18:12:51.929+00:00 seq=16939 state=QUIET  energy=    8715 frames=  37891072 flags=0x04 lost=0
2026-09-04T18:12:51.929+00:00 seq=16940 state=QUIET  energy=    8030 frames=  37891328 flags=0x04 lost=0
2026-09-04T18:12:51.930+00:00 seq=16941 state=QUIET  energy=    7424 frames=  37891584 flags=0x04 lost=0
2026-09-04T18:12:51.930+00:00 seq=16942 state=QUIET  energy=    7064 frames=  37891840 flags=0x04 lost=0
2026-09-04T18:12:51.930+00:00 seq=16943 state=QUIET  energy=    4855 frames=  37892096 flags=0x04 lost=0
2026-09-04T18:12:51.930+00:00 seq=16944 state=QUIET  energy=    3945 frames=  37892352 flags=0x04 lost=0
2026-09-04T18:12:51.930+00:00 seq=16945 state=QUIET  energy=    3019 frames=  37892608 flags=0x04 lost=0
2026-09-04T18:12:51.930+00:00 seq=16946 state=QUIET  energy=    3784 frames=  37892864 flags=0x04 lost=0
2026-09-04T18:12:51.930+00:00 seq=16947 state=QUIET  energy=    3638 frames=  37893120 flags=0x04 lost=0
2026-09-04T18:12:51.931+00:00 seq=16948 state=QUIET  energy=    4434 frames=  37893376 flags=0x04 lost=0
2026-09-04T18:12:51.931+00:00 seq=16949 state=QUIET  energy=    1057 frames=  37893632 flags=0x04 lost=0
2026-09-04T18:12:51.931+00:00 seq=16950 state=QUIET  energy=    1326 frames=  37893888 flags=0x04 lost=0
2026-09-04T18:12:51.931+00:00 seq=16951 state=QUIET  energy=     922 frames=  37894144 flags=0x04 lost=0
2026-09-04T18:12:51.931+00:00 seq=16952 state=QUIET  energy=    2886 frames=  37894400 flags=0x04 lost=0
2026-09-04T18:12:51.931+00:00 seq=16953 state=QUIET  energy=    1284 frames=  37894656 flags=0x04 lost=0
2026-09-04T18:12:52.026+00:00 seq=16954 state=QUIET  energy=    2250 frames=  37894912 flags=0x04 lost=0
2026-09-04T18:12:52.026+00:00 seq=16955 state=QUIET  energy=    3020 frames=  37895168 flags=0x04 lost=0
2026-09-04T18:12:52.027+00:00 seq=16956 state=QUIET  energy=    9632 frames=  37895424 flags=0x04 lost=0
2026-09-04T18:12:52.027+00:00 seq=16957 state=QUIET  energy=   16532 frames=  37895680 flags=0x04 lost=0
2026-09-04T18:12:52.027+00:00 seq=16958 state=QUIET  energy=   17578 frames=  37895936 flags=0x04 lost=0
2026-09-04T18:12:52.027+00:00 seq=16959 state=QUIET  energy=   15903 frames=  37896192 flags=0x04 lost=0
2026-09-04T18:12:52.027+00:00 seq=16960 state=QUIET  energy=   14029 frames=  37896448 flags=0x04 lost=0
2026-09-04T18:12:52.027+00:00 seq=16961 state=QUIET  energy=   12437 frames=  37896704 flags=0x04 lost=0
2026-09-04T18:12:52.027+00:00 seq=16962 state=QUIET  energy=   11427 frames=  37896960 flags=0x04 lost=0
2026-09-04T18:12:52.027+00:00 seq=16963 state=QUIET  energy=   10053 frames=  37897216 flags=0x04 lost=0
2026-09-04T18:12:52.028+00:00 seq=16964 state=QUIET  energy=    8885 frames=  37897472 flags=0x04 lost=0
2026-09-04T18:12:52.028+00:00 seq=16965 state=QUIET  energy=    7112 frames=  37897728 flags=0x04 lost=0
2026-09-04T18:12:52.028+00:00 seq=16966 state=QUIET  energy=    3405 frames=  37897984 flags=0x04 lost=0
2026-09-04T18:12:52.028+00:00 seq=16967 state=QUIET  energy=    1576 frames=  37898240 flags=0x04 lost=0
2026-09-04T18:12:52.028+00:00 seq=16968 state=QUIET  energy=    6643 frames=  37898496 flags=0x04 lost=0
2026-09-04T18:12:52.028+00:00 seq=16969 state=QUIET  energy=   11758 frames=  37898752 flags=0x04 lost=0
2026-09-04T18:12:52.123+00:00 seq=16970 state=QUIET  energy=   18387 frames=  37899008 flags=0x04 lost=0
2026-09-04T18:12:52.124+00:00 seq=16971 state=QUIET  energy=   17711 frames=  37899264 flags=0x04 lost=0
2026-09-04T18:12:52.124+00:00 seq=16972 state=QUIET  energy=   15433 frames=  37899520 flags=0x04 lost=0
2026-09-04T18:12:52.124+00:00 seq=16973 state=QUIET  energy=   13047 frames=  37899776 flags=0x04 lost=0
2026-09-04T18:12:52.124+00:00 seq=16974 state=QUIET  energy=   11300 frames=  37900032 flags=0x04 lost=0
2026-09-04T18:12:52.124+00:00 seq=16975 state=QUIET  energy=   10928 frames=  37900288 flags=0x04 lost=0
2026-09-04T18:12:52.124+00:00 seq=16976 state=QUIET  energy=    9263 frames=  37900544 flags=0x04 lost=0
2026-09-04T18:12:52.124+00:00 seq=16977 state=QUIET  energy=    8243 frames=  37900800 flags=0x04 lost=0
2026-09-04T18:12:52.124+00:00 seq=16978 state=QUIET  energy=    7749 frames=  37901056 flags=0x04 lost=0
2026-09-04T18:12:52.125+00:00 seq=16979 state=QUIET  energy=    9270 frames=  37901312 flags=0x04 lost=0
2026-09-04T18:12:52.125+00:00 seq=16980 state=QUIET  energy=    9430 frames=  37901568 flags=0x04 lost=0
2026-09-04T18:12:52.125+00:00 seq=16981 state=QUIET  energy=    9971 frames=  37901824 flags=0x04 lost=0
2026-09-04T18:12:52.125+00:00 seq=16982 state=QUIET  energy=    9299 frames=  37902080 flags=0x04 lost=0
2026-09-04T18:12:52.125+00:00 seq=16983 state=QUIET  energy=    8502 frames=  37902336 flags=0x04 lost=0
2026-09-04T18:12:52.125+00:00 seq=16984 state=QUIET  energy=    5992 frames=  37902592 flags=0x04 lost=0
2026-09-04T18:12:52.125+00:00 seq=16985 state=QUIET  energy=    5257 frames=  37902848 flags=0x04 lost=0
2026-09-04T18:12:52.220+00:00 seq=16986 state=QUIET  energy=    5248 frames=  37903104 flags=0x04 lost=0
2026-09-04T18:12:52.221+00:00 seq=16987 state=QUIET  energy=    4835 frames=  37903360 flags=0x04 lost=0
2026-09-04T18:12:52.221+00:00 seq=16988 state=QUIET  energy=    3616 frames=  37903616 flags=0x04 lost=0
2026-09-04T18:12:52.221+00:00 seq=16989 state=QUIET  energy=    2153 frames=  37903872 flags=0x04 lost=0
2026-09-04T18:12:52.221+00:00 seq=16990 state=QUIET  energy=    2262 frames=  37904128 flags=0x04 lost=0
2026-09-04T18:12:52.221+00:00 seq=16991 state=QUIET  energy=    2309 frames=  37904384 flags=0x04 lost=0
2026-09-04T18:12:52.221+00:00 seq=16992 state=QUIET  energy=    2093 frames=  37904640 flags=0x04 lost=0
2026-09-04T18:12:52.221+00:00 seq=16993 state=QUIET  energy=    4175 frames=  37904896 flags=0x04 lost=0
2026-09-04T18:12:52.221+00:00 seq=16994 state=QUIET  energy=    3831 frames=  37905152 flags=0x04 lost=0
2026-09-04T18:12:52.222+00:00 seq=16995 state=QUIET  energy=    1814 frames=  37905408 flags=0x04 lost=0
2026-09-04T18:12:52.222+00:00 seq=16996 state=QUIET  energy=    1160 frames=  37905664 flags=0x04 lost=0
2026-09-04T18:12:52.222+00:00 seq=16997 state=QUIET  energy=    1154 frames=  37905920 flags=0x04 lost=0
2026-09-04T18:12:52.222+00:00 seq=16998 state=QUIET  energy=    1277 frames=  37906176 flags=0x04 lost=0
2026-09-04T18:12:52.222+00:00 seq=16999 state=QUIET  energy=    3031 frames=  37906432 flags=0x04 lost=0
2026-09-04T18:12:52.222+00:00 seq=17000 state=QUIET  energy=    5813 frames=  37906688 flags=0x04 lost=0
2026-09-04T18:12:52.222+00:00 seq=17001 state=QUIET  energy=    5436 frames=  37906944 flags=0x04 lost=0
2026-09-04T18:12:52.318+00:00 seq=17002 state=QUIET  energy=    3955 frames=  37907200 flags=0x04 lost=0
2026-09-04T18:12:52.318+00:00 seq=17003 state=QUIET  energy=    1683 frames=  37907456 flags=0x04 lost=0
2026-09-04T18:12:52.318+00:00 seq=17004 state=QUIET  energy=    1365 frames=  37907712 flags=0x04 lost=0
2026-09-04T18:12:52.318+00:00 seq=17005 state=QUIET  energy=    2605 frames=  37907968 flags=0x04 lost=0
2026-09-04T18:12:52.318+00:00 seq=17006 state=QUIET  energy=     903 frames=  37908224 flags=0x04 lost=0
2026-09-04T18:12:52.318+00:00 seq=17007 state=QUIET  energy=    1184 frames=  37908480 flags=0x04 lost=0
2026-09-04T18:12:52.318+00:00 seq=17008 state=QUIET  energy=    2818 frames=  37908736 flags=0x04 lost=0
2026-09-04T18:12:52.318+00:00 seq=17009 state=QUIET  energy=    1125 frames=  37908992 flags=0x04 lost=0
2026-09-04T18:12:52.319+00:00 seq=17010 state=QUIET  energy=    1251 frames=  37909248 flags=0x04 lost=0
2026-09-04T18:12:52.319+00:00 seq=17011 state=QUIET  energy=    1311 frames=  37909504 flags=0x04 lost=0
2026-09-04T18:12:52.319+00:00 seq=17012 state=QUIET  energy=    2586 frames=  37909760 flags=0x04 lost=0
2026-09-04T18:12:52.319+00:00 seq=17013 state=QUIET  energy=    3864 frames=  37910016 flags=0x04 lost=0
2026-09-04T18:12:52.319+00:00 seq=17014 state=QUIET  energy=    4369 frames=  37910272 flags=0x04 lost=0
2026-09-04T18:12:52.319+00:00 seq=17015 state=QUIET  energy=    2879 frames=  37910528 flags=0x04 lost=0
2026-09-04T18:12:52.319+00:00 seq=17016 state=QUIET  energy=    3576 frames=  37910784 flags=0x04 lost=0
2026-09-04T18:12:52.319+00:00 seq=17017 state=QUIET  energy=    3049 frames=  37911040 flags=0x04 lost=0
2026-09-04T18:12:52.415+00:00 seq=17018 state=QUIET  energy=    2896 frames=  37911296 flags=0x04 lost=0
2026-09-04T18:12:52.415+00:00 seq=17019 state=QUIET  energy=     924 frames=  37911552 flags=0x04 lost=0
2026-09-04T18:12:52.415+00:00 seq=17020 state=QUIET  energy=     818 frames=  37911808 flags=0x04 lost=0
2026-09-04T18:12:52.415+00:00 seq=17021 state=QUIET  energy=    1090 frames=  37912064 flags=0x04 lost=0
2026-09-04T18:12:52.415+00:00 seq=17022 state=QUIET  energy=    2415 frames=  37912320 flags=0x04 lost=0
2026-09-04T18:12:52.415+00:00 seq=17023 state=QUIET  energy=    3075 frames=  37912576 flags=0x04 lost=0
2026-09-04T18:12:52.415+00:00 seq=17024 state=QUIET  energy=    1863 frames=  37912832 flags=0x04 lost=0
2026-09-04T18:12:52.416+00:00 seq=17025 state=QUIET  energy=    1089 frames=  37913088 flags=0x04 lost=0
2026-09-04T18:12:52.416+00:00 seq=17026 state=QUIET  energy=    2138 frames=  37913344 flags=0x04 lost=0
2026-09-04T18:12:52.416+00:00 seq=17027 state=QUIET  energy=    2670 frames=  37913600 flags=0x04 lost=0
2026-09-04T18:12:52.416+00:00 seq=17028 state=QUIET  energy=    2389 frames=  37913856 flags=0x04 lost=0
2026-09-04T18:12:52.416+00:00 seq=17029 state=QUIET  energy=    1973 frames=  37914112 flags=0x04 lost=0
2026-09-04T18:12:52.416+00:00 seq=17030 state=QUIET  energy=    2083 frames=  37914368 flags=0x04 lost=0
2026-09-04T18:12:52.416+00:00 seq=17031 state=QUIET  energy=     884 frames=  37914624 flags=0x04 lost=0
2026-09-04T18:12:52.416+00:00 seq=17032 state=QUIET  energy=    1728 frames=  37914880 flags=0x04 lost=0
2026-09-04T18:12:52.417+00:00 seq=17033 state=QUIET  energy=    4140 frames=  37915136 flags=0x04 lost=0
2026-09-04T18:12:52.512+00:00 seq=17034 state=QUIET  energy=    3625 frames=  37915392 flags=0x04 lost=0
2026-09-04T18:12:52.512+00:00 seq=17035 state=QUIET  energy=    5425 frames=  37915648 flags=0x04 lost=0
2026-09-04T18:12:52.512+00:00 seq=17036 state=QUIET  energy=    9461 frames=  37915904 flags=0x04 lost=0
2026-09-04T18:12:52.512+00:00 seq=17037 state=QUIET  energy=   12817 frames=  37916160 flags=0x04 lost=0
2026-09-04T18:12:52.512+00:00 seq=17038 state=QUIET  energy=   16725 frames=  37916416 flags=0x04 lost=0
2026-09-04T18:12:52.512+00:00 seq=17039 state=QUIET  energy=   18990 frames=  37916672 flags=0x04 lost=0
2026-09-04T18:12:52.513+00:00 seq=17040 state=QUIET  energy=   18340 frames=  37916928 flags=0x04 lost=0
2026-09-04T18:12:52.513+00:00 seq=17041 state=QUIET  energy=   15292 frames=  37917184 flags=0x04 lost=0
2026-09-04T18:12:52.513+00:00 seq=17042 state=QUIET  energy=   13238 frames=  37917440 flags=0x04 lost=0
2026-09-04T18:12:52.513+00:00 seq=17043 state=QUIET  energy=   12483 frames=  37917696 flags=0x04 lost=0
2026-09-04T18:12:52.513+00:00 seq=17044 state=QUIET  energy=   12311 frames=  37917952 flags=0x04 lost=0
2026-09-04T18:12:52.513+00:00 seq=17045 state=QUIET  energy=   10239 frames=  37918208 flags=0x04 lost=0
2026-09-04T18:12:52.513+00:00 seq=17046 state=QUIET  energy=    7756 frames=  37918464 flags=0x04 lost=0
2026-09-04T18:12:52.513+00:00 seq=17047 state=QUIET  energy=    5679 frames=  37918720 flags=0x04 lost=0
2026-09-04T18:12:52.513+00:00 seq=17048 state=QUIET  energy=    4933 frames=  37918976 flags=0x04 lost=0
2026-09-04T18:12:52.514+00:00 seq=17049 state=QUIET  energy=    2660 frames=  37919232 flags=0x04 lost=0
2026-09-04T18:12:52.609+00:00 seq=17050 state=QUIET  energy=    4562 frames=  37919488 flags=0x04 lost=0
2026-09-04T18:12:52.609+00:00 seq=17051 state=QUIET  energy=   13547 frames=  37919744 flags=0x04 lost=0
2026-09-04T18:12:52.609+00:00 seq=17052 state=QUIET  energy=   15564 frames=  37920000 flags=0x04 lost=0
2026-09-04T18:12:52.609+00:00 seq=17053 state=QUIET  energy=   11842 frames=  37920256 flags=0x04 lost=0
2026-09-04T18:12:52.609+00:00 seq=17054 state=QUIET  energy=   11578 frames=  37920512 flags=0x04 lost=0
2026-09-04T18:12:52.609+00:00 seq=17055 state=QUIET  energy=   11032 frames=  37920768 flags=0x04 lost=0
2026-09-04T18:12:52.610+00:00 seq=17056 state=QUIET  energy=    9442 frames=  37921024 flags=0x04 lost=0
2026-09-04T18:12:52.610+00:00 seq=17057 state=QUIET  energy=    8455 frames=  37921280 flags=0x04 lost=0
2026-09-04T18:12:52.610+00:00 seq=17058 state=QUIET  energy=    8575 frames=  37921536 flags=0x04 lost=0
2026-09-04T18:12:52.610+00:00 seq=17059 state=QUIET  energy=    7047 frames=  37921792 flags=0x04 lost=0
2026-09-04T18:12:52.610+00:00 seq=17060 state=QUIET  energy=    4922 frames=  37922048 flags=0x04 lost=0
2026-09-04T18:12:52.610+00:00 seq=17061 state=QUIET  energy=    3521 frames=  37922304 flags=0x04 lost=0
2026-09-04T18:12:52.610+00:00 seq=17062 state=QUIET  energy=    5508 frames=  37922560 flags=0x04 lost=0
2026-09-04T18:12:52.610+00:00 seq=17063 state=QUIET  energy=    6998 frames=  37922816 flags=0x04 lost=0
2026-09-04T18:12:52.611+00:00 seq=17064 state=QUIET  energy=    6227 frames=  37923072 flags=0x04 lost=0
2026-09-04T18:12:52.611+00:00 seq=17065 state=QUIET  energy=    4545 frames=  37923328 flags=0x04 lost=0
2026-09-04T18:12:52.706+00:00 seq=17066 state=QUIET  energy=    5173 frames=  37923584 flags=0x04 lost=0
2026-09-04T18:12:52.706+00:00 seq=17067 state=QUIET  energy=    2637 frames=  37923840 flags=0x04 lost=0
2026-09-04T18:12:52.706+00:00 seq=17068 state=QUIET  energy=    1727 frames=  37924096 flags=0x04 lost=0
2026-09-04T18:12:52.706+00:00 seq=17069 state=QUIET  energy=     797 frames=  37924352 flags=0x04 lost=0
2026-09-04T18:12:52.706+00:00 seq=17070 state=QUIET  energy=    1448 frames=  37924608 flags=0x04 lost=0
2026-09-04T18:12:52.707+00:00 seq=17071 state=QUIET  energy=    3185 frames=  37924864 flags=0x04 lost=0
2026-09-04T18:12:52.707+00:00 seq=17072 state=QUIET  energy=    5152 frames=  37925120 flags=0x04 lost=0
2026-09-04T18:12:52.707+00:00 seq=17073 state=QUIET  energy=   11422 frames=  37925376 flags=0x04 lost=0
2026-09-04T18:12:52.707+00:00 seq=17074 state=QUIET  energy=   16733 frames=  37925632 flags=0x04 lost=0
2026-09-04T18:12:52.707+00:00 seq=17075 state=QUIET  energy=   18413 frames=  37925888 flags=0x04 lost=0
2026-09-04T18:12:52.707+00:00 seq=17076 state=QUIET  energy=   17784 frames=  37926144 flags=0x04 lost=0
2026-09-04T18:12:52.707+00:00 seq=17077 state=QUIET  energy=   18599 frames=  37926400 flags=0x04 lost=0
2026-09-04T18:12:52.707+00:00 seq=17078 state=QUIET  energy=   16597 frames=  37926656 flags=0x04 lost=0
2026-09-04T18:12:52.708+00:00 seq=17079 state=QUIET  energy=   14901 frames=  37926912 flags=0x04 lost=0
2026-09-04T18:12:52.708+00:00 seq=17080 state=QUIET  energy=   11580 frames=  37927168 flags=0x04 lost=0
2026-09-04T18:12:52.708+00:00 seq=17081 state=QUIET  energy=   10623 frames=  37927424 flags=0x04 lost=0
2026-09-04T18:12:52.803+00:00 seq=17082 state=QUIET  energy=    9429 frames=  37927680 flags=0x04 lost=0
2026-09-04T18:12:52.803+00:00 seq=17083 state=QUIET  energy=    6845 frames=  37927936 flags=0x04 lost=0
2026-09-04T18:12:52.803+00:00 seq=17084 state=QUIET  energy=    7467 frames=  37928192 flags=0x04 lost=0
2026-09-04T18:12:52.803+00:00 seq=17085 state=QUIET  energy=    5687 frames=  37928448 flags=0x04 lost=0
2026-09-04T18:12:52.804+00:00 seq=17086 state=QUIET  energy=    4323 frames=  37928704 flags=0x04 lost=0
2026-09-04T18:12:52.804+00:00 seq=17087 state=QUIET  energy=    6663 frames=  37928960 flags=0x04 lost=0
2026-09-04T18:12:52.804+00:00 seq=17088 state=QUIET  energy=    6034 frames=  37929216 flags=0x04 lost=0
2026-09-04T18:12:52.804+00:00 seq=17089 state=QUIET  energy=    3246 frames=  37929472 flags=0x04 lost=0
2026-09-04T18:12:52.804+00:00 seq=17090 state=QUIET  energy=    1668 frames=  37929728 flags=0x04 lost=0
2026-09-04T18:12:52.804+00:00 seq=17091 state=QUIET  energy=    3918 frames=  37929984 flags=0x04 lost=0
2026-09-04T18:12:52.804+00:00 seq=17092 state=QUIET  energy=    7154 frames=  37930240 flags=0x04 lost=0
2026-09-04T18:12:52.804+00:00 seq=17093 state=QUIET  energy=   14506 frames=  37930496 flags=0x04 lost=0
2026-09-04T18:12:52.804+00:00 seq=17094 state=QUIET  energy=   16669 frames=  37930752 flags=0x04 lost=0
2026-09-04T18:12:52.805+00:00 seq=17095 state=QUIET  energy=   16072 frames=  37931008 flags=0x04 lost=0
2026-09-04T18:12:52.805+00:00 seq=17096 state=QUIET  energy=   13419 frames=  37931264 flags=0x04 lost=0
2026-09-04T18:12:52.805+00:00 seq=17097 state=QUIET  energy=   12490 frames=  37931520 flags=0x04 lost=0
2026-09-04T18:12:52.900+00:00 seq=17098 state=QUIET  energy=   11874 frames=  37931776 flags=0x04 lost=0
2026-09-04T18:12:52.900+00:00 seq=17099 state=QUIET  energy=   10312 frames=  37932032 flags=0x04 lost=0
2026-09-04T18:12:52.900+00:00 seq=17100 state=QUIET  energy=    9673 frames=  37932288 flags=0x04 lost=0
2026-09-04T18:12:52.901+00:00 seq=17101 state=QUIET  energy=    9871 frames=  37932544 flags=0x04 lost=0
2026-09-04T18:12:52.901+00:00 seq=17102 state=QUIET  energy=    9038 frames=  37932800 flags=0x04 lost=0
2026-09-04T18:12:52.901+00:00 seq=17103 state=QUIET  energy=    8662 frames=  37933056 flags=0x04 lost=0
2026-09-04T18:12:52.901+00:00 seq=17104 state=QUIET  energy=    8765 frames=  37933312 flags=0x04 lost=0
2026-09-04T18:12:52.901+00:00 seq=17105 state=QUIET  energy=    6368 frames=  37933568 flags=0x04 lost=0
2026-09-04T18:12:52.901+00:00 seq=17106 state=QUIET  energy=    5906 frames=  37933824 flags=0x04 lost=0
2026-09-04T18:12:52.901+00:00 seq=17107 state=QUIET  energy=    5320 frames=  37934080 flags=0x04 lost=0
2026-09-04T18:12:52.901+00:00 seq=17108 state=QUIET  energy=    4171 frames=  37934336 flags=0x04 lost=0
2026-09-04T18:12:52.901+00:00 seq=17109 state=QUIET  energy=    5450 frames=  37934592 flags=0x04 lost=0
2026-09-04T18:12:52.902+00:00 seq=17110 state=QUIET  energy=    4310 frames=  37934848 flags=0x04 lost=0
2026-09-04T18:12:52.902+00:00 seq=17111 state=QUIET  energy=    2165 frames=  37935104 flags=0x04 lost=0
2026-09-04T18:12:52.902+00:00 seq=17112 state=QUIET  energy=    2149 frames=  37935360 flags=0x04 lost=0
2026-09-04T18:12:52.902+00:00 seq=17113 state=QUIET  energy=    4163 frames=  37935616 flags=0x04 lost=0
2026-09-04T18:12:52.997+00:00 seq=17114 state=QUIET  energy=    1991 frames=  37935872 flags=0x04 lost=0
2026-09-04T18:12:52.997+00:00 seq=17115 state=QUIET  energy=     863 frames=  37936128 flags=0x04 lost=0
2026-09-04T18:12:52.997+00:00 seq=17116 state=QUIET  energy=    1004 frames=  37936384 flags=0x04 lost=0
2026-09-04T18:12:52.998+00:00 seq=17117 state=QUIET  energy=    1634 frames=  37936640 flags=0x04 lost=0
2026-09-04T18:12:52.998+00:00 seq=17118 state=QUIET  energy=    1607 frames=  37936896 flags=0x04 lost=0
2026-09-04T18:12:52.998+00:00 seq=17119 state=QUIET  energy=    1327 frames=  37937152 flags=0x04 lost=0
2026-09-04T18:12:52.998+00:00 seq=17120 state=QUIET  energy=    1210 frames=  37937408 flags=0x04 lost=0
2026-09-04T18:12:52.998+00:00 seq=17121 state=QUIET  energy=    1529 frames=  37937664 flags=0x04 lost=0
2026-09-04T18:12:52.998+00:00 seq=17122 state=QUIET  energy=    1618 frames=  37937920 flags=0x04 lost=0
2026-09-04T18:12:52.998+00:00 seq=17123 state=QUIET  energy=    1428 frames=  37938176 flags=0x04 lost=0
2026-09-04T18:12:52.998+00:00 seq=17124 state=QUIET  energy=    1071 frames=  37938432 flags=0x04 lost=0
2026-09-04T18:12:52.999+00:00 seq=17125 state=QUIET  energy=    1836 frames=  37938688 flags=0x04 lost=0
2026-09-04T18:12:52.999+00:00 seq=17126 state=QUIET  energy=    2457 frames=  37938944 flags=0x04 lost=0
2026-09-04T18:12:52.999+00:00 seq=17127 state=QUIET  energy=    6163 frames=  37939200 flags=0x04 lost=0
2026-09-04T18:12:52.999+00:00 seq=17128 state=QUIET  energy=   11418 frames=  37939456 flags=0x04 lost=0
2026-09-04T18:12:52.999+00:00 seq=17129 state=QUIET  energy=   18567 frames=  37939712 flags=0x04 lost=0
2026-09-04T18:12:53.094+00:00 seq=17130 state=QUIET  energy=   23603 frames=  37939968 flags=0x04 lost=0
2026-09-04T18:12:53.094+00:00 seq=17131 state=QUIET  energy=   22385 frames=  37940224 flags=0x04 lost=0
2026-09-04T18:12:53.095+00:00 seq=17132 state=QUIET  energy=   20147 frames=  37940480 flags=0x04 lost=0
2026-09-04T18:12:53.095+00:00 seq=17133 state=QUIET  energy=   16207 frames=  37940736 flags=0x04 lost=0
2026-09-04T18:12:53.095+00:00 seq=17134 state=QUIET  energy=   11018 frames=  37940992 flags=0x04 lost=0
2026-09-04T18:12:53.095+00:00 seq=17135 state=QUIET  energy=    9220 frames=  37941248 flags=0x04 lost=0
2026-09-04T18:12:53.095+00:00 seq=17136 state=QUIET  energy=    5808 frames=  37941504 flags=0x04 lost=0
2026-09-04T18:12:53.095+00:00 seq=17137 state=QUIET  energy=    3154 frames=  37941760 flags=0x04 lost=0
2026-09-04T18:12:53.095+00:00 seq=17138 state=QUIET  energy=    1854 frames=  37942016 flags=0x04 lost=0
2026-09-04T18:12:53.095+00:00 seq=17139 state=QUIET  energy=    1178 frames=  37942272 flags=0x04 lost=0
2026-09-04T18:12:53.096+00:00 seq=17140 state=QUIET  energy=    3914 frames=  37942528 flags=0x04 lost=0
2026-09-04T18:12:53.096+00:00 seq=17141 state=QUIET  energy=   12511 frames=  37942784 flags=0x04 lost=0
2026-09-04T18:12:53.096+00:00 seq=17142 state=QUIET  energy=   14961 frames=  37943040 flags=0x04 lost=0
2026-09-04T18:12:53.096+00:00 seq=17143 state=QUIET  energy=   15653 frames=  37943296 flags=0x04 lost=0
2026-09-04T18:12:53.096+00:00 seq=17144 state=QUIET  energy=   17226 frames=  37943552 flags=0x04 lost=0
2026-09-04T18:12:53.096+00:00 seq=17145 state=QUIET  energy=   17314 frames=  37943808 flags=0x04 lost=0
2026-09-04T18:12:53.191+00:00 seq=17146 state=QUIET  energy=   16348 frames=  37944064 flags=0x04 lost=0
2026-09-04T18:12:53.192+00:00 seq=17147 state=QUIET  energy=   13396 frames=  37944320 flags=0x04 lost=0
2026-09-04T18:12:53.192+00:00 seq=17148 state=QUIET  energy=   11916 frames=  37944576 flags=0x04 lost=0
2026-09-04T18:12:53.192+00:00 seq=17149 state=QUIET  energy=    9143 frames=  37944832 flags=0x04 lost=0
2026-09-04T18:12:53.192+00:00 seq=17150 state=QUIET  energy=    7645 frames=  37945088 flags=0x04 lost=0
2026-09-04T18:12:53.192+00:00 seq=17151 state=QUIET  energy=    6687 frames=  37945344 flags=0x04 lost=0
2026-09-04T18:12:53.192+00:00 seq=17152 state=QUIET  energy=    6041 frames=  37945600 flags=0x04 lost=0
2026-09-04T18:12:53.192+00:00 seq=17153 state=QUIET  energy=    5778 frames=  37945856 flags=0x04 lost=0
2026-09-04T18:12:53.192+00:00 seq=17154 state=QUIET  energy=    3154 frames=  37946112 flags=0x04 lost=0
2026-09-04T18:12:53.192+00:00 seq=17155 state=QUIET  energy=    4419 frames=  37946368 flags=0x04 lost=0
2026-09-04T18:12:53.193+00:00 seq=17156 state=QUIET  energy=    3522 frames=  37946624 flags=0x04 lost=0
2026-09-04T18:12:53.193+00:00 seq=17157 state=QUIET  energy=    2531 frames=  37946880 flags=0x04 lost=0
2026-09-04T18:12:53.193+00:00 seq=17158 state=QUIET  energy=    2794 frames=  37947136 flags=0x04 lost=0
2026-09-04T18:12:53.193+00:00 seq=17159 state=QUIET  energy=    2865 frames=  37947392 flags=0x04 lost=0
2026-09-04T18:12:53.193+00:00 seq=17160 state=QUIET  energy=    1880 frames=  37947648 flags=0x04 lost=0
2026-09-04T18:12:53.193+00:00 seq=17161 state=QUIET  energy=    1271 frames=  37947904 flags=0x04 lost=0
2026-09-04T18:12:53.288+00:00 seq=17162 state=QUIET  energy=    1384 frames=  37948160 flags=0x04 lost=0
2026-09-04T18:12:53.289+00:00 seq=17163 state=QUIET  energy=    2841 frames=  37948416 flags=0x04 lost=0
2026-09-04T18:12:53.289+00:00 seq=17164 state=QUIET  energy=    3156 frames=  37948672 flags=0x04 lost=0
2026-09-04T18:12:53.289+00:00 seq=17165 state=QUIET  energy=    2510 frames=  37948928 flags=0x04 lost=0
2026-09-04T18:12:53.289+00:00 seq=17166 state=QUIET  energy=    1951 frames=  37949184 flags=0x04 lost=0
2026-09-04T18:12:53.289+00:00 seq=17167 state=QUIET  energy=    2228 frames=  37949440 flags=0x04 lost=0
2026-09-04T18:12:53.289+00:00 seq=17168 state=QUIET  energy=     952 frames=  37949696 flags=0x04 lost=0
2026-09-04T18:12:53.289+00:00 seq=17169 state=QUIET  energy=     871 frames=  37949952 flags=0x04 lost=0
2026-09-04T18:12:53.289+00:00 seq=17170 state=QUIET  energy=    1027 frames=  37950208 flags=0x04 lost=0
2026-09-04T18:12:53.290+00:00 seq=17171 state=QUIET  energy=    1134 frames=  37950464 flags=0x04 lost=0
2026-09-04T18:12:53.290+00:00 seq=17172 state=QUIET  energy=    1849 frames=  37950720 flags=0x04 lost=0
2026-09-04T18:12:53.290+00:00 seq=17173 state=QUIET  energy=    1909 frames=  37950976 flags=0x04 lost=0
2026-09-04T18:12:53.290+00:00 seq=17174 state=QUIET  energy=    2868 frames=  37951232 flags=0x04 lost=0
2026-09-04T18:12:53.290+00:00 seq=17175 state=QUIET  energy=    4420 frames=  37951488 flags=0x04 lost=0
2026-09-04T18:12:53.290+00:00 seq=17176 state=QUIET  energy=    4394 frames=  37951744 flags=0x04 lost=0
2026-09-04T18:12:53.290+00:00 seq=17177 state=QUIET  energy=    3037 frames=  37952000 flags=0x04 lost=0
2026-09-04T18:12:53.386+00:00 seq=17178 state=QUIET  energy=    3004 frames=  37952256 flags=0x04 lost=0
2026-09-04T18:12:53.386+00:00 seq=17179 state=QUIET  energy=    3081 frames=  37952512 flags=0x04 lost=0
2026-09-04T18:12:53.386+00:00 seq=17180 state=QUIET  energy=    2761 frames=  37952768 flags=0x04 lost=0
2026-09-04T18:12:53.386+00:00 seq=17181 state=QUIET  energy=    2531 frames=  37953024 flags=0x04 lost=0
2026-09-04T18:12:53.386+00:00 seq=17182 state=QUIET  energy=    4052 frames=  37953280 flags=0x04 lost=0
2026-09-04T18:12:53.386+00:00 seq=17183 state=QUIET  energy=    4409 frames=  37953536 flags=0x04 lost=0
2026-09-04T18:12:53.386+00:00 seq=17184 state=QUIET  energy=    3759 frames=  37953792 flags=0x04 lost=0
2026-09-04T18:12:53.387+00:00 seq=17185 state=QUIET  energy=    3483 frames=  37954048 flags=0x04 lost=0
2026-09-04T18:12:53.387+00:00 seq=17186 state=QUIET  energy=    3465 frames=  37954304 flags=0x04 lost=0
2026-09-04T18:12:53.387+00:00 seq=17187 state=QUIET  energy=    1385 frames=  37954560 flags=0x04 lost=0
2026-09-04T18:12:53.387+00:00 seq=17188 state=QUIET  energy=    2658 frames=  37954816 flags=0x04 lost=0
2026-09-04T18:12:53.387+00:00 seq=17189 state=QUIET  energy=    1816 frames=  37955072 flags=0x04 lost=0
2026-09-04T18:12:53.387+00:00 seq=17190 state=QUIET  energy=     911 frames=  37955328 flags=0x04 lost=0
2026-09-04T18:12:53.387+00:00 seq=17191 state=QUIET  energy=    2652 frames=  37955584 flags=0x04 lost=0
2026-09-04T18:12:53.387+00:00 seq=17192 state=QUIET  energy=    3608 frames=  37955840 flags=0x04 lost=0
2026-09-04T18:12:53.388+00:00 seq=17193 state=QUIET  energy=    2719 frames=  37956096 flags=0x04 lost=0
2026-09-04T18:12:53.483+00:00 seq=17194 state=QUIET  energy=    2973 frames=  37956352 flags=0x04 lost=0
2026-09-04T18:12:53.483+00:00 seq=17195 state=QUIET  energy=    3168 frames=  37956608 flags=0x04 lost=0
2026-09-04T18:12:53.483+00:00 seq=17196 state=QUIET  energy=    4761 frames=  37956864 flags=0x04 lost=0
2026-09-04T18:12:53.483+00:00 seq=17197 state=QUIET  energy=    4375 frames=  37957120 flags=0x04 lost=0
2026-09-04T18:12:53.483+00:00 seq=17198 state=QUIET  energy=    3979 frames=  37957376 flags=0x04 lost=0
2026-09-04T18:12:53.483+00:00 seq=17199 state=QUIET  energy=    3241 frames=  37957632 flags=0x04 lost=0
2026-09-04T18:12:53.484+00:00 seq=17200 state=QUIET  energy=    2878 frames=  37957888 flags=0x04 lost=0
2026-09-04T18:12:53.484+00:00 seq=17201 state=QUIET  energy=    2054 frames=  37958144 flags=0x04 lost=0
2026-09-04T18:12:53.484+00:00 seq=17202 state=QUIET  energy=    4155 frames=  37958400 flags=0x04 lost=0
2026-09-04T18:12:53.484+00:00 seq=17203 state=QUIET  energy=    4988 frames=  37958656 flags=0x04 lost=0
2026-09-04T18:12:53.484+00:00 seq=17204 state=QUIET  energy=    4301 frames=  37958912 flags=0x04 lost=0
2026-09-04T18:12:53.484+00:00 seq=17205 state=QUIET  energy=    3784 frames=  37959168 flags=0x04 lost=0
2026-09-04T18:12:53.484+00:00 seq=17206 state=QUIET  energy=    3037 frames=  37959424 flags=0x04 lost=0
2026-09-04T18:12:53.484+00:00 seq=17207 state=QUIET  energy=    2601 frames=  37959680 flags=0x04 lost=0
2026-09-04T18:12:53.485+00:00 seq=17208 state=QUIET  energy=    2143 frames=  37959936 flags=0x04 lost=0
2026-09-04T18:12:53.485+00:00 seq=17209 state=QUIET  energy=    3187 frames=  37960192 flags=0x04 lost=0
2026-09-04T18:12:53.580+00:00 seq=17210 state=QUIET  energy=    3076 frames=  37960448 flags=0x04 lost=0
2026-09-04T18:12:53.580+00:00 seq=17211 state=QUIET  energy=    3028 frames=  37960704 flags=0x04 lost=0
2026-09-04T18:12:53.580+00:00 seq=17212 state=QUIET  energy=    2145 frames=  37960960 flags=0x04 lost=0
2026-09-04T18:12:53.580+00:00 seq=17213 state=QUIET  energy=    1142 frames=  37961216 flags=0x04 lost=0
2026-09-04T18:12:53.580+00:00 seq=17214 state=QUIET  energy=    2403 frames=  37961472 flags=0x04 lost=0
2026-09-04T18:12:53.580+00:00 seq=17215 state=QUIET  energy=    7089 frames=  37961728 flags=0x04 lost=0
2026-09-04T18:12:53.581+00:00 seq=17216 state=QUIET  energy=    6818 frames=  37961984 flags=0x04 lost=0
2026-09-04T18:12:53.581+00:00 seq=17217 state=QUIET  energy=    6257 frames=  37962240 flags=0x04 lost=0
2026-09-04T18:12:53.581+00:00 seq=17218 state=QUIET  energy=    3138 frames=  37962496 flags=0x04 lost=0
2026-09-04T18:12:53.581+00:00 seq=17219 state=QUIET  energy=    2276 frames=  37962752 flags=0x04 lost=0
2026-09-04T18:12:53.581+00:00 seq=17220 state=QUIET  energy=    2863 frames=  37963008 flags=0x04 lost=0
2026-09-04T18:12:53.581+00:00 seq=17221 state=QUIET  energy=    3327 frames=  37963264 flags=0x04 lost=0
2026-09-04T18:12:53.581+00:00 seq=17222 state=QUIET  energy=    2699 frames=  37963520 flags=0x04 lost=0
2026-09-04T18:12:53.581+00:00 seq=17223 state=QUIET  energy=    2830 frames=  37963776 flags=0x04 lost=0
2026-09-04T18:12:53.582+00:00 seq=17224 state=QUIET  energy=    1273 frames=  37964032 flags=0x04 lost=0
2026-09-04T18:12:53.582+00:00 seq=17225 state=QUIET  energy=    2133 frames=  37964288 flags=0x04 lost=0
2026-09-04T18:12:53.677+00:00 seq=17226 state=QUIET  energy=    5534 frames=  37964544 flags=0x04 lost=0
2026-09-04T18:12:53.677+00:00 seq=17227 state=QUIET  energy=    3908 frames=  37964800 flags=0x04 lost=0
2026-09-04T18:12:53.677+00:00 seq=17228 state=QUIET  energy=    4688 frames=  37965056 flags=0x04 lost=0
2026-09-04T18:12:53.677+00:00 seq=17229 state=QUIET  energy=    4400 frames=  37965312 flags=0x04 lost=0
2026-09-04T18:12:53.677+00:00 seq=17230 state=QUIET  energy=    5392 frames=  37965568 flags=0x04 lost=0
2026-09-04T18:12:53.677+00:00 seq=17231 state=QUIET  energy=    3283 frames=  37965824 flags=0x04 lost=0
2026-09-04T18:12:53.678+00:00 seq=17232 state=QUIET  energy=    4041 frames=  37966080 flags=0x04 lost=0
2026-09-04T18:12:53.678+00:00 seq=17233 state=QUIET  energy=    4156 frames=  37966336 flags=0x04 lost=0
2026-09-04T18:12:53.678+00:00 seq=17234 state=QUIET  energy=    3452 frames=  37966592 flags=0x04 lost=0
2026-09-04T18:12:53.678+00:00 seq=17235 state=QUIET  energy=    3370 frames=  37966848 flags=0x04 lost=0
2026-09-04T18:12:53.678+00:00 seq=17236 state=QUIET  energy=    4291 frames=  37967104 flags=0x04 lost=0
2026-09-04T18:12:53.678+00:00 seq=17237 state=QUIET  energy=    4042 frames=  37967360 flags=0x04 lost=0
2026-09-04T18:12:53.678+00:00 seq=17238 state=QUIET  energy=    1740 frames=  37967616 flags=0x04 lost=0
2026-09-04T18:12:53.678+00:00 seq=17239 state=QUIET  energy=    3178 frames=  37967872 flags=0x04 lost=0
2026-09-04T18:12:53.679+00:00 seq=17240 state=QUIET  energy=    2477 frames=  37968128 flags=0x04 lost=0
2026-09-04T18:12:53.679+00:00 seq=17241 state=QUIET  energy=    2609 frames=  37968384 flags=0x04 lost=0
2026-09-04T18:12:53.774+00:00 seq=17242 state=QUIET  energy=    1825 frames=  37968640 flags=0x04 lost=0
2026-09-04T18:12:53.774+00:00 seq=17243 state=QUIET  energy=    2839 frames=  37968896 flags=0x04 lost=0
2026-09-04T18:12:53.774+00:00 seq=17244 state=QUIET  energy=    2012 frames=  37969152 flags=0x04 lost=0
2026-09-04T18:12:53.774+00:00 seq=17245 state=QUIET  energy=    1257 frames=  37969408 flags=0x04 lost=0
2026-09-04T18:12:53.775+00:00 seq=17246 state=QUIET  energy=    2857 frames=  37969664 flags=0x04 lost=0
2026-09-04T18:12:53.775+00:00 seq=17247 state=QUIET  energy=    5910 frames=  37969920 flags=0x04 lost=0
2026-09-04T18:12:53.775+00:00 seq=17248 state=QUIET  energy=    6657 frames=  37970176 flags=0x04 lost=0
2026-09-04T18:12:53.775+00:00 seq=17249 state=QUIET  energy=    7396 frames=  37970432 flags=0x04 lost=0
2026-09-04T18:12:53.775+00:00 seq=17250 state=QUIET  energy=    5485 frames=  37970688 flags=0x04 lost=0
2026-09-04T18:12:53.775+00:00 seq=17251 state=QUIET  energy=    6101 frames=  37970944 flags=0x04 lost=0
2026-09-04T18:12:53.775+00:00 seq=17252 state=QUIET  energy=    6924 frames=  37971200 flags=0x04 lost=0
2026-09-04T18:12:53.775+00:00 seq=17253 state=QUIET  energy=    6312 frames=  37971456 flags=0x04 lost=0
2026-09-04T18:12:53.775+00:00 seq=17254 state=QUIET  energy=    6559 frames=  37971712 flags=0x04 lost=0
2026-09-04T18:12:53.776+00:00 seq=17255 state=QUIET  energy=    6061 frames=  37971968 flags=0x04 lost=0
2026-09-04T18:12:53.776+00:00 seq=17256 state=QUIET  energy=    6298 frames=  37972224 flags=0x04 lost=0
2026-09-04T18:12:53.776+00:00 seq=17257 state=QUIET  energy=    4931 frames=  37972480 flags=0x04 lost=0
2026-09-04T18:12:53.871+00:00 seq=17258 state=QUIET  energy=    4963 frames=  37972736 flags=0x04 lost=0
2026-09-04T18:12:53.871+00:00 seq=17259 state=QUIET  energy=    5847 frames=  37972992 flags=0x04 lost=0
2026-09-04T18:12:53.871+00:00 seq=17260 state=QUIET  energy=    5714 frames=  37973248 flags=0x04 lost=0
2026-09-04T18:12:53.871+00:00 seq=17261 state=QUIET  energy=    6180 frames=  37973504 flags=0x04 lost=0
2026-09-04T18:12:53.872+00:00 seq=17262 state=QUIET  energy=    5841 frames=  37973760 flags=0x04 lost=0
2026-09-04T18:12:53.872+00:00 seq=17263 state=QUIET  energy=    4987 frames=  37974016 flags=0x04 lost=0
2026-09-04T18:12:53.872+00:00 seq=17264 state=QUIET  energy=    3587 frames=  37974272 flags=0x04 lost=0
2026-09-04T18:12:53.872+00:00 seq=17265 state=QUIET  energy=    2758 frames=  37974528 flags=0x04 lost=0
2026-09-04T18:12:53.872+00:00 seq=17266 state=QUIET  energy=    2593 frames=  37974784 flags=0x04 lost=0
2026-09-04T18:12:53.872+00:00 seq=17267 state=QUIET  energy=    2255 frames=  37975040 flags=0x04 lost=0
2026-09-04T18:12:53.872+00:00 seq=17268 state=QUIET  energy=    1373 frames=  37975296 flags=0x04 lost=0
2026-09-04T18:12:53.872+00:00 seq=17269 state=QUIET  energy=    2129 frames=  37975552 flags=0x04 lost=0
2026-09-04T18:12:53.873+00:00 seq=17270 state=QUIET  energy=    1684 frames=  37975808 flags=0x04 lost=0
2026-09-04T18:12:53.873+00:00 seq=17271 state=QUIET  energy=    2411 frames=  37976064 flags=0x04 lost=0
2026-09-04T18:12:53.873+00:00 seq=17272 state=QUIET  energy=    3753 frames=  37976320 flags=0x04 lost=0
2026-09-04T18:12:53.873+00:00 seq=17273 state=QUIET  energy=    5674 frames=  37976576 flags=0x04 lost=0
2026-09-04T18:12:53.968+00:00 seq=17274 state=QUIET  energy=    6444 frames=  37976832 flags=0x04 lost=0
2026-09-04T18:12:53.968+00:00 seq=17275 state=QUIET  energy=    5031 frames=  37977088 flags=0x04 lost=0
2026-09-04T18:12:53.968+00:00 seq=17276 state=QUIET  energy=    4732 frames=  37977344 flags=0x04 lost=0
2026-09-04T18:12:53.968+00:00 seq=17277 state=QUIET  energy=    3896 frames=  37977600 flags=0x04 lost=0
2026-09-04T18:12:53.969+00:00 seq=17278 state=QUIET  energy=    2229 frames=  37977856 flags=0x04 lost=0
2026-09-04T18:12:53.969+00:00 seq=17279 state=QUIET  energy=    2655 frames=  37978112 flags=0x04 lost=0
2026-09-04T18:12:53.969+00:00 seq=17280 state=QUIET  energy=    4648 frames=  37978368 flags=0x04 lost=0
2026-09-04T18:12:53.969+00:00 seq=17281 state=QUIET  energy=    3470 frames=  37978624 flags=0x04 lost=0
2026-09-04T18:12:53.969+00:00 seq=17282 state=QUIET  energy=    3865 frames=  37978880 flags=0x04 lost=0
2026-09-04T18:12:53.969+00:00 seq=17283 state=QUIET  energy=    3304 frames=  37979136 flags=0x04 lost=0
2026-09-04T18:12:53.969+00:00 seq=17284 state=QUIET  energy=    3373 frames=  37979392 flags=0x04 lost=0
2026-09-04T18:12:53.969+00:00 seq=17285 state=QUIET  energy=    2423 frames=  37979648 flags=0x04 lost=0
2026-09-04T18:12:53.970+00:00 seq=17286 state=QUIET  energy=     876 frames=  37979904 flags=0x04 lost=0
2026-09-04T18:12:53.970+00:00 seq=17287 state=QUIET  energy=    1875 frames=  37980160 flags=0x04 lost=0
2026-09-04T18:12:53.970+00:00 seq=17288 state=QUIET  energy=    3584 frames=  37980416 flags=0x04 lost=0
2026-09-04T18:12:53.970+00:00 seq=17289 state=QUIET  energy=    3246 frames=  37980672 flags=0x04 lost=0
2026-09-04T18:12:54.065+00:00 seq=17290 state=QUIET  energy=    2005 frames=  37980928 flags=0x04 lost=0
2026-09-04T18:12:54.065+00:00 seq=17291 state=QUIET  energy=    3184 frames=  37981184 flags=0x04 lost=0
2026-09-04T18:12:54.066+00:00 seq=17292 state=QUIET  energy=    3796 frames=  37981440 flags=0x04 lost=0
2026-09-04T18:12:54.066+00:00 seq=17293 state=QUIET  energy=    3193 frames=  37981696 flags=0x04 lost=0
2026-09-04T18:12:54.066+00:00 seq=17294 state=QUIET  energy=    2726 frames=  37981952 flags=0x04 lost=0
2026-09-04T18:12:54.066+00:00 seq=17295 state=QUIET  energy=    2762 frames=  37982208 flags=0x04 lost=0
2026-09-04T18:12:54.066+00:00 seq=17296 state=QUIET  energy=    4287 frames=  37982464 flags=0x04 lost=0
2026-09-04T18:12:54.066+00:00 seq=17297 state=QUIET  energy=    2800 frames=  37982720 flags=0x04 lost=0
2026-09-04T18:12:54.066+00:00 seq=17298 state=QUIET  energy=    3099 frames=  37982976 flags=0x04 lost=0
2026-09-04T18:12:54.066+00:00 seq=17299 state=QUIET  energy=    1976 frames=  37983232 flags=0x04 lost=0
2026-09-04T18:12:54.067+00:00 seq=17300 state=QUIET  energy=    1859 frames=  37983488 flags=0x04 lost=0
2026-09-04T18:12:54.067+00:00 seq=17301 state=QUIET  energy=    1230 frames=  37983744 flags=0x04 lost=0
2026-09-04T18:12:54.067+00:00 seq=17302 state=QUIET  energy=     935 frames=  37984000 flags=0x04 lost=0
2026-09-04T18:12:54.067+00:00 seq=17303 state=QUIET  energy=    2742 frames=  37984256 flags=0x04 lost=0
2026-09-04T18:12:54.067+00:00 seq=17304 state=QUIET  energy=    1369 frames=  37984512 flags=0x04 lost=0
2026-09-04T18:12:54.067+00:00 seq=17305 state=QUIET  energy=    1008 frames=  37984768 flags=0x04 lost=0
2026-09-04T18:12:54.162+00:00 seq=17306 state=QUIET  energy=     854 frames=  37985024 flags=0x04 lost=0
2026-09-04T18:12:54.162+00:00 seq=17307 state=QUIET  energy=     980 frames=  37985280 flags=0x04 lost=0
2026-09-04T18:12:54.163+00:00 seq=17308 state=QUIET  energy=    1840 frames=  37985536 flags=0x04 lost=0
2026-09-04T18:12:54.163+00:00 seq=17309 state=QUIET  energy=     767 frames=  37985792 flags=0x04 lost=0
2026-09-04T18:12:54.163+00:00 seq=17310 state=QUIET  energy=    1404 frames=  37986048 flags=0x04 lost=0
2026-09-04T18:12:54.163+00:00 seq=17311 state=QUIET  energy=    1083 frames=  37986304 flags=0x04 lost=0
2026-09-04T18:12:54.163+00:00 seq=17312 state=QUIET  energy=    2183 frames=  37986560 flags=0x04 lost=0
2026-09-04T18:12:54.163+00:00 seq=17313 state=QUIET  energy=    3683 frames=  37986816 flags=0x04 lost=0
2026-09-04T18:12:54.163+00:00 seq=17314 state=QUIET  energy=    3540 frames=  37987072 flags=0x04 lost=0
2026-09-04T18:12:54.163+00:00 seq=17315 state=QUIET  energy=    4157 frames=  37987328 flags=0x04 lost=0
2026-09-04T18:12:54.164+00:00 seq=17316 state=QUIET  energy=    3017 frames=  37987584 flags=0x04 lost=0
2026-09-04T18:12:54.164+00:00 seq=17317 state=QUIET  energy=    4474 frames=  37987840 flags=0x04 lost=0
2026-09-04T18:12:54.164+00:00 seq=17318 state=QUIET  energy=    2658 frames=  37988096 flags=0x04 lost=0
2026-09-04T18:12:54.164+00:00 seq=17319 state=QUIET  energy=    1648 frames=  37988352 flags=0x04 lost=0
2026-09-04T18:12:54.164+00:00 seq=17320 state=QUIET  energy=    1138 frames=  37988608 flags=0x04 lost=0
2026-09-04T18:12:54.164+00:00 seq=17321 state=QUIET  energy=    2213 frames=  37988864 flags=0x04 lost=0
2026-09-04T18:12:54.259+00:00 seq=17322 state=QUIET  energy=    2690 frames=  37989120 flags=0x04 lost=0
2026-09-04T18:12:54.260+00:00 seq=17323 state=QUIET  energy=    3127 frames=  37989376 flags=0x04 lost=0
2026-09-04T18:12:54.260+00:00 seq=17324 state=QUIET  energy=    3730 frames=  37989632 flags=0x04 lost=0
2026-09-04T18:12:54.260+00:00 seq=17325 state=QUIET  energy=    2154 frames=  37989888 flags=0x04 lost=0
2026-09-04T18:12:54.260+00:00 seq=17326 state=QUIET  energy=    2122 frames=  37990144 flags=0x04 lost=0
2026-09-04T18:12:54.260+00:00 seq=17327 state=QUIET  energy=    2595 frames=  37990400 flags=0x04 lost=0
2026-09-04T18:12:54.260+00:00 seq=17328 state=QUIET  energy=    3248 frames=  37990656 flags=0x04 lost=0
2026-09-04T18:12:54.260+00:00 seq=17329 state=QUIET  energy=    1720 frames=  37990912 flags=0x04 lost=0
2026-09-04T18:12:54.260+00:00 seq=17330 state=QUIET  energy=    1451 frames=  37991168 flags=0x04 lost=0
2026-09-04T18:12:54.261+00:00 seq=17331 state=QUIET  energy=    1226 frames=  37991424 flags=0x04 lost=0
2026-09-04T18:12:54.261+00:00 seq=17332 state=QUIET  energy=    2442 frames=  37991680 flags=0x04 lost=0
2026-09-04T18:12:54.261+00:00 seq=17333 state=QUIET  energy=    2231 frames=  37991936 flags=0x04 lost=0
2026-09-04T18:12:54.261+00:00 seq=17334 state=QUIET  energy=    1489 frames=  37992192 flags=0x04 lost=0
2026-09-04T18:12:54.261+00:00 seq=17335 state=QUIET  energy=     988 frames=  37992448 flags=0x04 lost=0
2026-09-04T18:12:54.261+00:00 seq=17336 state=QUIET  energy=    1784 frames=  37992704 flags=0x04 lost=0
2026-09-04T18:12:54.261+00:00 seq=17337 state=QUIET  energy=    1916 frames=  37992960 flags=0x04 lost=0
2026-09-04T18:12:54.356+00:00 seq=17338 state=QUIET  energy=    2166 frames=  37993216 flags=0x04 lost=0
2026-09-04T18:12:54.357+00:00 seq=17339 state=QUIET  energy=    1356 frames=  37993472 flags=0x04 lost=0
2026-09-04T18:12:54.357+00:00 seq=17340 state=QUIET  energy=    1953 frames=  37993728 flags=0x04 lost=0
2026-09-04T18:12:54.357+00:00 seq=17341 state=QUIET  energy=     897 frames=  37993984 flags=0x04 lost=0
2026-09-04T18:12:54.357+00:00 seq=17342 state=QUIET  energy=     882 frames=  37994240 flags=0x04 lost=0
2026-09-04T18:12:54.357+00:00 seq=17343 state=QUIET  energy=    1468 frames=  37994496 flags=0x04 lost=0
2026-09-04T18:12:54.357+00:00 seq=17344 state=QUIET  energy=    1483 frames=  37994752 flags=0x04 lost=0
2026-09-04T18:12:54.357+00:00 seq=17345 state=QUIET  energy=    1743 frames=  37995008 flags=0x04 lost=0
2026-09-04T18:12:54.357+00:00 seq=17346 state=QUIET  energy=    1582 frames=  37995264 flags=0x04 lost=0
2026-09-04T18:12:54.358+00:00 seq=17347 state=QUIET  energy=    2314 frames=  37995520 flags=0x04 lost=0
2026-09-04T18:12:54.358+00:00 seq=17348 state=QUIET  energy=     950 frames=  37995776 flags=0x04 lost=0
2026-09-04T18:12:54.358+00:00 seq=17349 state=QUIET  energy=    3165 frames=  37996032 flags=0x04 lost=0
2026-09-04T18:12:54.358+00:00 seq=17350 state=QUIET  energy=    4670 frames=  37996288 flags=0x04 lost=0
2026-09-04T18:12:54.358+00:00 seq=17351 state=QUIET  energy=    5459 frames=  37996544 flags=0x04 lost=0
2026-09-04T18:12:54.358+00:00 seq=17352 state=QUIET  energy=    5800 frames=  37996800 flags=0x04 lost=0
2026-09-04T18:12:54.358+00:00 seq=17353 state=QUIET  energy=    7134 frames=  37997056 flags=0x04 lost=0
2026-09-04T18:12:54.454+00:00 seq=17354 state=QUIET  energy=    7706 frames=  37997312 flags=0x04 lost=0
2026-09-04T18:12:54.454+00:00 seq=17355 state=QUIET  energy=    4988 frames=  37997568 flags=0x04 lost=0
2026-09-04T18:12:54.454+00:00 seq=17356 state=QUIET  energy=    7288 frames=  37997824 flags=0x04 lost=0
2026-09-04T18:12:54.454+00:00 seq=17357 state=QUIET  energy=    7818 frames=  37998080 flags=0x04 lost=0
2026-09-04T18:12:54.454+00:00 seq=17358 state=QUIET  energy=   10321 frames=  37998336 flags=0x04 lost=0
2026-09-04T18:12:54.454+00:00 seq=17359 state=QUIET  energy=   12846 frames=  37998592 flags=0x04 lost=0
2026-09-04T18:12:54.454+00:00 seq=17360 state=QUIET  energy=   11329 frames=  37998848 flags=0x04 lost=0
2026-09-04T18:12:54.455+00:00 seq=17361 state=QUIET  energy=   10173 frames=  37999104 flags=0x04 lost=0
2026-09-04T18:12:54.455+00:00 seq=17362 state=QUIET  energy=    9018 frames=  37999360 flags=0x04 lost=0
2026-09-04T18:12:54.455+00:00 seq=17363 state=QUIET  energy=    8665 frames=  37999616 flags=0x04 lost=0
2026-09-04T18:12:54.455+00:00 seq=17364 state=QUIET  energy=    7922 frames=  37999872 flags=0x04 lost=0
2026-09-04T18:12:54.455+00:00 seq=17365 state=QUIET  energy=    8073 frames=  38000128 flags=0x04 lost=0
2026-09-04T18:12:54.455+00:00 seq=17366 state=QUIET  energy=    6502 frames=  38000384 flags=0x04 lost=0
2026-09-04T18:12:54.455+00:00 seq=17367 state=QUIET  energy=    3586 frames=  38000640 flags=0x04 lost=0
2026-09-04T18:12:54.455+00:00 seq=17368 state=QUIET  energy=    3703 frames=  38000896 flags=0x04 lost=0
2026-09-04T18:12:54.455+00:00 seq=17369 state=QUIET  energy=    2610 frames=  38001152 flags=0x04 lost=0
2026-09-04T18:12:54.551+00:00 seq=17370 state=QUIET  energy=    1385 frames=  38001408 flags=0x04 lost=0
2026-09-04T18:12:54.551+00:00 seq=17371 state=QUIET  energy=    4974 frames=  38001664 flags=0x04 lost=0
2026-09-04T18:12:54.551+00:00 seq=17372 state=QUIET  energy=    8163 frames=  38001920 flags=0x04 lost=0
2026-09-04T18:12:54.551+00:00 seq=17373 state=QUIET  energy=    9700 frames=  38002176 flags=0x04 lost=0
2026-09-04T18:12:54.551+00:00 seq=17374 state=QUIET  energy=   10212 frames=  38002432 flags=0x04 lost=0
2026-09-04T18:12:54.551+00:00 seq=17375 state=QUIET  energy=    9109 frames=  38002688 flags=0x04 lost=0
2026-09-04T18:12:54.551+00:00 seq=17376 state=QUIET  energy=    8467 frames=  38002944 flags=0x04 lost=0
2026-09-04T18:12:54.552+00:00 seq=17377 state=QUIET  energy=    7647 frames=  38003200 flags=0x04 lost=0
2026-09-04T18:12:54.552+00:00 seq=17378 state=QUIET  energy=    6355 frames=  38003456 flags=0x04 lost=0
2026-09-04T18:12:54.552+00:00 seq=17379 state=QUIET  energy=    7934 frames=  38003712 flags=0x04 lost=0
2026-09-04T18:12:54.552+00:00 seq=17380 state=QUIET  energy=    7899 frames=  38003968 flags=0x04 lost=0
2026-09-04T18:12:54.552+00:00 seq=17381 state=QUIET  energy=    9164 frames=  38004224 flags=0x04 lost=0
2026-09-04T18:12:54.552+00:00 seq=17382 state=QUIET  energy=    8693 frames=  38004480 flags=0x04 lost=0
2026-09-04T18:12:54.552+00:00 seq=17383 state=QUIET  energy=   10687 frames=  38004736 flags=0x04 lost=0
2026-09-04T18:12:54.552+00:00 seq=17384 state=QUIET  energy=   11140 frames=  38004992 flags=0x04 lost=0
2026-09-04T18:12:54.552+00:00 seq=17385 state=QUIET  energy=   11072 frames=  38005248 flags=0x04 lost=0
2026-09-04T18:12:54.648+00:00 seq=17386 state=QUIET  energy=    9448 frames=  38005504 flags=0x04 lost=0
2026-09-04T18:12:54.648+00:00 seq=17387 state=QUIET  energy=    9259 frames=  38005760 flags=0x04 lost=0
2026-09-04T18:12:54.648+00:00 seq=17388 state=QUIET  energy=    9962 frames=  38006016 flags=0x04 lost=0
2026-09-04T18:12:54.648+00:00 seq=17389 state=QUIET  energy=   10124 frames=  38006272 flags=0x04 lost=0
2026-09-04T18:12:54.648+00:00 seq=17390 state=QUIET  energy=   10543 frames=  38006528 flags=0x04 lost=0
2026-09-04T18:12:54.648+00:00 seq=17391 state=QUIET  energy=    7631 frames=  38006784 flags=0x04 lost=0
2026-09-04T18:12:54.649+00:00 seq=17392 state=QUIET  energy=    7632 frames=  38007040 flags=0x04 lost=0
2026-09-04T18:12:54.649+00:00 seq=17393 state=QUIET  energy=    7353 frames=  38007296 flags=0x04 lost=0
2026-09-04T18:12:54.649+00:00 seq=17394 state=QUIET  energy=    6787 frames=  38007552 flags=0x04 lost=0
2026-09-04T18:12:54.649+00:00 seq=17395 state=QUIET  energy=    6261 frames=  38007808 flags=0x04 lost=0
2026-09-04T18:12:54.649+00:00 seq=17396 state=QUIET  energy=    6650 frames=  38008064 flags=0x04 lost=0
2026-09-04T18:12:54.649+00:00 seq=17397 state=QUIET  energy=    7294 frames=  38008320 flags=0x04 lost=0
2026-09-04T18:12:54.649+00:00 seq=17398 state=QUIET  energy=    6167 frames=  38008576 flags=0x04 lost=0
2026-09-04T18:12:54.649+00:00 seq=17399 state=QUIET  energy=    3549 frames=  38008832 flags=0x04 lost=0
2026-09-04T18:12:54.649+00:00 seq=17400 state=QUIET  energy=    4055 frames=  38009088 flags=0x04 lost=0
2026-09-04T18:12:54.650+00:00 seq=17401 state=QUIET  energy=    4731 frames=  38009344 flags=0x04 lost=0
2026-09-04T18:12:54.745+00:00 seq=17402 state=QUIET  energy=    5533 frames=  38009600 flags=0x04 lost=0
2026-09-04T18:12:54.745+00:00 seq=17403 state=QUIET  energy=    4420 frames=  38009856 flags=0x04 lost=0
2026-09-04T18:12:54.745+00:00 seq=17404 state=QUIET  energy=    3423 frames=  38010112 flags=0x04 lost=0
2026-09-04T18:12:54.745+00:00 seq=17405 state=QUIET  energy=    4674 frames=  38010368 flags=0x04 lost=0
2026-09-04T18:12:54.745+00:00 seq=17406 state=QUIET  energy=    4115 frames=  38010624 flags=0x04 lost=0
2026-09-04T18:12:54.746+00:00 seq=17407 state=QUIET  energy=    3858 frames=  38010880 flags=0x04 lost=0
2026-09-04T18:12:54.746+00:00 seq=17408 state=QUIET  energy=    4654 frames=  38011136 flags=0x04 lost=0
2026-09-04T18:12:54.746+00:00 seq=17409 state=QUIET  energy=    6277 frames=  38011392 flags=0x04 lost=0
2026-09-04T18:12:54.746+00:00 seq=17410 state=QUIET  energy=    4698 frames=  38011648 flags=0x04 lost=0
2026-09-04T18:12:54.746+00:00 seq=17411 state=QUIET  energy=    6329 frames=  38011904 flags=0x04 lost=0
2026-09-04T18:12:54.746+00:00 seq=17412 state=QUIET  energy=    7516 frames=  38012160 flags=0x04 lost=0
2026-09-04T18:12:54.746+00:00 seq=17413 state=QUIET  energy=    5988 frames=  38012416 flags=0x04 lost=0
2026-09-04T18:12:54.746+00:00 seq=17414 state=QUIET  energy=    6672 frames=  38012672 flags=0x04 lost=0
2026-09-04T18:12:54.747+00:00 seq=17415 state=QUIET  energy=    5817 frames=  38012928 flags=0x04 lost=0
2026-09-04T18:12:54.747+00:00 seq=17416 state=QUIET  energy=    4534 frames=  38013184 flags=0x04 lost=0
2026-09-04T18:12:54.747+00:00 seq=17417 state=QUIET  energy=    4141 frames=  38013440 flags=0x04 lost=0
2026-09-04T18:12:54.842+00:00 seq=17418 state=QUIET  energy=    3524 frames=  38013696 flags=0x04 lost=0
2026-09-04T18:12:54.842+00:00 seq=17419 state=QUIET  energy=    3463 frames=  38013952 flags=0x04 lost=0
2026-09-04T18:12:54.842+00:00 seq=17420 state=QUIET  energy=    1695 frames=  38014208 flags=0x04 lost=0
2026-09-04T18:12:54.842+00:00 seq=17421 state=QUIET  energy=    1440 frames=  38014464 flags=0x04 lost=0
2026-09-04T18:12:54.843+00:00 seq=17422 state=QUIET  energy=    1099 frames=  38014720 flags=0x04 lost=0
2026-09-04T18:12:54.843+00:00 seq=17423 state=QUIET  energy=    2657 frames=  38014976 flags=0x04 lost=0
2026-09-04T18:12:54.843+00:00 seq=17424 state=QUIET  energy=    1872 frames=  38015232 flags=0x04 lost=0
2026-09-04T18:12:54.843+00:00 seq=17425 state=QUIET  energy=    1869 frames=  38015488 flags=0x04 lost=0
2026-09-04T18:12:54.843+00:00 seq=17426 state=QUIET  energy=    3819 frames=  38015744 flags=0x04 lost=0
2026-09-04T18:12:54.843+00:00 seq=17427 state=QUIET  energy=    4912 frames=  38016000 flags=0x04 lost=0
2026-09-04T18:12:54.843+00:00 seq=17428 state=QUIET  energy=    5613 frames=  38016256 flags=0x04 lost=0
2026-09-04T18:12:54.843+00:00 seq=17429 state=QUIET  energy=    3178 frames=  38016512 flags=0x04 lost=0
2026-09-04T18:12:54.843+00:00 seq=17430 state=QUIET  energy=    1850 frames=  38016768 flags=0x04 lost=0
2026-09-04T18:12:54.844+00:00 seq=17431 state=QUIET  energy=     940 frames=  38017024 flags=0x04 lost=0
2026-09-04T18:12:54.844+00:00 seq=17432 state=QUIET  energy=    3013 frames=  38017280 flags=0x04 lost=0
2026-09-04T18:12:54.844+00:00 seq=17433 state=QUIET  energy=    3023 frames=  38017536 flags=0x04 lost=0
2026-09-04T18:12:54.939+00:00 seq=17434 state=QUIET  energy=    2916 frames=  38017792 flags=0x04 lost=0
2026-09-04T18:12:54.939+00:00 seq=17435 state=QUIET  energy=    1592 frames=  38018048 flags=0x04 lost=0
2026-09-04T18:12:54.939+00:00 seq=17436 state=QUIET  energy=    2129 frames=  38018304 flags=0x04 lost=0
2026-09-04T18:12:54.939+00:00 seq=17437 state=QUIET  energy=    2142 frames=  38018560 flags=0x04 lost=0
2026-09-04T18:12:54.940+00:00 seq=17438 state=QUIET  energy=    2312 frames=  38018816 flags=0x04 lost=0
2026-09-04T18:12:54.940+00:00 seq=17439 state=QUIET  energy=    1325 frames=  38019072 flags=0x04 lost=0
2026-09-04T18:12:54.940+00:00 seq=17440 state=QUIET  energy=     773 frames=  38019328 flags=0x04 lost=0
2026-09-04T18:12:54.940+00:00 seq=17441 state=QUIET  energy=    1950 frames=  38019584 flags=0x04 lost=0
2026-09-04T18:12:54.940+00:00 seq=17442 state=QUIET  energy=    3342 frames=  38019840 flags=0x04 lost=0
2026-09-04T18:12:54.940+00:00 seq=17443 state=QUIET  energy=    4356 frames=  38020096 flags=0x04 lost=0
2026-09-04T18:12:54.940+00:00 seq=17444 state=QUIET  energy=    3262 frames=  38020352 flags=0x04 lost=0
2026-09-04T18:12:54.940+00:00 seq=17445 state=QUIET  energy=    2198 frames=  38020608 flags=0x04 lost=0
2026-09-04T18:12:54.941+00:00 seq=17446 state=QUIET  energy=    4405 frames=  38020864 flags=0x04 lost=0
2026-09-04T18:12:54.941+00:00 seq=17447 state=QUIET  energy=    2558 frames=  38021120 flags=0x04 lost=0
2026-09-04T18:12:54.941+00:00 seq=17448 state=QUIET  energy=    1605 frames=  38021376 flags=0x04 lost=0
2026-09-04T18:12:54.941+00:00 seq=17449 state=QUIET  energy=    1206 frames=  38021632 flags=0x04 lost=0
2026-09-04T18:12:55.036+00:00 seq=17450 state=QUIET  energy=    2360 frames=  38021888 flags=0x04 lost=0
2026-09-04T18:12:55.036+00:00 seq=17451 state=QUIET  energy=    3536 frames=  38022144 flags=0x04 lost=0
2026-09-04T18:12:55.036+00:00 seq=17452 state=QUIET  energy=    3948 frames=  38022400 flags=0x04 lost=0
2026-09-04T18:12:55.036+00:00 seq=17453 state=QUIET  energy=    2989 frames=  38022656 flags=0x04 lost=0
2026-09-04T18:12:55.037+00:00 seq=17454 state=QUIET  energy=    2946 frames=  38022912 flags=0x04 lost=0
2026-09-04T18:12:55.037+00:00 seq=17455 state=QUIET  energy=    1020 frames=  38023168 flags=0x04 lost=0
2026-09-04T18:12:55.037+00:00 seq=17456 state=QUIET  energy=     929 frames=  38023424 flags=0x04 lost=0
2026-09-04T18:12:55.037+00:00 seq=17457 state=QUIET  energy=     887 frames=  38023680 flags=0x04 lost=0
2026-09-04T18:12:55.037+00:00 seq=17458 state=QUIET  energy=    1047 frames=  38023936 flags=0x04 lost=0
2026-09-04T18:12:55.037+00:00 seq=17459 state=QUIET  energy=    1332 frames=  38024192 flags=0x04 lost=0
2026-09-04T18:12:55.037+00:00 seq=17460 state=QUIET  energy=    1159 frames=  38024448 flags=0x04 lost=0
2026-09-04T18:12:55.037+00:00 seq=17461 state=QUIET  energy=    3167 frames=  38024704 flags=0x04 lost=0
2026-09-04T18:12:55.038+00:00 seq=17462 state=QUIET  energy=    2027 frames=  38024960 flags=0x04 lost=0
2026-09-04T18:12:55.038+00:00 seq=17463 state=QUIET  energy=    2998 frames=  38025216 flags=0x04 lost=0
2026-09-04T18:12:55.038+00:00 seq=17464 state=QUIET  energy=    2492 frames=  38025472 flags=0x04 lost=0
2026-09-04T18:12:55.038+00:00 seq=17465 state=QUIET  energy=    4154 frames=  38025728 flags=0x04 lost=0
2026-09-04T18:12:55.133+00:00 seq=17466 state=QUIET  energy=    3547 frames=  38025984 flags=0x04 lost=0
2026-09-04T18:12:55.133+00:00 seq=17467 state=QUIET  energy=    3821 frames=  38026240 flags=0x04 lost=0
2026-09-04T18:12:55.133+00:00 seq=17468 state=QUIET  energy=    2676 frames=  38026496 flags=0x04 lost=0
2026-09-04T18:12:55.134+00:00 seq=17469 state=QUIET  energy=    1840 frames=  38026752 flags=0x04 lost=0
2026-09-04T18:12:55.134+00:00 seq=17470 state=QUIET  energy=    2480 frames=  38027008 flags=0x04 lost=0
2026-09-04T18:12:55.134+00:00 seq=17471 state=QUIET  energy=     884 frames=  38027264 flags=0x04 lost=0
2026-09-04T18:12:55.134+00:00 seq=17472 state=QUIET  energy=     897 frames=  38027520 flags=0x04 lost=0
2026-09-04T18:12:55.134+00:00 seq=17473 state=QUIET  energy=     816 frames=  38027776 flags=0x04 lost=0
2026-09-04T18:12:55.134+00:00 seq=17474 state=QUIET  energy=    3013 frames=  38028032 flags=0x04 lost=0
2026-09-04T18:12:55.134+00:00 seq=17475 state=QUIET  energy=    2567 frames=  38028288 flags=0x04 lost=0
2026-09-04T18:12:55.134+00:00 seq=17476 state=QUIET  energy=    1630 frames=  38028544 flags=0x04 lost=0
2026-09-04T18:12:55.135+00:00 seq=17477 state=QUIET  energy=    2438 frames=  38028800 flags=0x04 lost=0
2026-09-04T18:12:55.135+00:00 seq=17478 state=QUIET  energy=    3648 frames=  38029056 flags=0x04 lost=0
2026-09-04T18:12:55.135+00:00 seq=17479 state=QUIET  energy=    3463 frames=  38029312 flags=0x04 lost=0
2026-09-04T18:12:55.135+00:00 seq=17480 state=QUIET  energy=    5247 frames=  38029568 flags=0x04 lost=0
2026-09-04T18:12:55.135+00:00 seq=17481 state=QUIET  energy=    6682 frames=  38029824 flags=0x04 lost=0
2026-09-04T18:12:55.230+00:00 seq=17482 state=QUIET  energy=    6199 frames=  38030080 flags=0x04 lost=0
2026-09-04T18:12:55.230+00:00 seq=17483 state=QUIET  energy=    6035 frames=  38030336 flags=0x04 lost=0
2026-09-04T18:12:55.231+00:00 seq=17484 state=QUIET  energy=    4885 frames=  38030592 flags=0x04 lost=0
2026-09-04T18:12:55.231+00:00 seq=17485 state=QUIET  energy=    4941 frames=  38030848 flags=0x04 lost=0
2026-09-04T18:12:55.231+00:00 seq=17486 state=QUIET  energy=    5208 frames=  38031104 flags=0x04 lost=0
2026-09-04T18:12:55.231+00:00 seq=17487 state=QUIET  energy=    4537 frames=  38031360 flags=0x04 lost=0
2026-09-04T18:12:55.231+00:00 seq=17488 state=QUIET  energy=    4888 frames=  38031616 flags=0x04 lost=0
2026-09-04T18:12:55.231+00:00 seq=17489 state=QUIET  energy=    3945 frames=  38031872 flags=0x04 lost=0
2026-09-04T18:12:55.231+00:00 seq=17490 state=QUIET  energy=    2412 frames=  38032128 flags=0x04 lost=0
2026-09-04T18:12:55.231+00:00 seq=17491 state=QUIET  energy=    2585 frames=  38032384 flags=0x04 lost=0
2026-09-04T18:12:55.232+00:00 seq=17492 state=QUIET  energy=    4337 frames=  38032640 flags=0x04 lost=0
2026-09-04T18:12:55.232+00:00 seq=17493 state=QUIET  energy=    4829 frames=  38032896 flags=0x04 lost=0
2026-09-04T18:12:55.232+00:00 seq=17494 state=QUIET  energy=    4372 frames=  38033152 flags=0x04 lost=0
2026-09-04T18:12:55.232+00:00 seq=17495 state=QUIET  energy=    6214 frames=  38033408 flags=0x04 lost=0
2026-09-04T18:12:55.232+00:00 seq=17496 state=QUIET  energy=    4637 frames=  38033664 flags=0x04 lost=0
2026-09-04T18:12:55.232+00:00 seq=17497 state=QUIET  energy=    4634 frames=  38033920 flags=0x04 lost=0
2026-09-04T18:12:55.327+00:00 seq=17498 state=QUIET  energy=    4410 frames=  38034176 flags=0x04 lost=0
2026-09-04T18:12:55.328+00:00 seq=17499 state=QUIET  energy=    4380 frames=  38034432 flags=0x04 lost=0
2026-09-04T18:12:55.328+00:00 seq=17500 state=QUIET  energy=    3081 frames=  38034688 flags=0x04 lost=0
2026-09-04T18:12:55.328+00:00 seq=17501 state=QUIET  energy=    3381 frames=  38034944 flags=0x04 lost=0
2026-09-04T18:12:55.328+00:00 seq=17502 state=QUIET  energy=    1829 frames=  38035200 flags=0x04 lost=0
2026-09-04T18:12:55.328+00:00 seq=17503 state=QUIET  energy=    4071 frames=  38035456 flags=0x04 lost=0
2026-09-04T18:12:55.328+00:00 seq=17504 state=QUIET  energy=    2706 frames=  38035712 flags=0x04 lost=0
2026-09-04T18:12:55.328+00:00 seq=17505 state=QUIET  energy=    4254 frames=  38035968 flags=0x04 lost=0
2026-09-04T18:12:55.328+00:00 seq=17506 state=QUIET  energy=    2716 frames=  38036224 flags=0x04 lost=0
2026-09-04T18:12:55.328+00:00 seq=17507 state=QUIET  energy=    1613 frames=  38036480 flags=0x04 lost=0
2026-09-04T18:12:55.329+00:00 seq=17508 state=QUIET  energy=    2287 frames=  38036736 flags=0x04 lost=0
2026-09-04T18:12:55.329+00:00 seq=17509 state=QUIET  energy=    3070 frames=  38036992 flags=0x04 lost=0
2026-09-04T18:12:55.329+00:00 seq=17510 state=QUIET  energy=    3443 frames=  38037248 flags=0x04 lost=0
2026-09-04T18:12:55.329+00:00 seq=17511 state=QUIET  energy=    3715 frames=  38037504 flags=0x04 lost=0
2026-09-04T18:12:55.329+00:00 seq=17512 state=QUIET  energy=    3265 frames=  38037760 flags=0x04 lost=0
2026-09-04T18:12:55.329+00:00 seq=17513 state=QUIET  energy=    3346 frames=  38038016 flags=0x04 lost=0
2026-09-04T18:12:55.424+00:00 seq=17514 state=QUIET  energy=    4932 frames=  38038272 flags=0x04 lost=0
2026-09-04T18:12:55.425+00:00 seq=17515 state=QUIET  energy=    4455 frames=  38038528 flags=0x04 lost=0
2026-09-04T18:12:55.425+00:00 seq=17516 state=QUIET  energy=    2748 frames=  38038784 flags=0x04 lost=0
2026-09-04T18:12:55.425+00:00 seq=17517 state=QUIET  energy=    2358 frames=  38039040 flags=0x04 lost=0
2026-09-04T18:12:55.425+00:00 seq=17518 state=QUIET  energy=    1572 frames=  38039296 flags=0x04 lost=0
2026-09-04T18:12:55.425+00:00 seq=17519 state=QUIET  energy=    2141 frames=  38039552 flags=0x04 lost=0
2026-09-04T18:12:55.425+00:00 seq=17520 state=QUIET  energy=    2861 frames=  38039808 flags=0x04 lost=0
2026-09-04T18:12:55.425+00:00 seq=17521 state=QUIET  energy=    2558 frames=  38040064 flags=0x04 lost=0
2026-09-04T18:12:55.425+00:00 seq=17522 state=QUIET  energy=    2632 frames=  38040320 flags=0x04 lost=0
2026-09-04T18:12:55.426+00:00 seq=17523 state=QUIET  energy=    1991 frames=  38040576 flags=0x04 lost=0
2026-09-04T18:12:55.426+00:00 seq=17524 state=QUIET  energy=    1564 frames=  38040832 flags=0x04 lost=0
2026-09-04T18:12:55.426+00:00 seq=17525 state=QUIET  energy=    1499 frames=  38041088 flags=0x04 lost=0
2026-09-04T18:12:55.426+00:00 seq=17526 state=QUIET  energy=     773 frames=  38041344 flags=0x04 lost=0
2026-09-04T18:12:55.426+00:00 seq=17527 state=QUIET  energy=    1137 frames=  38041600 flags=0x04 lost=0
2026-09-04T18:12:55.426+00:00 seq=17528 state=QUIET  energy=     978 frames=  38041856 flags=0x04 lost=0
2026-09-04T18:12:55.426+00:00 seq=17529 state=QUIET  energy=    1377 frames=  38042112 flags=0x04 lost=0
2026-09-04T18:12:55.522+00:00 seq=17530 state=QUIET  energy=    3292 frames=  38042368 flags=0x04 lost=0
2026-09-04T18:12:55.522+00:00 seq=17531 state=QUIET  energy=    2760 frames=  38042624 flags=0x04 lost=0
2026-09-04T18:12:55.522+00:00 seq=17532 state=QUIET  energy=    1855 frames=  38042880 flags=0x04 lost=0
2026-09-04T18:12:55.522+00:00 seq=17533 state=QUIET  energy=    1351 frames=  38043136 flags=0x04 lost=0
2026-09-04T18:12:55.522+00:00 seq=17534 state=QUIET  energy=    2525 frames=  38043392 flags=0x04 lost=0
2026-09-04T18:12:55.522+00:00 seq=17535 state=QUIET  energy=    4271 frames=  38043648 flags=0x04 lost=0
2026-09-04T18:12:55.522+00:00 seq=17536 state=QUIET  energy=    5810 frames=  38043904 flags=0x04 lost=0
2026-09-04T18:12:55.523+00:00 seq=17537 state=QUIET  energy=    7550 frames=  38044160 flags=0x04 lost=0
2026-09-04T18:12:55.523+00:00 seq=17538 state=QUIET  energy=    9935 frames=  38044416 flags=0x04 lost=0
2026-09-04T18:12:55.523+00:00 seq=17539 state=QUIET  energy=    7522 frames=  38044672 flags=0x04 lost=0
2026-09-04T18:12:55.523+00:00 seq=17540 state=QUIET  energy=    7338 frames=  38044928 flags=0x04 lost=0
2026-09-04T18:12:55.523+00:00 seq=17541 state=QUIET  energy=    6686 frames=  38045184 flags=0x04 lost=0
2026-09-04T18:12:55.523+00:00 seq=17542 state=QUIET  energy=    6084 frames=  38045440 flags=0x04 lost=0
2026-09-04T18:12:55.523+00:00 seq=17543 state=QUIET  energy=    5633 frames=  38045696 flags=0x04 lost=0
2026-09-04T18:12:55.523+00:00 seq=17544 state=QUIET  energy=    5831 frames=  38045952 flags=0x04 lost=0
2026-09-04T18:12:55.523+00:00 seq=17545 state=QUIET  energy=    7139 frames=  38046208 flags=0x04 lost=0
2026-09-04T18:12:55.619+00:00 seq=17546 state=QUIET  energy=    6925 frames=  38046464 flags=0x04 lost=0
2026-09-04T18:12:55.619+00:00 seq=17547 state=QUIET  energy=    5775 frames=  38046720 flags=0x04 lost=0
2026-09-04T18:12:55.619+00:00 seq=17548 state=QUIET  energy=    5394 frames=  38046976 flags=0x04 lost=0
2026-09-04T18:12:55.619+00:00 seq=17549 state=QUIET  energy=    4990 frames=  38047232 flags=0x04 lost=0
2026-09-04T18:12:55.619+00:00 seq=17550 state=QUIET  energy=    5165 frames=  38047488 flags=0x04 lost=0
2026-09-04T18:12:55.619+00:00 seq=17551 state=QUIET  energy=    4702 frames=  38047744 flags=0x04 lost=0
2026-09-04T18:12:55.619+00:00 seq=17552 state=QUIET  energy=    2770 frames=  38048000 flags=0x04 lost=0
2026-09-04T18:12:55.620+00:00 seq=17553 state=QUIET  energy=    3157 frames=  38048256 flags=0x04 lost=0
2026-09-04T18:12:55.620+00:00 seq=17554 state=QUIET  energy=    2544 frames=  38048512 flags=0x04 lost=0
2026-09-04T18:12:55.620+00:00 seq=17555 state=QUIET  energy=    3155 frames=  38048768 flags=0x04 lost=0
2026-09-04T18:12:55.620+00:00 seq=17556 state=QUIET  energy=    3268 frames=  38049024 flags=0x04 lost=0
2026-09-04T18:12:55.620+00:00 seq=17557 state=QUIET  energy=    2599 frames=  38049280 flags=0x04 lost=0
2026-09-04T18:12:55.620+00:00 seq=17558 state=QUIET  energy=    3543 frames=  38049536 flags=0x04 lost=0
2026-09-04T18:12:55.620+00:00 seq=17559 state=QUIET  energy=    4078 frames=  38049792 flags=0x04 lost=0
2026-09-04T18:12:55.620+00:00 seq=17560 state=QUIET  energy=    3601 frames=  38050048 flags=0x04 lost=0
2026-09-04T18:12:55.621+00:00 seq=17561 state=QUIET  energy=    5694 frames=  38050304 flags=0x04 lost=0
2026-09-04T18:12:55.716+00:00 seq=17562 state=QUIET  energy=    6809 frames=  38050560 flags=0x04 lost=0
2026-09-04T18:12:55.716+00:00 seq=17563 state=QUIET  energy=    5829 frames=  38050816 flags=0x04 lost=0
2026-09-04T18:12:55.716+00:00 seq=17564 state=QUIET  energy=    6475 frames=  38051072 flags=0x04 lost=0
2026-09-04T18:12:55.716+00:00 seq=17565 state=QUIET  energy=    5481 frames=  38051328 flags=0x04 lost=0
2026-09-04T18:12:55.716+00:00 seq=17566 state=QUIET  energy=    2829 frames=  38051584 flags=0x04 lost=0
2026-09-04T18:12:55.716+00:00 seq=17567 state=QUIET  energy=    3597 frames=  38051840 flags=0x04 lost=0
2026-09-04T18:12:55.716+00:00 seq=17568 state=QUIET  energy=    4741 frames=  38052096 flags=0x04 lost=0
2026-09-04T18:12:55.716+00:00 seq=17569 state=QUIET  energy=    5305 frames=  38052352 flags=0x04 lost=0
2026-09-04T18:12:55.716+00:00 seq=17570 state=QUIET  energy=    6012 frames=  38052608 flags=0x04 lost=0
2026-09-04T18:12:55.717+00:00 seq=17571 state=QUIET  energy=    5690 frames=  38052864 flags=0x04 lost=0
2026-09-04T18:12:55.717+00:00 seq=17572 state=QUIET  energy=    5586 frames=  38053120 flags=0x04 lost=0
2026-09-04T18:12:55.717+00:00 seq=17573 state=QUIET  energy=    3504 frames=  38053376 flags=0x04 lost=0
2026-09-04T18:12:55.717+00:00 seq=17574 state=QUIET  energy=    2813 frames=  38053632 flags=0x04 lost=0
2026-09-04T18:12:55.717+00:00 seq=17575 state=QUIET  energy=    1001 frames=  38053888 flags=0x04 lost=0
2026-09-04T18:12:55.717+00:00 seq=17576 state=QUIET  energy=     890 frames=  38054144 flags=0x04 lost=0
2026-09-04T18:12:55.717+00:00 seq=17577 state=QUIET  energy=    2516 frames=  38054400 flags=0x04 lost=0
2026-09-04T18:12:55.813+00:00 seq=17578 state=QUIET  energy=    3584 frames=  38054656 flags=0x04 lost=0
2026-09-04T18:12:55.813+00:00 seq=17579 state=QUIET  energy=    1791 frames=  38054912 flags=0x04 lost=0
2026-09-04T18:12:55.813+00:00 seq=17580 state=QUIET  energy=     778 frames=  38055168 flags=0x04 lost=0
2026-09-04T18:12:55.813+00:00 seq=17581 state=QUIET  energy=    1054 frames=  38055424 flags=0x04 lost=0
2026-09-04T18:12:55.813+00:00 seq=17582 state=QUIET  energy=    1513 frames=  38055680 flags=0x04 lost=0
2026-09-04T18:12:55.813+00:00 seq=17583 state=QUIET  energy=    2447 frames=  38055936 flags=0x04 lost=0
2026-09-04T18:12:55.814+00:00 seq=17584 state=QUIET  energy=    3309 frames=  38056192 flags=0x04 lost=0
2026-09-04T18:12:55.814+00:00 seq=17585 state=QUIET  energy=    5182 frames=  38056448 flags=0x04 lost=0
2026-09-04T18:12:55.814+00:00 seq=17586 state=QUIET  energy=    6360 frames=  38056704 flags=0x04 lost=0
2026-09-04T18:12:55.814+00:00 seq=17587 state=QUIET  energy=   12165 frames=  38056960 flags=0x04 lost=0
2026-09-04T18:12:55.814+00:00 seq=17588 state=QUIET  energy=   18733 frames=  38057216 flags=0x04 lost=0
2026-09-04T18:12:55.814+00:00 seq=17589 state=QUIET  energy=   20196 frames=  38057472 flags=0x04 lost=0
2026-09-04T18:12:55.814+00:00 seq=17590 state=QUIET  energy=   20229 frames=  38057728 flags=0x04 lost=0
2026-09-04T18:12:55.814+00:00 seq=17591 state=QUIET  energy=   20695 frames=  38057984 flags=0x04 lost=0
2026-09-04T18:12:55.815+00:00 seq=17592 state=QUIET  energy=   20885 frames=  38058240 flags=0x04 lost=0
2026-09-04T18:12:55.815+00:00 seq=17593 state=QUIET  energy=   20431 frames=  38058496 flags=0x04 lost=0
2026-09-04T18:12:55.910+00:00 seq=17594 state=QUIET  energy=   18006 frames=  38058752 flags=0x04 lost=0
2026-09-04T18:12:55.910+00:00 seq=17595 state=QUIET  energy=   13916 frames=  38059008 flags=0x04 lost=0
2026-09-04T18:12:55.910+00:00 seq=17596 state=QUIET  energy=    9969 frames=  38059264 flags=0x04 lost=0
2026-09-04T18:12:55.911+00:00 seq=17597 state=QUIET  energy=    7422 frames=  38059520 flags=0x04 lost=0
2026-09-04T18:12:55.911+00:00 seq=17598 state=QUIET  energy=    4605 frames=  38059776 flags=0x04 lost=0
2026-09-04T18:12:55.911+00:00 seq=17599 state=QUIET  energy=    4434 frames=  38060032 flags=0x04 lost=0
2026-09-04T18:12:55.911+00:00 seq=17600 state=QUIET  energy=    3261 frames=  38060288 flags=0x04 lost=0
2026-09-04T18:12:55.911+00:00 seq=17601 state=QUIET  energy=    1953 frames=  38060544 flags=0x04 lost=0
2026-09-04T18:12:55.911+00:00 seq=17602 state=QUIET  energy=    3379 frames=  38060800 flags=0x04 lost=0
2026-09-04T18:12:55.911+00:00 seq=17603 state=QUIET  energy=    2729 frames=  38061056 flags=0x04 lost=0
2026-09-04T18:12:55.911+00:00 seq=17604 state=QUIET  energy=    1252 frames=  38061312 flags=0x04 lost=0
2026-09-04T18:12:55.912+00:00 seq=17605 state=QUIET  energy=    1117 frames=  38061568 flags=0x04 lost=0
2026-09-04T18:12:55.912+00:00 seq=17606 state=QUIET  energy=    1726 frames=  38061824 flags=0x04 lost=0
2026-09-04T18:12:55.912+00:00 seq=17607 state=QUIET  energy=    1622 frames=  38062080 flags=0x04 lost=0
2026-09-04T18:12:55.912+00:00 seq=17608 state=QUIET  energy=    2811 frames=  38062336 flags=0x04 lost=0
2026-09-04T18:12:55.912+00:00 seq=17609 state=QUIET  energy=    2313 frames=  38062592 flags=0x04 lost=0
2026-09-04T18:12:56.007+00:00 seq=17610 state=QUIET  energy=    3314 frames=  38062848 flags=0x04 lost=0
2026-09-04T18:12:56.009+00:00 seq=17611 state=QUIET  energy=    4040 frames=  38063104 flags=0x04 lost=0
2026-09-04T18:12:56.009+00:00 seq=17612 state=QUIET  energy=    3841 frames=  38063360 flags=0x04 lost=0
2026-09-04T18:12:56.009+00:00 seq=17613 state=QUIET  energy=    4524 frames=  38063616 flags=0x04 lost=0
2026-09-04T18:12:56.009+00:00 seq=17614 state=QUIET  energy=    6914 frames=  38063872 flags=0x04 lost=0
2026-09-04T18:12:56.009+00:00 seq=17615 state=QUIET  energy=   11748 frames=  38064128 flags=0x04 lost=0
2026-09-04T18:12:56.009+00:00 seq=17616 state=QUIET  energy=   13241 frames=  38064384 flags=0x04 lost=0
2026-09-04T18:12:56.010+00:00 seq=17617 state=QUIET  energy=   12469 frames=  38064640 flags=0x04 lost=0
2026-09-04T18:12:56.010+00:00 seq=17618 state=QUIET  energy=    9190 frames=  38064896 flags=0x04 lost=0
2026-09-04T18:12:56.010+00:00 seq=17619 state=QUIET  energy=    8144 frames=  38065152 flags=0x04 lost=0
2026-09-04T18:12:56.010+00:00 seq=17620 state=QUIET  energy=    7208 frames=  38065408 flags=0x04 lost=0
2026-09-04T18:12:56.010+00:00 seq=17621 state=QUIET  energy=    5746 frames=  38065664 flags=0x04 lost=0
2026-09-04T18:12:56.010+00:00 seq=17622 state=QUIET  energy=    4514 frames=  38065920 flags=0x04 lost=0
2026-09-04T18:12:56.010+00:00 seq=17623 state=QUIET  energy=    4203 frames=  38066176 flags=0x04 lost=0
2026-09-04T18:12:56.011+00:00 seq=17624 state=QUIET  energy=    3769 frames=  38066432 flags=0x04 lost=0
2026-09-04T18:12:56.011+00:00 seq=17625 state=QUIET  energy=    3727 frames=  38066688 flags=0x04 lost=0
2026-09-04T18:12:56.104+00:00 seq=17626 state=QUIET  energy=    3175 frames=  38066944 flags=0x04 lost=0
2026-09-04T18:12:56.104+00:00 seq=17627 state=QUIET  energy=    2403 frames=  38067200 flags=0x04 lost=0
2026-09-04T18:12:56.104+00:00 seq=17628 state=QUIET  energy=    3021 frames=  38067456 flags=0x04 lost=0
2026-09-04T18:12:56.105+00:00 seq=17629 state=QUIET  energy=    1751 frames=  38067712 flags=0x04 lost=0
2026-09-04T18:12:56.105+00:00 seq=17630 state=QUIET  energy=    1725 frames=  38067968 flags=0x04 lost=0
2026-09-04T18:12:56.105+00:00 seq=17631 state=QUIET  energy=    7805 frames=  38068224 flags=0x04 lost=0
2026-09-04T18:12:56.105+00:00 seq=17632 state=QUIET  energy=   13889 frames=  38068480 flags=0x04 lost=0
2026-09-04T18:12:56.105+00:00 seq=17633 state=QUIET  energy=   15697 frames=  38068736 flags=0x04 lost=0
2026-09-04T18:12:56.105+00:00 seq=17634 state=QUIET  energy=   15375 frames=  38068992 flags=0x04 lost=0
2026-09-04T18:12:56.105+00:00 seq=17635 state=QUIET  energy=   15472 frames=  38069248 flags=0x04 lost=0
2026-09-04T18:12:56.105+00:00 seq=17636 state=QUIET  energy=   14899 frames=  38069504 flags=0x04 lost=0
2026-09-04T18:12:56.105+00:00 seq=17637 state=QUIET  energy=   14855 frames=  38069760 flags=0x04 lost=0
2026-09-04T18:12:56.106+00:00 seq=17638 state=QUIET  energy=   12747 frames=  38070016 flags=0x04 lost=0
2026-09-04T18:12:56.106+00:00 seq=17639 state=QUIET  energy=   10090 frames=  38070272 flags=0x04 lost=0
2026-09-04T18:12:56.106+00:00 seq=17640 state=QUIET  energy=    6624 frames=  38070528 flags=0x04 lost=0
2026-09-04T18:12:56.106+00:00 seq=17641 state=QUIET  energy=    6167 frames=  38070784 flags=0x04 lost=0
2026-09-04T18:12:56.201+00:00 seq=17642 state=QUIET  energy=    4332 frames=  38071040 flags=0x04 lost=0
2026-09-04T18:12:56.201+00:00 seq=17643 state=QUIET  energy=    1787 frames=  38071296 flags=0x04 lost=0
2026-09-04T18:12:56.202+00:00 seq=17644 state=QUIET  energy=    2758 frames=  38071552 flags=0x04 lost=0
2026-09-04T18:12:56.202+00:00 seq=17645 state=QUIET  energy=    2770 frames=  38071808 flags=0x04 lost=0
2026-09-04T18:12:56.202+00:00 seq=17646 state=QUIET  energy=    6688 frames=  38072064 flags=0x04 lost=0
2026-09-04T18:12:56.202+00:00 seq=17647 state=QUIET  energy=   12280 frames=  38072320 flags=0x04 lost=0
2026-09-04T18:12:56.202+00:00 seq=17648 state=QUIET  energy=   16260 frames=  38072576 flags=0x04 lost=0
2026-09-04T18:12:56.202+00:00 seq=17649 state=QUIET  energy=   16975 frames=  38072832 flags=0x04 lost=0
2026-09-04T18:12:56.202+00:00 seq=17650 state=QUIET  energy=   16056 frames=  38073088 flags=0x04 lost=0
2026-09-04T18:12:56.202+00:00 seq=17651 state=QUIET  energy=   14821 frames=  38073344 flags=0x04 lost=0
2026-09-04T18:12:56.203+00:00 seq=17652 state=QUIET  energy=   12250 frames=  38073600 flags=0x04 lost=0
2026-09-04T18:12:56.203+00:00 seq=17653 state=QUIET  energy=   10317 frames=  38073856 flags=0x04 lost=0
2026-09-04T18:12:56.203+00:00 seq=17654 state=QUIET  energy=    8889 frames=  38074112 flags=0x04 lost=0
2026-09-04T18:12:56.203+00:00 seq=17655 state=QUIET  energy=    8696 frames=  38074368 flags=0x04 lost=0
2026-09-04T18:12:56.203+00:00 seq=17656 state=QUIET  energy=    6175 frames=  38074624 flags=0x04 lost=0
2026-09-04T18:12:56.203+00:00 seq=17657 state=QUIET  energy=    7192 frames=  38074880 flags=0x04 lost=0
2026-09-04T18:12:56.298+00:00 seq=17658 state=QUIET  energy=    8074 frames=  38075136 flags=0x04 lost=0
2026-09-04T18:12:56.298+00:00 seq=17659 state=QUIET  energy=    4665 frames=  38075392 flags=0x04 lost=0
2026-09-04T18:12:56.299+00:00 seq=17660 state=QUIET  energy=    5481 frames=  38075648 flags=0x04 lost=0
2026-09-04T18:12:56.299+00:00 seq=17661 state=QUIET  energy=    5385 frames=  38075904 flags=0x04 lost=0
2026-09-04T18:12:56.299+00:00 seq=17662 state=QUIET  energy=    5017 frames=  38076160 flags=0x04 lost=0
2026-09-04T18:12:56.299+00:00 seq=17663 state=QUIET  energy=    3553 frames=  38076416 flags=0x04 lost=0
2026-09-04T18:12:56.299+00:00 seq=17664 state=QUIET  energy=    3405 frames=  38076672 flags=0x04 lost=0
2026-09-04T18:12:56.299+00:00 seq=17665 state=QUIET  energy=    3601 frames=  38076928 flags=0x04 lost=0
2026-09-04T18:12:56.299+00:00 seq=17666 state=QUIET  energy=    2965 frames=  38077184 flags=0x04 lost=0
2026-09-04T18:12:56.299+00:00 seq=17667 state=QUIET  energy=    2144 frames=  38077440 flags=0x04 lost=0
2026-09-04T18:12:56.300+00:00 seq=17668 state=QUIET  energy=    3871 frames=  38077696 flags=0x04 lost=0
2026-09-04T18:12:56.300+00:00 seq=17669 state=QUIET  energy=    3122 frames=  38077952 flags=0x04 lost=0
2026-09-04T18:12:56.300+00:00 seq=17670 state=QUIET  energy=    3858 frames=  38078208 flags=0x04 lost=0
2026-09-04T18:12:56.300+00:00 seq=17671 state=QUIET  energy=    3216 frames=  38078464 flags=0x04 lost=0
2026-09-04T18:12:56.300+00:00 seq=17672 state=QUIET  energy=    2439 frames=  38078720 flags=0x04 lost=0
2026-09-04T18:12:56.300+00:00 seq=17673 state=QUIET  energy=    1437 frames=  38078976 flags=0x04 lost=0
2026-09-04T18:12:56.395+00:00 seq=17674 state=QUIET  energy=    2615 frames=  38079232 flags=0x04 lost=0
2026-09-04T18:12:56.396+00:00 seq=17675 state=QUIET  energy=    1713 frames=  38079488 flags=0x04 lost=0
2026-09-04T18:12:56.396+00:00 seq=17676 state=QUIET  energy=    1798 frames=  38079744 flags=0x04 lost=0
2026-09-04T18:12:56.396+00:00 seq=17677 state=QUIET  energy=    2166 frames=  38080000 flags=0x04 lost=0
2026-09-04T18:12:56.396+00:00 seq=17678 state=QUIET  energy=    2895 frames=  38080256 flags=0x04 lost=0
2026-09-04T18:12:56.396+00:00 seq=17679 state=QUIET  energy=    4746 frames=  38080512 flags=0x04 lost=0
2026-09-04T18:12:56.396+00:00 seq=17680 state=QUIET  energy=    5362 frames=  38080768 flags=0x04 lost=0
2026-09-04T18:12:56.396+00:00 seq=17681 state=QUIET  energy=   10348 frames=  38081024 flags=0x04 lost=0
2026-09-04T18:12:56.396+00:00 seq=17682 state=QUIET  energy=   19162 frames=  38081280 flags=0x04 lost=0
2026-09-04T18:12:56.397+00:00 seq=17683 state=QUIET  energy=   21610 frames=  38081536 flags=0x04 lost=0
2026-09-04T18:12:56.397+00:00 seq=17684 state=QUIET  energy=   23317 frames=  38081792 flags=0x04 lost=0
2026-09-04T18:12:56.397+00:00 seq=17685 state=QUIET  energy=   23684 frames=  38082048 flags=0x04 lost=0
2026-09-04T18:12:56.397+00:00 seq=17686 state=QUIET  energy=   23973 frames=  38082304 flags=0x04 lost=0
2026-09-04T18:12:56.397+00:00 seq=17687 state=QUIET  energy=   19707 frames=  38082560 flags=0x04 lost=0
2026-09-04T18:12:56.397+00:00 seq=17688 state=QUIET  energy=   15266 frames=  38082816 flags=0x04 lost=0
2026-09-04T18:12:56.397+00:00 seq=17689 state=QUIET  energy=   13690 frames=  38083072 flags=0x04 lost=0
2026-09-04T18:12:56.492+00:00 seq=17690 state=QUIET  energy=    8044 frames=  38083328 flags=0x04 lost=0
2026-09-04T18:12:56.493+00:00 seq=17691 state=QUIET  energy=    4869 frames=  38083584 flags=0x04 lost=0
2026-09-04T18:12:56.493+00:00 seq=17692 state=QUIET  energy=    4726 frames=  38083840 flags=0x04 lost=0
2026-09-04T18:12:56.493+00:00 seq=17693 state=QUIET  energy=    4975 frames=  38084096 flags=0x04 lost=0
2026-09-04T18:12:56.493+00:00 seq=17694 state=QUIET  energy=    4238 frames=  38084352 flags=0x04 lost=0
2026-09-04T18:12:56.493+00:00 seq=17695 state=QUIET  energy=    5145 frames=  38084608 flags=0x04 lost=0
2026-09-04T18:12:56.493+00:00 seq=17696 state=QUIET  energy=    4835 frames=  38084864 flags=0x04 lost=0
2026-09-04T18:12:56.493+00:00 seq=17697 state=QUIET  energy=    4103 frames=  38085120 flags=0x04 lost=0
2026-09-04T18:12:56.494+00:00 seq=17698 state=QUIET  energy=    2111 frames=  38085376 flags=0x04 lost=0
2026-09-04T18:12:56.494+00:00 seq=17699 state=QUIET  energy=    3222 frames=  38085632 flags=0x04 lost=0
2026-09-04T18:12:56.494+00:00 seq=17700 state=QUIET  energy=    3501 frames=  38085888 flags=0x04 lost=0
2026-09-04T18:12:56.494+00:00 seq=17701 state=QUIET  energy=    3368 frames=  38086144 flags=0x04 lost=0
2026-09-04T18:12:56.494+00:00 seq=17702 state=QUIET  energy=    1736 frames=  38086400 flags=0x04 lost=0
2026-09-04T18:12:56.494+00:00 seq=17703 state=QUIET  energy=    1854 frames=  38086656 flags=0x04 lost=0
2026-09-04T18:12:56.494+00:00 seq=17704 state=QUIET  energy=    1378 frames=  38086912 flags=0x04 lost=0
2026-09-04T18:12:56.494+00:00 seq=17705 state=QUIET  energy=    3235 frames=  38087168 flags=0x04 lost=0
2026-09-04T18:12:56.589+00:00 seq=17706 state=QUIET  energy=    3511 frames=  38087424 flags=0x04 lost=0
2026-09-04T18:12:56.590+00:00 seq=17707 state=QUIET  energy=    3020 frames=  38087680 flags=0x04 lost=0
2026-09-04T18:12:56.590+00:00 seq=17708 state=QUIET  energy=    2317 frames=  38087936 flags=0x04 lost=0
2026-09-04T18:12:56.590+00:00 seq=17709 state=QUIET  energy=    1535 frames=  38088192 flags=0x04 lost=0
2026-09-04T18:12:56.590+00:00 seq=17710 state=QUIET  energy=    2618 frames=  38088448 flags=0x04 lost=0
2026-09-04T18:12:56.590+00:00 seq=17711 state=QUIET  energy=    2138 frames=  38088704 flags=0x04 lost=0
2026-09-04T18:12:56.590+00:00 seq=17712 state=QUIET  energy=    3914 frames=  38088960 flags=0x04 lost=0
2026-09-04T18:12:56.590+00:00 seq=17713 state=QUIET  energy=    4896 frames=  38089216 flags=0x04 lost=0
2026-09-04T18:12:56.591+00:00 seq=17714 state=QUIET  energy=    4476 frames=  38089472 flags=0x04 lost=0
2026-09-04T18:12:56.591+00:00 seq=17715 state=QUIET  energy=    3306 frames=  38089728 flags=0x04 lost=0
2026-09-04T18:12:56.591+00:00 seq=17716 state=QUIET  energy=    4513 frames=  38089984 flags=0x04 lost=0
2026-09-04T18:12:56.591+00:00 seq=17717 state=QUIET  energy=    7269 frames=  38090240 flags=0x04 lost=0
2026-09-04T18:12:56.591+00:00 seq=17718 state=QUIET  energy=   12197 frames=  38090496 flags=0x04 lost=0
2026-09-04T18:12:56.591+00:00 seq=17719 state=QUIET  energy=   13533 frames=  38090752 flags=0x04 lost=0
2026-09-04T18:12:56.591+00:00 seq=17720 state=QUIET  energy=   14713 frames=  38091008 flags=0x04 lost=0
2026-09-04T18:12:56.591+00:00 seq=17721 state=QUIET  energy=   11953 frames=  38091264 flags=0x04 lost=0
2026-09-04T18:12:56.687+00:00 seq=17722 state=QUIET  energy=   11026 frames=  38091520 flags=0x04 lost=0
2026-09-04T18:12:56.687+00:00 seq=17723 state=QUIET  energy=    4335 frames=  38091776 flags=0x04 lost=0
2026-09-04T18:12:56.687+00:00 seq=17724 state=QUIET  energy=    9125 frames=  38092032 flags=0x04 lost=0
2026-09-04T18:12:56.687+00:00 seq=17725 state=QUIET  energy=    7977 frames=  38092288 flags=0x04 lost=0
2026-09-04T18:12:56.687+00:00 seq=17726 state=QUIET  energy=    3600 frames=  38092544 flags=0x04 lost=0
2026-09-04T18:12:56.687+00:00 seq=17727 state=QUIET  energy=    5080 frames=  38092800 flags=0x04 lost=0
2026-09-04T18:12:56.687+00:00 seq=17728 state=QUIET  energy=    5194 frames=  38093056 flags=0x04 lost=0
2026-09-04T18:12:56.687+00:00 seq=17729 state=QUIET  energy=    4395 frames=  38093312 flags=0x04 lost=0
2026-09-04T18:12:56.688+00:00 seq=17730 state=QUIET  energy=    3936 frames=  38093568 flags=0x04 lost=0
2026-09-04T18:12:56.688+00:00 seq=17731 state=QUIET  energy=    9969 frames=  38093824 flags=0x04 lost=0
2026-09-04T18:12:56.688+00:00 seq=17732 state=QUIET  energy=   13419 frames=  38094080 flags=0x04 lost=0
2026-09-04T18:12:56.688+00:00 seq=17733 state=QUIET  energy=   16302 frames=  38094336 flags=0x04 lost=0
2026-09-04T18:12:56.688+00:00 seq=17734 state=QUIET  energy=   11821 frames=  38094592 flags=0x04 lost=0
2026-09-04T18:12:56.688+00:00 seq=17735 state=QUIET  energy=   10583 frames=  38094848 flags=0x04 lost=0
2026-09-04T18:12:56.688+00:00 seq=17736 state=QUIET  energy=    8182 frames=  38095104 flags=0x04 lost=0
2026-09-04T18:12:56.688+00:00 seq=17737 state=QUIET  energy=    5400 frames=  38095360 flags=0x04 lost=0
2026-09-04T18:12:56.784+00:00 seq=17738 state=QUIET  energy=    2715 frames=  38095616 flags=0x04 lost=0
2026-09-04T18:12:56.784+00:00 seq=17739 state=QUIET  energy=     917 frames=  38095872 flags=0x04 lost=0
2026-09-04T18:12:56.784+00:00 seq=17740 state=QUIET  energy=    3697 frames=  38096128 flags=0x04 lost=0
2026-09-04T18:12:56.784+00:00 seq=17741 state=QUIET  energy=   10400 frames=  38096384 flags=0x04 lost=0
2026-09-04T18:12:56.784+00:00 seq=17742 state=QUIET  energy=   15076 frames=  38096640 flags=0x04 lost=0
2026-09-04T18:12:56.784+00:00 seq=17743 state=QUIET  energy=   18114 frames=  38096896 flags=0x04 lost=0
2026-09-04T18:12:56.785+00:00 seq=17744 state=QUIET  energy=   18867 frames=  38097152 flags=0x04 lost=0
2026-09-04T18:12:56.785+00:00 seq=17745 state=QUIET  energy=   12337 frames=  38097408 flags=0x04 lost=0
2026-09-04T18:12:56.785+00:00 seq=17746 state=QUIET  energy=   11728 frames=  38097664 flags=0x04 lost=0
2026-09-04T18:12:56.785+00:00 seq=17747 state=QUIET  energy=    8601 frames=  38097920 flags=0x04 lost=0
2026-09-04T18:12:56.785+00:00 seq=17748 state=QUIET  energy=    5966 frames=  38098176 flags=0x04 lost=0
2026-09-04T18:12:56.785+00:00 seq=17749 state=QUIET  energy=    8270 frames=  38098432 flags=0x04 lost=0
2026-09-04T18:12:56.785+00:00 seq=17750 state=QUIET  energy=    7934 frames=  38098688 flags=0x04 lost=0
2026-09-04T18:12:56.785+00:00 seq=17751 state=QUIET  energy=    7361 frames=  38098944 flags=0x04 lost=0
2026-09-04T18:12:56.785+00:00 seq=17752 state=QUIET  energy=    3240 frames=  38099200 flags=0x04 lost=0
2026-09-04T18:12:56.786+00:00 seq=17753 state=QUIET  energy=    6594 frames=  38099456 flags=0x04 lost=0
2026-09-04T18:12:56.881+00:00 seq=17754 state=QUIET  energy=    6232 frames=  38099712 flags=0x04 lost=0
2026-09-04T18:12:56.881+00:00 seq=17755 state=QUIET  energy=    3763 frames=  38099968 flags=0x04 lost=0
2026-09-04T18:12:56.881+00:00 seq=17756 state=QUIET  energy=    6374 frames=  38100224 flags=0x04 lost=0
2026-09-04T18:12:56.881+00:00 seq=17757 state=QUIET  energy=    5308 frames=  38100480 flags=0x04 lost=0
2026-09-04T18:12:56.881+00:00 seq=17758 state=QUIET  energy=    6029 frames=  38100736 flags=0x04 lost=0
2026-09-04T18:12:56.881+00:00 seq=17759 state=QUIET  energy=    4952 frames=  38100992 flags=0x04 lost=0
2026-09-04T18:12:56.882+00:00 seq=17760 state=QUIET  energy=    3102 frames=  38101248 flags=0x04 lost=0
2026-09-04T18:12:56.882+00:00 seq=17761 state=QUIET  energy=    5997 frames=  38101504 flags=0x04 lost=0
2026-09-04T18:12:56.882+00:00 seq=17762 state=QUIET  energy=    5073 frames=  38101760 flags=0x04 lost=0
2026-09-04T18:12:56.882+00:00 seq=17763 state=QUIET  energy=    2840 frames=  38102016 flags=0x04 lost=0
2026-09-04T18:12:56.882+00:00 seq=17764 state=QUIET  energy=    2112 frames=  38102272 flags=0x04 lost=0
2026-09-04T18:12:56.882+00:00 seq=17765 state=QUIET  energy=    1116 frames=  38102528 flags=0x04 lost=0
2026-09-04T18:12:56.882+00:00 seq=17766 state=QUIET  energy=    1197 frames=  38102784 flags=0x04 lost=0
2026-09-04T18:12:56.882+00:00 seq=17767 state=QUIET  energy=    3625 frames=  38103040 flags=0x04 lost=0
2026-09-04T18:12:56.883+00:00 seq=17768 state=QUIET  energy=    2898 frames=  38103296 flags=0x04 lost=0
2026-09-04T18:12:56.883+00:00 seq=17769 state=QUIET  energy=    3033 frames=  38103552 flags=0x04 lost=0
2026-09-04T18:12:56.978+00:00 seq=17770 state=QUIET  energy=    4109 frames=  38103808 flags=0x04 lost=0
2026-09-04T18:12:56.978+00:00 seq=17771 state=QUIET  energy=    7133 frames=  38104064 flags=0x04 lost=0
2026-09-04T18:12:56.978+00:00 seq=17772 state=QUIET  energy=    8917 frames=  38104320 flags=0x04 lost=0
2026-09-04T18:12:56.978+00:00 seq=17773 state=QUIET  energy=   10445 frames=  38104576 flags=0x04 lost=0
2026-09-04T18:12:56.978+00:00 seq=17774 state=QUIET  energy=   14754 frames=  38104832 flags=0x04 lost=0
2026-09-04T18:12:56.979+00:00 seq=17775 state=QUIET  energy=   14666 frames=  38105088 flags=0x04 lost=0
2026-09-04T18:12:56.979+00:00 seq=17776 state=QUIET  energy=   13773 frames=  38105344 flags=0x04 lost=0
2026-09-04T18:12:56.979+00:00 seq=17777 state=QUIET  energy=   14964 frames=  38105600 flags=0x04 lost=0
2026-09-04T18:12:56.979+00:00 seq=17778 state=QUIET  energy=   11076 frames=  38105856 flags=0x04 lost=0
2026-09-04T18:12:56.979+00:00 seq=17779 state=QUIET  energy=    7533 frames=  38106112 flags=0x04 lost=0
2026-09-04T18:12:56.979+00:00 seq=17780 state=QUIET  energy=    5269 frames=  38106368 flags=0x04 lost=0
2026-09-04T18:12:56.979+00:00 seq=17781 state=QUIET  energy=    1623 frames=  38106624 flags=0x04 lost=0
2026-09-04T18:12:56.979+00:00 seq=17782 state=QUIET  energy=    1065 frames=  38106880 flags=0x04 lost=0
2026-09-04T18:12:56.980+00:00 seq=17783 state=QUIET  energy=    6672 frames=  38107136 flags=0x04 lost=0
2026-09-04T18:12:56.980+00:00 seq=17784 state=QUIET  energy=   10373 frames=  38107392 flags=0x04 lost=0
2026-09-04T18:12:56.980+00:00 seq=17785 state=QUIET  energy=   10899 frames=  38107648 flags=0x04 lost=0
2026-09-04T18:12:57.075+00:00 seq=17786 state=QUIET  energy=    8954 frames=  38107904 flags=0x04 lost=0
2026-09-04T18:12:57.075+00:00 seq=17787 state=QUIET  energy=    7786 frames=  38108160 flags=0x04 lost=0
2026-09-04T18:12:57.075+00:00 seq=17788 state=QUIET  energy=    8856 frames=  38108416 flags=0x04 lost=0
2026-09-04T18:12:57.075+00:00 seq=17789 state=QUIET  energy=    9123 frames=  38108672 flags=0x04 lost=0
2026-09-04T18:12:57.075+00:00 seq=17790 state=QUIET  energy=    7915 frames=  38108928 flags=0x04 lost=0
2026-09-04T18:12:57.076+00:00 seq=17791 state=QUIET  energy=    6532 frames=  38109184 flags=0x04 lost=0
2026-09-04T18:12:57.076+00:00 seq=17792 state=QUIET  energy=    5357 frames=  38109440 flags=0x04 lost=0
2026-09-04T18:12:57.076+00:00 seq=17793 state=QUIET  energy=    5249 frames=  38109696 flags=0x04 lost=0
2026-09-04T18:12:57.076+00:00 seq=17794 state=QUIET  energy=    6174 frames=  38109952 flags=0x04 lost=0
2026-09-04T18:12:57.076+00:00 seq=17795 state=QUIET  energy=    5080 frames=  38110208 flags=0x04 lost=0
2026-09-04T18:12:57.076+00:00 seq=17796 state=QUIET  energy=    4596 frames=  38110464 flags=0x04 lost=0
2026-09-04T18:12:57.076+00:00 seq=17797 state=QUIET  energy=    3554 frames=  38110720 flags=0x04 lost=0
2026-09-04T18:12:57.076+00:00 seq=17798 state=QUIET  energy=    1917 frames=  38110976 flags=0x04 lost=0
2026-09-04T18:12:57.077+00:00 seq=17799 state=QUIET  energy=    1509 frames=  38111232 flags=0x04 lost=0
2026-09-04T18:12:57.077+00:00 seq=17800 state=QUIET  energy=    2337 frames=  38111488 flags=0x04 lost=0
2026-09-04T18:12:57.077+00:00 seq=17801 state=QUIET  energy=    2390 frames=  38111744 flags=0x04 lost=0
2026-09-04T18:12:57.172+00:00 seq=17802 state=QUIET  energy=    1171 frames=  38112000 flags=0x04 lost=0
2026-09-04T18:12:57.172+00:00 seq=17803 state=QUIET  energy=     843 frames=  38112256 flags=0x04 lost=0
2026-09-04T18:12:57.172+00:00 seq=17804 state=QUIET  energy=    2228 frames=  38112512 flags=0x04 lost=0
2026-09-04T18:12:57.172+00:00 seq=17805 state=QUIET  energy=    2377 frames=  38112768 flags=0x04 lost=0
2026-09-04T18:12:57.173+00:00 seq=17806 state=QUIET  energy=    2772 frames=  38113024 flags=0x04 lost=0
2026-09-04T18:12:57.173+00:00 seq=17807 state=QUIET  energy=    5117 frames=  38113280 flags=0x04 lost=0
2026-09-04T18:12:57.173+00:00 seq=17808 state=QUIET  energy=   10404 frames=  38113536 flags=0x04 lost=0
2026-09-04T18:12:57.173+00:00 seq=17809 state=QUIET  energy=   15167 frames=  38113792 flags=0x04 lost=0
2026-09-04T18:12:57.173+00:00 seq=17810 state=QUIET  energy=   17743 frames=  38114048 flags=0x04 lost=0
2026-09-04T18:12:57.173+00:00 seq=17811 state=QUIET  energy=   19445 frames=  38114304 flags=0x04 lost=0
2026-09-04T18:12:57.173+00:00 seq=17812 state=QUIET  energy=   18343 frames=  38114560 flags=0x04 lost=0
2026-09-04T18:12:57.173+00:00 seq=17813 state=QUIET  energy=   15172 frames=  38114816 flags=0x04 lost=0
2026-09-04T18:12:57.174+00:00 seq=17814 state=QUIET  energy=   13124 frames=  38115072 flags=0x04 lost=0
2026-09-04T18:12:57.174+00:00 seq=17815 state=QUIET  energy=   10884 frames=  38115328 flags=0x04 lost=0
2026-09-04T18:12:57.174+00:00 seq=17816 state=QUIET  energy=   11217 frames=  38115584 flags=0x04 lost=0
2026-09-04T18:12:57.174+00:00 seq=17817 state=QUIET  energy=   10030 frames=  38115840 flags=0x04 lost=0
2026-09-04T18:12:57.269+00:00 seq=17818 state=QUIET  energy=    8920 frames=  38116096 flags=0x04 lost=0
2026-09-04T18:12:57.269+00:00 seq=17819 state=QUIET  energy=    8296 frames=  38116352 flags=0x04 lost=0
2026-09-04T18:12:57.269+00:00 seq=17820 state=QUIET  energy=    7073 frames=  38116608 flags=0x04 lost=0
2026-09-04T18:12:57.270+00:00 seq=17821 state=QUIET  energy=    5705 frames=  38116864 flags=0x04 lost=0
2026-09-04T18:12:57.270+00:00 seq=17822 state=QUIET  energy=    4143 frames=  38117120 flags=0x04 lost=0
2026-09-04T18:12:57.270+00:00 seq=17823 state=QUIET  energy=    1579 frames=  38117376 flags=0x04 lost=0
2026-09-04T18:12:57.270+00:00 seq=17824 state=QUIET  energy=    3020 frames=  38117632 flags=0x04 lost=0
2026-09-04T18:12:57.270+00:00 seq=17825 state=QUIET  energy=    4682 frames=  38117888 flags=0x04 lost=0
2026-09-04T18:12:57.270+00:00 seq=17826 state=QUIET  energy=    7642 frames=  38118144 flags=0x04 lost=0
2026-09-04T18:12:57.270+00:00 seq=17827 state=QUIET  energy=   11000 frames=  38118400 flags=0x04 lost=0
2026-09-04T18:12:57.270+00:00 seq=17828 state=QUIET  energy=   11460 frames=  38118656 flags=0x04 lost=0
2026-09-04T18:12:57.271+00:00 seq=17829 state=QUIET  energy=   11429 frames=  38118912 flags=0x04 lost=0
2026-09-04T18:12:57.271+00:00 seq=17830 state=QUIET  energy=   10314 frames=  38119168 flags=0x04 lost=0
2026-09-04T18:12:57.271+00:00 seq=17831 state=QUIET  energy=   10597 frames=  38119424 flags=0x04 lost=0
2026-09-04T18:12:57.271+00:00 seq=17832 state=QUIET  energy=   10144 frames=  38119680 flags=0x04 lost=0
2026-09-04T18:12:57.271+00:00 seq=17833 state=QUIET  energy=    9073 frames=  38119936 flags=0x04 lost=0
2026-09-04T18:12:57.366+00:00 seq=17834 state=QUIET  energy=    6465 frames=  38120192 flags=0x04 lost=0
2026-09-04T18:12:57.366+00:00 seq=17835 state=QUIET  energy=    5409 frames=  38120448 flags=0x04 lost=0
2026-09-04T18:12:57.367+00:00 seq=17836 state=QUIET  energy=    5041 frames=  38120704 flags=0x04 lost=0
2026-09-04T18:12:57.367+00:00 seq=17837 state=QUIET  energy=    6513 frames=  38120960 flags=0x04 lost=0
2026-09-04T18:12:57.367+00:00 seq=17838 state=QUIET  energy=    6179 frames=  38121216 flags=0x04 lost=0
2026-09-04T18:12:57.367+00:00 seq=17839 state=QUIET  energy=    4430 frames=  38121472 flags=0x04 lost=0
2026-09-04T18:12:57.367+00:00 seq=17840 state=QUIET  energy=    4102 frames=  38121728 flags=0x04 lost=0
2026-09-04T18:12:57.367+00:00 seq=17841 state=QUIET  energy=    4228 frames=  38121984 flags=0x04 lost=0
2026-09-04T18:12:57.367+00:00 seq=17842 state=QUIET  energy=    3790 frames=  38122240 flags=0x04 lost=0
2026-09-04T18:12:57.367+00:00 seq=17843 state=QUIET  energy=    2907 frames=  38122496 flags=0x04 lost=0
2026-09-04T18:12:57.368+00:00 seq=17844 state=QUIET  energy=    2084 frames=  38122752 flags=0x04 lost=0
2026-09-04T18:12:57.368+00:00 seq=17845 state=QUIET  energy=    1856 frames=  38123008 flags=0x04 lost=0
2026-09-04T18:12:57.368+00:00 seq=17846 state=QUIET  energy=    4452 frames=  38123264 flags=0x04 lost=0
2026-09-04T18:12:57.368+00:00 seq=17847 state=QUIET  energy=    3214 frames=  38123520 flags=0x04 lost=0
2026-09-04T18:12:57.368+00:00 seq=17848 state=QUIET  energy=    1381 frames=  38123776 flags=0x04 lost=0
2026-09-04T18:12:57.368+00:00 seq=17849 state=QUIET  energy=    4762 frames=  38124032 flags=0x04 lost=0
2026-09-04T18:12:57.463+00:00 seq=17850 state=QUIET  energy=    9754 frames=  38124288 flags=0x04 lost=0
2026-09-04T18:12:57.464+00:00 seq=17851 state=QUIET  energy=   14966 frames=  38124544 flags=0x04 lost=0
2026-09-04T18:12:57.464+00:00 seq=17852 state=QUIET  energy=   16361 frames=  38124800 flags=0x04 lost=0
2026-09-04T18:12:57.464+00:00 seq=17853 state=QUIET  energy=   14684 frames=  38125056 flags=0x04 lost=0
2026-09-04T18:12:57.464+00:00 seq=17854 state=QUIET  energy=   13833 frames=  38125312 flags=0x04 lost=0
2026-09-04T18:12:57.464+00:00 seq=17855 state=QUIET  energy=   13564 frames=  38125568 flags=0x04 lost=0
2026-09-04T18:12:57.464+00:00 seq=17856 state=QUIET  energy=   11829 frames=  38125824 flags=0x04 lost=0
2026-09-04T18:12:57.464+00:00 seq=17857 state=QUIET  energy=   10471 frames=  38126080 flags=0x04 lost=0
2026-09-04T18:12:57.464+00:00 seq=17858 state=QUIET  energy=    9866 frames=  38126336 flags=0x04 lost=0
2026-09-04T18:12:57.465+00:00 seq=17859 state=QUIET  energy=    8732 frames=  38126592 flags=0x04 lost=0
2026-09-04T18:12:57.465+00:00 seq=17860 state=QUIET  energy=    6491 frames=  38126848 flags=0x04 lost=0
2026-09-04T18:12:57.465+00:00 seq=17861 state=QUIET  energy=    3929 frames=  38127104 flags=0x04 lost=0
2026-09-04T18:12:57.465+00:00 seq=17862 state=QUIET  energy=    1385 frames=  38127360 flags=0x04 lost=0
2026-09-04T18:12:57.465+00:00 seq=17863 state=QUIET  energy=    2510 frames=  38127616 flags=0x04 lost=0
2026-09-04T18:12:57.465+00:00 seq=17864 state=QUIET  energy=    6129 frames=  38127872 flags=0x04 lost=0
2026-09-04T18:12:57.465+00:00 seq=17865 state=QUIET  energy=   13198 frames=  38128128 flags=0x04 lost=0
2026-09-04T18:12:57.560+00:00 seq=17866 state=QUIET  energy=   14551 frames=  38128384 flags=0x04 lost=0
2026-09-04T18:12:57.561+00:00 seq=17867 state=QUIET  energy=   14126 frames=  38128640 flags=0x04 lost=0
2026-09-04T18:12:57.561+00:00 seq=17868 state=QUIET  energy=   13973 frames=  38128896 flags=0x04 lost=0
2026-09-04T18:12:57.561+00:00 seq=17869 state=QUIET  energy=   13992 frames=  38129152 flags=0x04 lost=0
2026-09-04T18:12:57.561+00:00 seq=17870 state=QUIET  energy=   12146 frames=  38129408 flags=0x04 lost=0
2026-09-04T18:12:57.561+00:00 seq=17871 state=QUIET  energy=    9837 frames=  38129664 flags=0x04 lost=0
2026-09-04T18:12:57.561+00:00 seq=17872 state=QUIET  energy=    8004 frames=  38129920 flags=0x04 lost=0
2026-09-04T18:12:57.561+00:00 seq=17873 state=QUIET  energy=    7409 frames=  38130176 flags=0x04 lost=0
2026-09-04T18:12:57.562+00:00 seq=17874 state=QUIET  energy=    6353 frames=  38130432 flags=0x04 lost=0
2026-09-04T18:12:57.562+00:00 seq=17875 state=QUIET  energy=    3776 frames=  38130688 flags=0x04 lost=0
2026-09-04T18:12:57.562+00:00 seq=17876 state=QUIET  energy=    3981 frames=  38130944 flags=0x04 lost=0
2026-09-04T18:12:57.562+00:00 seq=17877 state=QUIET  energy=    4770 frames=  38131200 flags=0x04 lost=0
2026-09-04T18:12:57.562+00:00 seq=17878 state=QUIET  energy=    5281 frames=  38131456 flags=0x04 lost=0
2026-09-04T18:12:57.562+00:00 seq=17879 state=QUIET  energy=    3323 frames=  38131712 flags=0x04 lost=0
2026-09-04T18:12:57.562+00:00 seq=17880 state=QUIET  energy=    1722 frames=  38131968 flags=0x04 lost=0
2026-09-04T18:12:57.562+00:00 seq=17881 state=QUIET  energy=    1072 frames=  38132224 flags=0x04 lost=0
2026-09-04T18:12:57.657+00:00 seq=17882 state=QUIET  energy=    1311 frames=  38132480 flags=0x04 lost=0
2026-09-04T18:12:57.658+00:00 seq=17883 state=QUIET  energy=    1557 frames=  38132736 flags=0x04 lost=0
2026-09-04T18:12:57.658+00:00 seq=17884 state=QUIET  energy=    1180 frames=  38132992 flags=0x04 lost=0
2026-09-04T18:12:57.658+00:00 seq=17885 state=QUIET  energy=    1216 frames=  38133248 flags=0x04 lost=0
2026-09-04T18:12:57.658+00:00 seq=17886 state=QUIET  energy=    1193 frames=  38133504 flags=0x04 lost=0
2026-09-04T18:12:57.658+00:00 seq=17887 state=QUIET  energy=    1026 frames=  38133760 flags=0x04 lost=0
2026-09-04T18:12:57.658+00:00 seq=17888 state=QUIET  energy=    1360 frames=  38134016 flags=0x04 lost=0
2026-09-04T18:12:57.658+00:00 seq=17889 state=QUIET  energy=    1004 frames=  38134272 flags=0x04 lost=0
2026-09-04T18:12:57.659+00:00 seq=17890 state=QUIET  energy=    2006 frames=  38134528 flags=0x04 lost=0
2026-09-04T18:12:57.659+00:00 seq=17891 state=QUIET  energy=    6693 frames=  38134784 flags=0x04 lost=0
2026-09-04T18:12:57.659+00:00 seq=17892 state=QUIET  energy=   13623 frames=  38135040 flags=0x04 lost=0
2026-09-04T18:12:57.659+00:00 seq=17893 state=QUIET  energy=   16214 frames=  38135296 flags=0x04 lost=0
2026-09-04T18:12:57.659+00:00 seq=17894 state=QUIET  energy=   16096 frames=  38135552 flags=0x04 lost=0
2026-09-04T18:12:57.659+00:00 seq=17895 state=QUIET  energy=   14597 frames=  38135808 flags=0x04 lost=0
2026-09-04T18:12:57.659+00:00 seq=17896 state=QUIET  energy=   12131 frames=  38136064 flags=0x04 lost=0
2026-09-04T18:12:57.659+00:00 seq=17897 state=QUIET  energy=    9748 frames=  38136320 flags=0x04 lost=0
2026-09-04T18:12:57.755+00:00 seq=17898 state=QUIET  energy=    9738 frames=  38136576 flags=0x04 lost=0
2026-09-04T18:12:57.755+00:00 seq=17899 state=QUIET  energy=    7602 frames=  38136832 flags=0x04 lost=0
2026-09-04T18:12:57.755+00:00 seq=17900 state=QUIET  energy=    7729 frames=  38137088 flags=0x04 lost=0
2026-09-04T18:12:57.755+00:00 seq=17901 state=QUIET  energy=    6144 frames=  38137344 flags=0x04 lost=0
2026-09-04T18:12:57.755+00:00 seq=17902 state=QUIET  energy=    4349 frames=  38137600 flags=0x04 lost=0
2026-09-04T18:12:57.755+00:00 seq=17903 state=QUIET  energy=    3480 frames=  38137856 flags=0x04 lost=0
2026-09-04T18:12:57.755+00:00 seq=17904 state=QUIET  energy=    1823 frames=  38138112 flags=0x04 lost=0
2026-09-04T18:12:57.756+00:00 seq=17905 state=QUIET  energy=    1427 frames=  38138368 flags=0x04 lost=0
2026-09-04T18:12:57.756+00:00 seq=17906 state=QUIET  energy=    2803 frames=  38138624 flags=0x04 lost=0
2026-09-04T18:12:57.756+00:00 seq=17907 state=QUIET  energy=   10341 frames=  38138880 flags=0x04 lost=0
2026-09-04T18:12:57.756+00:00 seq=17908 state=QUIET  energy=   17033 frames=  38139136 flags=0x04 lost=0
2026-09-04T18:12:57.756+00:00 seq=17909 state=QUIET  energy=   18974 frames=  38139392 flags=0x04 lost=0
2026-09-04T18:12:57.756+00:00 seq=17910 state=QUIET  energy=   15708 frames=  38139648 flags=0x04 lost=0
2026-09-04T18:12:57.756+00:00 seq=17911 state=QUIET  energy=   16754 frames=  38139904 flags=0x04 lost=0
2026-09-04T18:12:57.756+00:00 seq=17912 state=QUIET  energy=   17042 frames=  38140160 flags=0x04 lost=0
2026-09-04T18:12:57.756+00:00 seq=17913 state=QUIET  energy=   15475 frames=  38140416 flags=0x04 lost=0
2026-09-04T18:12:57.852+00:00 seq=17914 state=QUIET  energy=   14550 frames=  38140672 flags=0x04 lost=0
2026-09-04T18:12:57.852+00:00 seq=17915 state=QUIET  energy=   12973 frames=  38140928 flags=0x04 lost=0
2026-09-04T18:12:57.852+00:00 seq=17916 state=QUIET  energy=   11166 frames=  38141184 flags=0x04 lost=0
2026-09-04T18:12:57.852+00:00 seq=17917 state=QUIET  energy=    6910 frames=  38141440 flags=0x04 lost=0
2026-09-04T18:12:57.852+00:00 seq=17918 state=QUIET  energy=    5017 frames=  38141696 flags=0x04 lost=0
2026-09-04T18:12:57.852+00:00 seq=17919 state=QUIET  energy=    4962 frames=  38141952 flags=0x04 lost=0
2026-09-04T18:12:57.852+00:00 seq=17920 state=QUIET  energy=    4214 frames=  38142208 flags=0x04 lost=0
2026-09-04T18:12:57.853+00:00 seq=17921 state=QUIET  energy=    4402 frames=  38142464 flags=0x04 lost=0
2026-09-04T18:12:57.853+00:00 seq=17922 state=QUIET  energy=    2997 frames=  38142720 flags=0x04 lost=0
2026-09-04T18:12:57.853+00:00 seq=17923 state=QUIET  energy=    3621 frames=  38142976 flags=0x04 lost=0
2026-09-04T18:12:57.853+00:00 seq=17924 state=QUIET  energy=    4388 frames=  38143232 flags=0x04 lost=0
2026-09-04T18:12:57.853+00:00 seq=17925 state=QUIET  energy=    2702 frames=  38143488 flags=0x04 lost=0
2026-09-04T18:12:57.853+00:00 seq=17926 state=QUIET  energy=    2309 frames=  38143744 flags=0x04 lost=0
2026-09-04T18:12:57.853+00:00 seq=17927 state=QUIET  energy=    3247 frames=  38144000 flags=0x04 lost=0
2026-09-04T18:12:57.853+00:00 seq=17928 state=QUIET  energy=    2849 frames=  38144256 flags=0x04 lost=0
2026-09-04T18:12:57.854+00:00 seq=17929 state=QUIET  energy=    3438 frames=  38144512 flags=0x04 lost=0
2026-09-04T18:12:57.949+00:00 seq=17930 state=QUIET  energy=    2906 frames=  38144768 flags=0x04 lost=0
2026-09-04T18:12:57.949+00:00 seq=17931 state=QUIET  energy=    3810 frames=  38145024 flags=0x04 lost=0
2026-09-04T18:12:57.949+00:00 seq=17932 state=QUIET  energy=    3370 frames=  38145280 flags=0x04 lost=0
2026-09-04T18:12:57.949+00:00 seq=17933 state=QUIET  energy=    1673 frames=  38145536 flags=0x04 lost=0
2026-09-04T18:12:57.949+00:00 seq=17934 state=QUIET  energy=    1369 frames=  38145792 flags=0x04 lost=0
2026-09-04T18:12:57.949+00:00 seq=17935 state=QUIET  energy=     980 frames=  38146048 flags=0x04 lost=0
2026-09-04T18:12:57.950+00:00 seq=17936 state=QUIET  energy=     801 frames=  38146304 flags=0x04 lost=0
2026-09-04T18:12:57.950+00:00 seq=17937 state=QUIET  energy=     935 frames=  38146560 flags=0x04 lost=0
2026-09-04T18:12:57.950+00:00 seq=17938 state=QUIET  energy=    1808 frames=  38146816 flags=0x04 lost=0
2026-09-04T18:12:57.950+00:00 seq=17939 state=QUIET  energy=    2795 frames=  38147072 flags=0x04 lost=0
2026-09-04T18:12:57.950+00:00 seq=17940 state=QUIET  energy=    2231 frames=  38147328 flags=0x04 lost=0
2026-09-04T18:12:57.950+00:00 seq=17941 state=QUIET  energy=    1043 frames=  38147584 flags=0x04 lost=0
2026-09-04T18:12:57.950+00:00 seq=17942 state=QUIET  energy=    1136 frames=  38147840 flags=0x04 lost=0
2026-09-04T18:12:57.950+00:00 seq=17943 state=QUIET  energy=    2383 frames=  38148096 flags=0x04 lost=0
2026-09-04T18:12:57.951+00:00 seq=17944 state=QUIET  energy=    2353 frames=  38148352 flags=0x04 lost=0
2026-09-04T18:12:57.951+00:00 seq=17945 state=QUIET  energy=    1424 frames=  38148608 flags=0x04 lost=0
2026-09-04T18:12:58.046+00:00 seq=17946 state=QUIET  energy=    1157 frames=  38148864 flags=0x04 lost=0
2026-09-04T18:12:58.046+00:00 seq=17947 state=QUIET  energy=    3243 frames=  38149120 flags=0x04 lost=0
2026-09-04T18:12:58.046+00:00 seq=17948 state=QUIET  energy=    2018 frames=  38149376 flags=0x04 lost=0
2026-09-04T18:12:58.046+00:00 seq=17949 state=QUIET  energy=    1811 frames=  38149632 flags=0x04 lost=0
2026-09-04T18:12:58.047+00:00 seq=17950 state=QUIET  energy=    2564 frames=  38149888 flags=0x04 lost=0
2026-09-04T18:12:58.047+00:00 seq=17951 state=QUIET  energy=    2302 frames=  38150144 flags=0x04 lost=0
2026-09-04T18:12:58.047+00:00 seq=17952 state=QUIET  energy=    1310 frames=  38150400 flags=0x04 lost=0
2026-09-04T18:12:58.047+00:00 seq=17953 state=QUIET  energy=     830 frames=  38150656 flags=0x04 lost=0
2026-09-04T18:12:58.047+00:00 seq=17954 state=QUIET  energy=    1946 frames=  38150912 flags=0x04 lost=0
2026-09-04T18:12:58.047+00:00 seq=17955 state=QUIET  energy=    1503 frames=  38151168 flags=0x04 lost=0
2026-09-04T18:12:58.047+00:00 seq=17956 state=QUIET  energy=    1568 frames=  38151424 flags=0x04 lost=0
2026-09-04T18:12:58.047+00:00 seq=17957 state=QUIET  energy=    1028 frames=  38151680 flags=0x04 lost=0
2026-09-04T18:12:58.048+00:00 seq=17958 state=QUIET  energy=    1490 frames=  38151936 flags=0x04 lost=0
2026-09-04T18:12:58.048+00:00 seq=17959 state=QUIET  energy=    2585 frames=  38152192 flags=0x04 lost=0
2026-09-04T18:12:58.048+00:00 seq=17960 state=QUIET  energy=    1108 frames=  38152448 flags=0x04 lost=0
2026-09-04T18:12:58.048+00:00 seq=17961 state=QUIET  energy=    1326 frames=  38152704 flags=0x04 lost=0
2026-09-04T18:12:58.143+00:00 seq=17962 state=QUIET  energy=    2637 frames=  38152960 flags=0x04 lost=0
2026-09-04T18:12:58.143+00:00 seq=17963 state=QUIET  energy=    2372 frames=  38153216 flags=0x04 lost=0
2026-09-04T18:12:58.143+00:00 seq=17964 state=QUIET  energy=    3273 frames=  38153472 flags=0x04 lost=0
2026-09-04T18:12:58.143+00:00 seq=17965 state=QUIET  energy=    2268 frames=  38153728 flags=0x04 lost=0
2026-09-04T18:12:58.143+00:00 seq=17966 state=QUIET  energy=    1051 frames=  38153984 flags=0x04 lost=0
2026-09-04T18:12:58.144+00:00 seq=17967 state=QUIET  energy=    1130 frames=  38154240 flags=0x04 lost=0
2026-09-04T18:12:58.144+00:00 seq=17968 state=QUIET  energy=    2708 frames=  38154496 flags=0x04 lost=0
2026-09-04T18:12:58.144+00:00 seq=17969 state=QUIET  energy=    4841 frames=  38154752 flags=0x04 lost=0
2026-09-04T18:12:58.144+00:00 seq=17970 state=QUIET  energy=    5127 frames=  38155008 flags=0x04 lost=0
2026-09-04T18:12:58.144+00:00 seq=17971 state=QUIET  energy=    3597 frames=  38155264 flags=0x04 lost=0
2026-09-04T18:12:58.144+00:00 seq=17972 state=QUIET  energy=    1795 frames=  38155520 flags=0x04 lost=0
2026-09-04T18:12:58.144+00:00 seq=17973 state=QUIET  energy=     853 frames=  38155776 flags=0x04 lost=0
2026-09-04T18:12:58.144+00:00 seq=17974 state=QUIET  energy=    1122 frames=  38156032 flags=0x04 lost=0
2026-09-04T18:12:58.145+00:00 seq=17975 state=QUIET  energy=    2534 frames=  38156288 flags=0x04 lost=0
2026-09-04T18:12:58.145+00:00 seq=17976 state=QUIET  energy=    2705 frames=  38156544 flags=0x04 lost=0
2026-09-04T18:12:58.145+00:00 seq=17977 state=QUIET  energy=    1540 frames=  38156800 flags=0x04 lost=0
2026-09-04T18:12:58.240+00:00 seq=17978 state=QUIET  energy=    1066 frames=  38157056 flags=0x04 lost=0
2026-09-04T18:12:58.240+00:00 seq=17979 state=QUIET  energy=    2120 frames=  38157312 flags=0x04 lost=0
2026-09-04T18:12:58.240+00:00 seq=17980 state=QUIET  energy=    1392 frames=  38157568 flags=0x04 lost=0
2026-09-04T18:12:58.241+00:00 seq=17981 state=QUIET  energy=    3049 frames=  38157824 flags=0x04 lost=0
2026-09-04T18:12:58.241+00:00 seq=17982 state=QUIET  energy=    4115 frames=  38158080 flags=0x04 lost=0
2026-09-04T18:12:58.241+00:00 seq=17983 state=QUIET  energy=    4485 frames=  38158336 flags=0x04 lost=0
2026-09-04T18:12:58.241+00:00 seq=17984 state=QUIET  energy=    4008 frames=  38158592 flags=0x04 lost=0
2026-09-04T18:12:58.241+00:00 seq=17985 state=QUIET  energy=    3615 frames=  38158848 flags=0x04 lost=0
2026-09-04T18:12:58.241+00:00 seq=17986 state=QUIET  energy=    1887 frames=  38159104 flags=0x04 lost=0
2026-09-04T18:12:58.241+00:00 seq=17987 state=QUIET  energy=    2329 frames=  38159360 flags=0x04 lost=0
2026-09-04T18:12:58.241+00:00 seq=17988 state=QUIET  energy=    3743 frames=  38159616 flags=0x04 lost=0
2026-09-04T18:12:58.242+00:00 seq=17989 state=QUIET  energy=    4384 frames=  38159872 flags=0x04 lost=0
2026-09-04T18:12:58.242+00:00 seq=17990 state=QUIET  energy=    4051 frames=  38160128 flags=0x04 lost=0
2026-09-04T18:12:58.242+00:00 seq=17991 state=QUIET  energy=    4480 frames=  38160384 flags=0x04 lost=0
2026-09-04T18:12:58.242+00:00 seq=17992 state=QUIET  energy=    1681 frames=  38160640 flags=0x04 lost=0
2026-09-04T18:12:58.242+00:00 seq=17993 state=QUIET  energy=    1638 frames=  38160896 flags=0x04 lost=0
2026-09-04T18:12:58.337+00:00 seq=17994 state=QUIET  energy=    1503 frames=  38161152 flags=0x04 lost=0
2026-09-04T18:12:58.337+00:00 seq=17995 state=QUIET  energy=    2056 frames=  38161408 flags=0x04 lost=0
2026-09-04T18:12:58.337+00:00 seq=17996 state=QUIET  energy=    2471 frames=  38161664 flags=0x04 lost=0
2026-09-04T18:12:58.338+00:00 seq=17997 state=QUIET  energy=    1375 frames=  38161920 flags=0x04 lost=0
2026-09-04T18:12:58.338+00:00 seq=17998 state=QUIET  energy=    1137 frames=  38162176 flags=0x04 lost=0
2026-09-04T18:12:58.338+00:00 seq=17999 state=QUIET  energy=    2898 frames=  38162432 flags=0x04 lost=0
2026-09-04T18:12:58.338+00:00 seq=18000 state=QUIET  energy=    3737 frames=  38162688 flags=0x04 lost=0
2026-09-04T18:12:58.338+00:00 seq=18001 state=QUIET  energy=    1396 frames=  38162944 flags=0x04 lost=0
2026-09-04T18:12:58.338+00:00 seq=18002 state=QUIET  energy=    1315 frames=  38163200 flags=0x04 lost=0
2026-09-04T18:12:58.338+00:00 seq=18003 state=QUIET  energy=    1124 frames=  38163456 flags=0x04 lost=0
2026-09-04T18:12:58.338+00:00 seq=18004 state=QUIET  energy=    1214 frames=  38163712 flags=0x04 lost=0
2026-09-04T18:12:58.339+00:00 seq=18005 state=QUIET  energy=    1264 frames=  38163968 flags=0x04 lost=0
2026-09-04T18:12:58.339+00:00 seq=18006 state=QUIET  energy=    3286 frames=  38164224 flags=0x04 lost=0
2026-09-04T18:12:58.339+00:00 seq=18007 state=QUIET  energy=    4200 frames=  38164480 flags=0x04 lost=0
2026-09-04T18:12:58.339+00:00 seq=18008 state=QUIET  energy=    3407 frames=  38164736 flags=0x04 lost=0
2026-09-04T18:12:58.339+00:00 seq=18009 state=QUIET  energy=    4965 frames=  38164992 flags=0x04 lost=0
2026-09-04T18:12:58.434+00:00 seq=18010 state=QUIET  energy=    6398 frames=  38165248 flags=0x04 lost=0
2026-09-04T18:12:58.434+00:00 seq=18011 state=QUIET  energy=    6615 frames=  38165504 flags=0x04 lost=0
2026-09-04T18:12:58.435+00:00 seq=18012 state=QUIET  energy=    6344 frames=  38165760 flags=0x04 lost=0
2026-09-04T18:12:58.435+00:00 seq=18013 state=QUIET  energy=    6434 frames=  38166016 flags=0x04 lost=0
2026-09-04T18:12:58.435+00:00 seq=18014 state=QUIET  energy=    4759 frames=  38166272 flags=0x04 lost=0
2026-09-04T18:12:58.435+00:00 seq=18015 state=QUIET  energy=    3602 frames=  38166528 flags=0x04 lost=0
2026-09-04T18:12:58.435+00:00 seq=18016 state=QUIET  energy=    3801 frames=  38166784 flags=0x04 lost=0
2026-09-04T18:12:58.435+00:00 seq=18017 state=QUIET  energy=    2712 frames=  38167040 flags=0x04 lost=0
2026-09-04T18:12:58.435+00:00 seq=18018 state=QUIET  energy=    2699 frames=  38167296 flags=0x04 lost=0
2026-09-04T18:12:58.435+00:00 seq=18019 state=QUIET  energy=     921 frames=  38167552 flags=0x04 lost=0
2026-09-04T18:12:58.436+00:00 seq=18020 state=QUIET  energy=     872 frames=  38167808 flags=0x04 lost=0
2026-09-04T18:12:58.436+00:00 seq=18021 state=QUIET  energy=    1090 frames=  38168064 flags=0x04 lost=0
2026-09-04T18:12:58.436+00:00 seq=18022 state=QUIET  energy=    1039 frames=  38168320 flags=0x04 lost=0
2026-09-04T18:12:58.436+00:00 seq=18023 state=QUIET  energy=    1431 frames=  38168576 flags=0x04 lost=0
2026-09-04T18:12:58.436+00:00 seq=18024 state=QUIET  energy=    1197 frames=  38168832 flags=0x04 lost=0
2026-09-04T18:12:58.436+00:00 seq=18025 state=QUIET  energy=    1108 frames=  38169088 flags=0x04 lost=0
2026-09-04T18:12:58.531+00:00 seq=18026 state=QUIET  energy=    1635 frames=  38169344 flags=0x04 lost=0
2026-09-04T18:12:58.532+00:00 seq=18027 state=QUIET  energy=    1499 frames=  38169600 flags=0x04 lost=0
2026-09-04T18:12:58.532+00:00 seq=18028 state=QUIET  energy=    1024 frames=  38169856 flags=0x04 lost=0
2026-09-04T18:12:58.532+00:00 seq=18029 state=QUIET  energy=    1892 frames=  38170112 flags=0x04 lost=0
2026-09-04T18:12:58.532+00:00 seq=18030 state=QUIET  energy=    2412 frames=  38170368 flags=0x04 lost=0
2026-09-04T18:12:58.532+00:00 seq=18031 state=QUIET  energy=    1066 frames=  38170624 flags=0x04 lost=0
2026-09-04T18:12:58.532+00:00 seq=18032 state=QUIET  energy=     900 frames=  38170880 flags=0x04 lost=0
2026-09-04T18:12:58.532+00:00 seq=18033 state=QUIET  energy=    2651 frames=  38171136 flags=0x04 lost=0
2026-09-04T18:12:58.532+00:00 seq=18034 state=QUIET  energy=    2323 frames=  38171392 flags=0x04 lost=0
2026-09-04T18:12:58.533+00:00 seq=18035 state=QUIET  energy=    1183 frames=  38171648 flags=0x04 lost=0
2026-09-04T18:12:58.533+00:00 seq=18036 state=QUIET  energy=    2825 frames=  38171904 flags=0x04 lost=0
2026-09-04T18:12:58.533+00:00 seq=18037 state=QUIET  energy=    3539 frames=  38172160 flags=0x04 lost=0
2026-09-04T18:12:58.533+00:00 seq=18038 state=QUIET  energy=    3472 frames=  38172416 flags=0x04 lost=0
2026-09-04T18:12:58.533+00:00 seq=18039 state=QUIET  energy=    5241 frames=  38172672 flags=0x04 lost=0
2026-09-04T18:12:58.533+00:00 seq=18040 state=QUIET  energy=    6606 frames=  38172928 flags=0x04 lost=0
2026-09-04T18:12:58.533+00:00 seq=18041 state=QUIET  energy=   11968 frames=  38173184 flags=0x04 lost=0
2026-09-04T18:12:58.628+00:00 seq=18042 state=QUIET  energy=   14407 frames=  38173440 flags=0x04 lost=0
2026-09-04T18:12:58.629+00:00 seq=18043 state=QUIET  energy=   15161 frames=  38173696 flags=0x04 lost=0
2026-09-04T18:12:58.629+00:00 seq=18044 state=QUIET  energy=   14101 frames=  38173952 flags=0x04 lost=0
2026-09-04T18:12:58.629+00:00 seq=18045 state=QUIET  energy=   14230 frames=  38174208 flags=0x04 lost=0
2026-09-04T18:12:58.629+00:00 seq=18046 state=QUIET  energy=   12229 frames=  38174464 flags=0x04 lost=0
2026-09-04T18:12:58.629+00:00 seq=18047 state=QUIET  energy=    9312 frames=  38174720 flags=0x04 lost=0
2026-09-04T18:12:58.629+00:00 seq=18048 state=QUIET  energy=    5319 frames=  38174976 flags=0x04 lost=0
2026-09-04T18:12:58.629+00:00 seq=18049 state=QUIET  energy=    3307 frames=  38175232 flags=0x04 lost=0
2026-09-04T18:12:58.629+00:00 seq=18050 state=QUIET  energy=    3100 frames=  38175488 flags=0x04 lost=0
2026-09-04T18:12:58.630+00:00 seq=18051 state=QUIET  energy=    2407 frames=  38175744 flags=0x04 lost=0
2026-09-04T18:12:58.630+00:00 seq=18052 state=QUIET  energy=    8950 frames=  38176000 flags=0x04 lost=0
2026-09-04T18:12:58.630+00:00 seq=18053 state=QUIET  energy=   11594 frames=  38176256 flags=0x04 lost=0
2026-09-04T18:12:58.630+00:00 seq=18054 state=QUIET  energy=   11079 frames=  38176512 flags=0x04 lost=0
2026-09-04T18:12:58.630+00:00 seq=18055 state=QUIET  energy=   10776 frames=  38176768 flags=0x04 lost=0
2026-09-04T18:12:58.630+00:00 seq=18056 state=QUIET  energy=    9773 frames=  38177024 flags=0x04 lost=0
2026-09-04T18:12:58.630+00:00 seq=18057 state=QUIET  energy=    9015 frames=  38177280 flags=0x04 lost=0
2026-09-04T18:12:58.726+00:00 seq=18058 state=QUIET  energy=    9595 frames=  38177536 flags=0x04 lost=0
2026-09-04T18:12:58.726+00:00 seq=18059 state=QUIET  energy=    7835 frames=  38177792 flags=0x04 lost=0
2026-09-04T18:12:58.726+00:00 seq=18060 state=QUIET  energy=    6945 frames=  38178048 flags=0x04 lost=0
2026-09-04T18:12:58.726+00:00 seq=18061 state=QUIET  energy=    5426 frames=  38178304 flags=0x04 lost=0
2026-09-04T18:12:58.726+00:00 seq=18062 state=QUIET  energy=    7081 frames=  38178560 flags=0x04 lost=0
2026-09-04T18:12:58.726+00:00 seq=18063 state=QUIET  energy=    5260 frames=  38178816 flags=0x04 lost=0
2026-09-04T18:12:58.726+00:00 seq=18064 state=QUIET  energy=    3297 frames=  38179072 flags=0x04 lost=0
2026-09-04T18:12:58.727+00:00 seq=18065 state=QUIET  energy=    3269 frames=  38179328 flags=0x04 lost=0
2026-09-04T18:12:58.727+00:00 seq=18066 state=QUIET  energy=    2711 frames=  38179584 flags=0x04 lost=0
2026-09-04T18:12:58.727+00:00 seq=18067 state=QUIET  energy=    2828 frames=  38179840 flags=0x04 lost=0
2026-09-04T18:12:58.727+00:00 seq=18068 state=QUIET  energy=    2293 frames=  38180096 flags=0x04 lost=0
2026-09-04T18:12:58.727+00:00 seq=18069 state=QUIET  energy=    4044 frames=  38180352 flags=0x04 lost=0
2026-09-04T18:12:58.727+00:00 seq=18070 state=QUIET  energy=    3395 frames=  38180608 flags=0x04 lost=0
2026-09-04T18:12:58.727+00:00 seq=18071 state=QUIET  energy=    1822 frames=  38180864 flags=0x04 lost=0
2026-09-04T18:12:58.727+00:00 seq=18072 state=QUIET  energy=    1212 frames=  38181120 flags=0x04 lost=0
2026-09-04T18:12:58.727+00:00 seq=18073 state=QUIET  energy=    2648 frames=  38181376 flags=0x04 lost=0
2026-09-04T18:12:58.823+00:00 seq=18074 state=QUIET  energy=    3334 frames=  38181632 flags=0x04 lost=0
2026-09-04T18:12:58.823+00:00 seq=18075 state=QUIET  energy=    1873 frames=  38181888 flags=0x04 lost=0
2026-09-04T18:12:58.823+00:00 seq=18076 state=QUIET  energy=     962 frames=  38182144 flags=0x04 lost=0
2026-09-04T18:12:58.823+00:00 seq=18077 state=QUIET  energy=    2923 frames=  38182400 flags=0x04 lost=0
2026-09-04T18:12:58.823+00:00 seq=18078 state=QUIET  energy=    6356 frames=  38182656 flags=0x04 lost=0
2026-09-04T18:12:58.823+00:00 seq=18079 state=QUIET  energy=    4665 frames=  38182912 flags=0x04 lost=0
2026-09-04T18:12:58.823+00:00 seq=18080 state=QUIET  energy=    3547 frames=  38183168 flags=0x04 lost=0
2026-09-04T18:12:58.823+00:00 seq=18081 state=QUIET  energy=    4478 frames=  38183424 flags=0x04 lost=0
2026-09-04T18:12:58.824+00:00 seq=18082 state=QUIET  energy=    5638 frames=  38183680 flags=0x04 lost=0
2026-09-04T18:12:58.824+00:00 seq=18083 state=QUIET  energy=    5740 frames=  38183936 flags=0x04 lost=0
2026-09-04T18:12:58.824+00:00 seq=18084 state=QUIET  energy=    4431 frames=  38184192 flags=0x04 lost=0
2026-09-04T18:12:58.824+00:00 seq=18085 state=QUIET  energy=    4283 frames=  38184448 flags=0x04 lost=0
2026-09-04T18:12:58.824+00:00 seq=18086 state=QUIET  energy=    2991 frames=  38184704 flags=0x04 lost=0
2026-09-04T18:12:58.824+00:00 seq=18087 state=QUIET  energy=    3960 frames=  38184960 flags=0x04 lost=0
2026-09-04T18:12:58.824+00:00 seq=18088 state=QUIET  energy=    6112 frames=  38185216 flags=0x04 lost=0
2026-09-04T18:12:58.824+00:00 seq=18089 state=QUIET  energy=    5353 frames=  38185472 flags=0x04 lost=0
2026-09-04T18:12:58.920+00:00 seq=18090 state=QUIET  energy=    5725 frames=  38185728 flags=0x04 lost=0
2026-09-04T18:12:58.920+00:00 seq=18091 state=QUIET  energy=    6974 frames=  38185984 flags=0x04 lost=0
2026-09-04T18:12:58.920+00:00 seq=18092 state=QUIET  energy=   10756 frames=  38186240 flags=0x04 lost=0
2026-09-04T18:12:58.920+00:00 seq=18093 state=QUIET  energy=   16345 frames=  38186496 flags=0x04 lost=0
2026-09-04T18:12:58.920+00:00 seq=18094 state=QUIET  energy=   16821 frames=  38186752 flags=0x04 lost=0
2026-09-04T18:12:58.920+00:00 seq=18095 state=QUIET  energy=   15510 frames=  38187008 flags=0x04 lost=0
2026-09-04T18:12:58.920+00:00 seq=18096 state=QUIET  energy=   12774 frames=  38187264 flags=0x04 lost=0
2026-09-04T18:12:58.921+00:00 seq=18097 state=QUIET  energy=   13614 frames=  38187520 flags=0x04 lost=0
2026-09-04T18:12:58.921+00:00 seq=18098 state=QUIET  energy=   11700 frames=  38187776 flags=0x04 lost=0
2026-09-04T18:12:58.921+00:00 seq=18099 state=QUIET  energy=   12403 frames=  38188032 flags=0x04 lost=0
2026-09-04T18:12:58.921+00:00 seq=18100 state=QUIET  energy=   11255 frames=  38188288 flags=0x04 lost=0
2026-09-04T18:12:58.921+00:00 seq=18101 state=QUIET  energy=   11636 frames=  38188544 flags=0x04 lost=0
2026-09-04T18:12:58.921+00:00 seq=18102 state=QUIET  energy=   10217 frames=  38188800 flags=0x04 lost=0
2026-09-04T18:12:58.921+00:00 seq=18103 state=QUIET  energy=    7789 frames=  38189056 flags=0x04 lost=0
2026-09-04T18:12:58.921+00:00 seq=18104 state=QUIET  energy=    6248 frames=  38189312 flags=0x04 lost=0
2026-09-04T18:12:58.922+00:00 seq=18105 state=QUIET  energy=    5038 frames=  38189568 flags=0x04 lost=0
2026-09-04T18:12:59.017+00:00 seq=18106 state=QUIET  energy=    2808 frames=  38189824 flags=0x04 lost=0
2026-09-04T18:12:59.017+00:00 seq=18107 state=QUIET  energy=    1093 frames=  38190080 flags=0x04 lost=0
2026-09-04T18:12:59.017+00:00 seq=18108 state=QUIET  energy=    3539 frames=  38190336 flags=0x04 lost=0
2026-09-04T18:12:59.017+00:00 seq=18109 state=QUIET  energy=    9120 frames=  38190592 flags=0x04 lost=0
2026-09-04T18:12:59.017+00:00 seq=18110 state=QUIET  energy=   12706 frames=  38190848 flags=0x04 lost=0
2026-09-04T18:12:59.017+00:00 seq=18111 state=QUIET  energy=   14833 frames=  38191104 flags=0x04 lost=0
2026-09-04T18:12:59.018+00:00 seq=18112 state=QUIET  energy=   15286 frames=  38191360 flags=0x04 lost=0
2026-09-04T18:12:59.018+00:00 seq=18113 state=QUIET  energy=   13543 frames=  38191616 flags=0x04 lost=0
2026-09-04T18:12:59.018+00:00 seq=18114 state=QUIET  energy=   10268 frames=  38191872 flags=0x04 lost=0
2026-09-04T18:12:59.018+00:00 seq=18115 state=QUIET  energy=    8039 frames=  38192128 flags=0x04 lost=0
2026-09-04T18:12:59.018+00:00 seq=18116 state=QUIET  energy=    7204 frames=  38192384 flags=0x04 lost=0
2026-09-04T18:12:59.018+00:00 seq=18117 state=QUIET  energy=    5582 frames=  38192640 flags=0x04 lost=0
2026-09-04T18:12:59.018+00:00 seq=18118 state=QUIET  energy=    5337 frames=  38192896 flags=0x04 lost=0
2026-09-04T18:12:59.018+00:00 seq=18119 state=QUIET  energy=    4370 frames=  38193152 flags=0x04 lost=0
2026-09-04T18:12:59.019+00:00 seq=18120 state=QUIET  energy=    4232 frames=  38193408 flags=0x04 lost=0
2026-09-04T18:12:59.019+00:00 seq=18121 state=QUIET  energy=    4468 frames=  38193664 flags=0x04 lost=0
2026-09-04T18:12:59.114+00:00 seq=18122 state=QUIET  energy=    5983 frames=  38193920 flags=0x04 lost=0
2026-09-04T18:12:59.114+00:00 seq=18123 state=QUIET  energy=    4148 frames=  38194176 flags=0x04 lost=0
2026-09-04T18:12:59.114+00:00 seq=18124 state=QUIET  energy=    1590 frames=  38194432 flags=0x04 lost=0
2026-09-04T18:12:59.114+00:00 seq=18125 state=QUIET  energy=    1026 frames=  38194688 flags=0x04 lost=0
2026-09-04T18:12:59.114+00:00 seq=18126 state=QUIET  energy=    1641 frames=  38194944 flags=0x04 lost=0
2026-09-04T18:12:59.115+00:00 seq=18127 state=QUIET  energy=    3599 frames=  38195200 flags=0x04 lost=0
2026-09-04T18:12:59.115+00:00 seq=18128 state=QUIET  energy=    8594 frames=  38195456 flags=0x04 lost=0
2026-09-04T18:12:59.115+00:00 seq=18129 state=QUIET  energy=   15024 frames=  38195712 flags=0x04 lost=0
2026-09-04T18:12:59.115+00:00 seq=18130 state=QUIET  energy=   15920 frames=  38195968 flags=0x04 lost=0
2026-09-04T18:12:59.115+00:00 seq=18131 state=QUIET  energy=   14444 frames=  38196224 flags=0x04 lost=0
2026-09-04T18:12:59.115+00:00 seq=18132 state=QUIET  energy=   13619 frames=  38196480 flags=0x04 lost=0
2026-09-04T18:12:59.115+00:00 seq=18133 state=QUIET  energy=   13431 frames=  38196736 flags=0x04 lost=0
2026-09-04T18:12:59.115+00:00 seq=18134 state=QUIET  energy=   10581 frames=  38196992 flags=0x04 lost=0
2026-09-04T18:12:59.116+00:00 seq=18135 state=QUIET  energy=   11039 frames=  38197248 flags=0x04 lost=0
2026-09-04T18:12:59.116+00:00 seq=18136 state=QUIET  energy=   11309 frames=  38197504 flags=0x04 lost=0
2026-09-04T18:12:59.116+00:00 seq=18137 state=QUIET  energy=    9935 frames=  38197760 flags=0x04 lost=0
2026-09-04T18:12:59.211+00:00 seq=18138 state=QUIET  energy=    7683 frames=  38198016 flags=0x04 lost=0
2026-09-04T18:12:59.211+00:00 seq=18139 state=QUIET  energy=    7117 frames=  38198272 flags=0x04 lost=0
2026-09-04T18:12:59.211+00:00 seq=18140 state=QUIET  energy=    7840 frames=  38198528 flags=0x04 lost=0
2026-09-04T18:12:59.211+00:00 seq=18141 state=QUIET  energy=    6961 frames=  38198784 flags=0x04 lost=0
2026-09-04T18:12:59.211+00:00 seq=18142 state=QUIET  energy=    5359 frames=  38199040 flags=0x04 lost=0
2026-09-04T18:12:59.212+00:00 seq=18143 state=QUIET  energy=    5342 frames=  38199296 flags=0x04 lost=0
2026-09-04T18:12:59.212+00:00 seq=18144 state=QUIET  energy=    3090 frames=  38199552 flags=0x04 lost=0
2026-09-04T18:12:59.212+00:00 seq=18145 state=QUIET  energy=    2080 frames=  38199808 flags=0x04 lost=0
2026-09-04T18:12:59.212+00:00 seq=18146 state=QUIET  energy=    1319 frames=  38200064 flags=0x04 lost=0
2026-09-04T18:12:59.212+00:00 seq=18147 state=QUIET  energy=    3775 frames=  38200320 flags=0x04 lost=0
2026-09-04T18:12:59.212+00:00 seq=18148 state=QUIET  energy=    4061 frames=  38200576 flags=0x04 lost=0
2026-09-04T18:12:59.212+00:00 seq=18149 state=QUIET  energy=    3822 frames=  38200832 flags=0x04 lost=0
2026-09-04T18:12:59.212+00:00 seq=18150 state=QUIET  energy=    2891 frames=  38201088 flags=0x04 lost=0
2026-09-04T18:12:59.213+00:00 seq=18151 state=QUIET  energy=    3403 frames=  38201344 flags=0x04 lost=0
2026-09-04T18:12:59.213+00:00 seq=18152 state=QUIET  energy=    3297 frames=  38201600 flags=0x04 lost=0
2026-09-04T18:12:59.213+00:00 seq=18153 state=QUIET  energy=    5246 frames=  38201856 flags=0x04 lost=0
2026-09-04T18:12:59.308+00:00 seq=18154 state=QUIET  energy=    8433 frames=  38202112 flags=0x04 lost=0
2026-09-04T18:12:59.308+00:00 seq=18155 state=QUIET  energy=   11803 frames=  38202368 flags=0x04 lost=0
2026-09-04T18:12:59.308+00:00 seq=18156 state=QUIET  energy=   12841 frames=  38202624 flags=0x04 lost=0
2026-09-04T18:12:59.308+00:00 seq=18157 state=QUIET  energy=   10893 frames=  38202880 flags=0x04 lost=0
2026-09-04T18:12:59.309+00:00 seq=18158 state=QUIET  energy=    8457 frames=  38203136 flags=0x04 lost=0
2026-09-04T18:12:59.309+00:00 seq=18159 state=QUIET  energy=    6590 frames=  38203392 flags=0x04 lost=0
2026-09-04T18:12:59.309+00:00 seq=18160 state=QUIET  energy=    5945 frames=  38203648 flags=0x04 lost=0
2026-09-04T18:12:59.309+00:00 seq=18161 state=QUIET  energy=    6387 frames=  38203904 flags=0x04 lost=0
2026-09-04T18:12:59.309+00:00 seq=18162 state=QUIET  energy=    3789 frames=  38204160 flags=0x04 lost=0
2026-09-04T18:12:59.309+00:00 seq=18163 state=QUIET  energy=    2812 frames=  38204416 flags=0x04 lost=0
2026-09-04T18:12:59.309+00:00 seq=18164 state=QUIET  energy=    3985 frames=  38204672 flags=0x04 lost=0
2026-09-04T18:12:59.309+00:00 seq=18165 state=QUIET  energy=    3714 frames=  38204928 flags=0x04 lost=0
2026-09-04T18:12:59.310+00:00 seq=18166 state=QUIET  energy=    2765 frames=  38205184 flags=0x04 lost=0
2026-09-04T18:12:59.310+00:00 seq=18167 state=QUIET  energy=    2845 frames=  38205440 flags=0x04 lost=0
2026-09-04T18:12:59.310+00:00 seq=18168 state=QUIET  energy=   12018 frames=  38205696 flags=0x04 lost=0
2026-09-04T18:12:59.310+00:00 seq=18169 state=QUIET  energy=   15646 frames=  38205952 flags=0x04 lost=0
2026-09-04T18:12:59.405+00:00 seq=18170 state=QUIET  energy=   18771 frames=  38206208 flags=0x04 lost=0
2026-09-04T18:12:59.405+00:00 seq=18171 state=QUIET  energy=   20113 frames=  38206464 flags=0x04 lost=0
2026-09-04T18:12:59.405+00:00 seq=18172 state=QUIET  energy=   18784 frames=  38206720 flags=0x04 lost=0
2026-09-04T18:12:59.406+00:00 seq=18173 state=QUIET  energy=   16695 frames=  38206976 flags=0x04 lost=0
2026-09-04T18:12:59.406+00:00 seq=18174 state=QUIET  energy=   14436 frames=  38207232 flags=0x04 lost=0
2026-09-04T18:12:59.406+00:00 seq=18175 state=QUIET  energy=   12351 frames=  38207488 flags=0x04 lost=0
2026-09-04T18:12:59.406+00:00 seq=18176 state=QUIET  energy=   10254 frames=  38207744 flags=0x04 lost=0
2026-09-04T18:12:59.406+00:00 seq=18177 state=QUIET  energy=    5116 frames=  38208000 flags=0x04 lost=0
2026-09-04T18:12:59.406+00:00 seq=18178 state=QUIET  energy=    2171 frames=  38208256 flags=0x04 lost=0
2026-09-04T18:12:59.406+00:00 seq=18179 state=QUIET  energy=    1636 frames=  38208512 flags=0x04 lost=0
2026-09-04T18:12:59.406+00:00 seq=18180 state=QUIET  energy=    1867 frames=  38208768 flags=0x04 lost=0
2026-09-04T18:12:59.407+00:00 seq=18181 state=QUIET  energy=    3580 frames=  38209024 flags=0x04 lost=0
2026-09-04T18:12:59.407+00:00 seq=18182 state=QUIET  energy=    5124 frames=  38209280 flags=0x04 lost=0
2026-09-04T18:12:59.407+00:00 seq=18183 state=QUIET  energy=    5412 frames=  38209536 flags=0x04 lost=0
2026-09-04T18:12:59.407+00:00 seq=18184 state=QUIET  energy=    7520 frames=  38209792 flags=0x04 lost=0
2026-09-04T18:12:59.407+00:00 seq=18185 state=QUIET  energy=   14610 frames=  38210048 flags=0x04 lost=0
2026-09-04T18:12:59.503+00:00 seq=18186 state=QUIET  energy=   17997 frames=  38210304 flags=0x04 lost=0
2026-09-04T18:12:59.503+00:00 seq=18187 state=QUIET  energy=   17726 frames=  38210560 flags=0x04 lost=0
2026-09-04T18:12:59.503+00:00 seq=18188 state=QUIET  energy=   17521 frames=  38210816 flags=0x04 lost=0
2026-09-04T18:12:59.503+00:00 seq=18189 state=QUIET  energy=   16340 frames=  38211072 flags=0x04 lost=0
2026-09-04T18:12:59.503+00:00 seq=18190 state=QUIET  energy=   12563 frames=  38211328 flags=0x04 lost=0
2026-09-04T18:12:59.503+00:00 seq=18191 state=QUIET  energy=   10395 frames=  38211584 flags=0x04 lost=0
2026-09-04T18:12:59.504+00:00 seq=18192 state=QUIET  energy=    9757 frames=  38211840 flags=0x04 lost=0
2026-09-04T18:12:59.504+00:00 seq=18193 state=QUIET  energy=   10911 frames=  38212096 flags=0x04 lost=0
2026-09-04T18:12:59.504+00:00 seq=18194 state=QUIET  energy=   11559 frames=  38212352 flags=0x04 lost=0
2026-09-04T18:12:59.504+00:00 seq=18195 state=QUIET  energy=    9167 frames=  38212608 flags=0x04 lost=0
2026-09-04T18:12:59.504+00:00 seq=18196 state=QUIET  energy=    8108 frames=  38212864 flags=0x04 lost=0
2026-09-04T18:12:59.504+00:00 seq=18197 state=QUIET  energy=    7558 frames=  38213120 flags=0x04 lost=0
2026-09-04T18:12:59.504+00:00 seq=18198 state=QUIET  energy=    6158 frames=  38213376 flags=0x04 lost=0
2026-09-04T18:12:59.504+00:00 seq=18199 state=QUIET  energy=    5167 frames=  38213632 flags=0x04 lost=0
2026-09-04T18:12:59.504+00:00 seq=18200 state=QUIET  energy=    4301 frames=  38213888 flags=0x04 lost=0
2026-09-04T18:12:59.505+00:00 seq=18201 state=QUIET  energy=    5495 frames=  38214144 flags=0x04 lost=0
2026-09-04T18:12:59.599+00:00 seq=18202 state=QUIET  energy=    6163 frames=  38214400 flags=0x04 lost=0
2026-09-04T18:12:59.600+00:00 seq=18203 state=QUIET  energy=    6101 frames=  38214656 flags=0x04 lost=0
2026-09-04T18:12:59.600+00:00 seq=18204 state=QUIET  energy=    6097 frames=  38214912 flags=0x04 lost=0
2026-09-04T18:12:59.600+00:00 seq=18205 state=QUIET  energy=    4037 frames=  38215168 flags=0x04 lost=0
2026-09-04T18:12:59.600+00:00 seq=18206 state=QUIET  energy=    5459 frames=  38215424 flags=0x04 lost=0
2026-09-04T18:12:59.600+00:00 seq=18207 state=QUIET  energy=    4151 frames=  38215680 flags=0x04 lost=0
2026-09-04T18:12:59.600+00:00 seq=18208 state=QUIET  energy=    4132 frames=  38215936 flags=0x04 lost=0
2026-09-04T18:12:59.600+00:00 seq=18209 state=QUIET  energy=    4785 frames=  38216192 flags=0x04 lost=0
2026-09-04T18:12:59.600+00:00 seq=18210 state=QUIET  energy=    4015 frames=  38216448 flags=0x04 lost=0
2026-09-04T18:12:59.601+00:00 seq=18211 state=QUIET  energy=    3500 frames=  38216704 flags=0x04 lost=0
2026-09-04T18:12:59.601+00:00 seq=18212 state=QUIET  energy=    4553 frames=  38216960 flags=0x04 lost=0
2026-09-04T18:12:59.601+00:00 seq=18213 state=QUIET  energy=    3637 frames=  38217216 flags=0x04 lost=0
2026-09-04T18:12:59.601+00:00 seq=18214 state=QUIET  energy=    3504 frames=  38217472 flags=0x04 lost=0
2026-09-04T18:12:59.601+00:00 seq=18215 state=QUIET  energy=    4079 frames=  38217728 flags=0x04 lost=0
2026-09-04T18:12:59.601+00:00 seq=18216 state=QUIET  energy=    3384 frames=  38217984 flags=0x04 lost=0
2026-09-04T18:12:59.601+00:00 seq=18217 state=QUIET  energy=    3927 frames=  38218240 flags=0x04 lost=0
2026-09-04T18:12:59.696+00:00 seq=18218 state=QUIET  energy=    4447 frames=  38218496 flags=0x04 lost=0
2026-09-04T18:12:59.697+00:00 seq=18219 state=QUIET  energy=    5450 frames=  38218752 flags=0x04 lost=0
2026-09-04T18:12:59.697+00:00 seq=18220 state=QUIET  energy=    4151 frames=  38219008 flags=0x04 lost=0
2026-09-04T18:12:59.697+00:00 seq=18221 state=QUIET  energy=    2654 frames=  38219264 flags=0x04 lost=0
2026-09-04T18:12:59.697+00:00 seq=18222 state=QUIET  energy=    3523 frames=  38219520 flags=0x04 lost=0
2026-09-04T18:12:59.697+00:00 seq=18223 state=QUIET  energy=    2245 frames=  38219776 flags=0x04 lost=0
2026-09-04T18:12:59.697+00:00 seq=18224 state=QUIET  energy=    2517 frames=  38220032 flags=0x04 lost=0
2026-09-04T18:12:59.697+00:00 seq=18225 state=QUIET  energy=    2069 frames=  38220288 flags=0x04 lost=0
2026-09-04T18:12:59.697+00:00 seq=18226 state=QUIET  energy=    2373 frames=  38220544 flags=0x04 lost=0
2026-09-04T18:12:59.698+00:00 seq=18227 state=QUIET  energy=    2152 frames=  38220800 flags=0x04 lost=0
2026-09-04T18:12:59.698+00:00 seq=18228 state=QUIET  energy=    2666 frames=  38221056 flags=0x04 lost=0
2026-09-04T18:12:59.698+00:00 seq=18229 state=QUIET  energy=    2789 frames=  38221312 flags=0x04 lost=0
2026-09-04T18:12:59.698+00:00 seq=18230 state=QUIET  energy=    3263 frames=  38221568 flags=0x04 lost=0
2026-09-04T18:12:59.698+00:00 seq=18231 state=QUIET  energy=    3129 frames=  38221824 flags=0x04 lost=0
2026-09-04T18:12:59.698+00:00 seq=18232 state=QUIET  energy=    2733 frames=  38222080 flags=0x04 lost=0
2026-09-04T18:12:59.698+00:00 seq=18233 state=QUIET  energy=    2448 frames=  38222336 flags=0x04 lost=0
2026-09-04T18:12:59.794+00:00 seq=18234 state=QUIET  energy=    2315 frames=  38222592 flags=0x04 lost=0
2026-09-04T18:12:59.794+00:00 seq=18235 state=QUIET  energy=    2300 frames=  38222848 flags=0x04 lost=0
2026-09-04T18:12:59.794+00:00 seq=18236 state=QUIET  energy=    4279 frames=  38223104 flags=0x04 lost=0
2026-09-04T18:12:59.794+00:00 seq=18237 state=QUIET  energy=    4797 frames=  38223360 flags=0x04 lost=0
2026-09-04T18:12:59.794+00:00 seq=18238 state=QUIET  energy=    2908 frames=  38223616 flags=0x04 lost=0
2026-09-04T18:12:59.794+00:00 seq=18239 state=QUIET  energy=    1969 frames=  38223872 flags=0x04 lost=0
2026-09-04T18:12:59.794+00:00 seq=18240 state=QUIET  energy=    1142 frames=  38224128 flags=0x04 lost=0
2026-09-04T18:12:59.794+00:00 seq=18241 state=QUIET  energy=    1263 frames=  38224384 flags=0x04 lost=0
2026-09-04T18:12:59.795+00:00 seq=18242 state=QUIET  energy=    2886 frames=  38224640 flags=0x04 lost=0
2026-09-04T18:12:59.795+00:00 seq=18243 state=QUIET  energy=    5556 frames=  38224896 flags=0x04 lost=0
2026-09-04T18:12:59.795+00:00 seq=18244 state=QUIET  energy=    6086 frames=  38225152 flags=0x04 lost=0
2026-09-04T18:12:59.795+00:00 seq=18245 state=QUIET  energy=    5950 frames=  38225408 flags=0x04 lost=0
2026-09-04T18:12:59.795+00:00 seq=18246 state=QUIET  energy=    5644 frames=  38225664 flags=0x04 lost=0
2026-09-04T18:12:59.795+00:00 seq=18247 state=QUIET  energy=    6525 frames=  38225920 flags=0x04 lost=0
2026-09-04T18:12:59.795+00:00 seq=18248 state=QUIET  energy=    6185 frames=  38226176 flags=0x04 lost=0
2026-09-04T18:12:59.795+00:00 seq=18249 state=QUIET  energy=    5884 frames=  38226432 flags=0x04 lost=0
2026-09-04T18:12:59.891+00:00 seq=18250 state=QUIET  energy=    5878 frames=  38226688 flags=0x04 lost=0
2026-09-04T18:12:59.891+00:00 seq=18251 state=QUIET  energy=    6282 frames=  38226944 flags=0x04 lost=0
2026-09-04T18:12:59.891+00:00 seq=18252 state=QUIET  energy=    7265 frames=  38227200 flags=0x04 lost=0
2026-09-04T18:12:59.891+00:00 seq=18253 state=QUIET  energy=    4922 frames=  38227456 flags=0x04 lost=0
2026-09-04T18:12:59.891+00:00 seq=18254 state=QUIET  energy=    4906 frames=  38227712 flags=0x04 lost=0
2026-09-04T18:12:59.891+00:00 seq=18255 state=QUIET  energy=    4326 frames=  38227968 flags=0x04 lost=0
2026-09-04T18:12:59.891+00:00 seq=18256 state=QUIET  energy=    6286 frames=  38228224 flags=0x04 lost=0
2026-09-04T18:12:59.892+00:00 seq=18257 state=QUIET  energy=    3062 frames=  38228480 flags=0x04 lost=0
2026-09-04T18:12:59.892+00:00 seq=18258 state=QUIET  energy=    3241 frames=  38228736 flags=0x04 lost=0
2026-09-04T18:12:59.892+00:00 seq=18259 state=QUIET  energy=    5703 frames=  38228992 flags=0x04 lost=0
2026-09-04T18:12:59.892+00:00 seq=18260 state=QUIET  energy=    4068 frames=  38229248 flags=0x04 lost=0
2026-09-04T18:12:59.892+00:00 seq=18261 state=QUIET  energy=    1960 frames=  38229504 flags=0x04 lost=0
2026-09-04T18:12:59.892+00:00 seq=18262 state=QUIET  energy=    1373 frames=  38229760 flags=0x04 lost=0
2026-09-04T18:12:59.892+00:00 seq=18263 state=QUIET  energy=    1493 frames=  38230016 flags=0x04 lost=0
2026-09-04T18:12:59.892+00:00 seq=18264 state=QUIET  energy=    3400 frames=  38230272 flags=0x04 lost=0
2026-09-04T18:12:59.892+00:00 seq=18265 state=QUIET  energy=     873 frames=  38230528 flags=0x04 lost=0
2026-09-04T18:12:59.988+00:00 seq=18266 state=QUIET  energy=    1479 frames=  38230784 flags=0x04 lost=0
2026-09-04T18:12:59.988+00:00 seq=18267 state=QUIET  energy=    2238 frames=  38231040 flags=0x04 lost=0
2026-09-04T18:12:59.988+00:00 seq=18268 state=QUIET  energy=    1479 frames=  38231296 flags=0x04 lost=0
2026-09-04T18:12:59.988+00:00 seq=18269 state=QUIET  energy=    2130 frames=  38231552 flags=0x04 lost=0
2026-09-04T18:12:59.988+00:00 seq=18270 state=QUIET  energy=    2294 frames=  38231808 flags=0x04 lost=0
2026-09-04T18:12:59.988+00:00 seq=18271 state=QUIET  energy=    2780 frames=  38232064 flags=0x04 lost=0
2026-09-04T18:12:59.988+00:00 seq=18272 state=QUIET  energy=    1748 frames=  38232320 flags=0x04 lost=0
2026-09-04T18:12:59.989+00:00 seq=18273 state=QUIET  energy=    2519 frames=  38232576 flags=0x04 lost=0
2026-09-04T18:12:59.989+00:00 seq=18274 state=QUIET  energy=    3006 frames=  38232832 flags=0x04 lost=0
2026-09-04T18:12:59.989+00:00 seq=18275 state=QUIET  energy=    3333 frames=  38233088 flags=0x04 lost=0
2026-09-04T18:12:59.989+00:00 seq=18276 state=QUIET  energy=    2714 frames=  38233344 flags=0x04 lost=0
2026-09-04T18:12:59.989+00:00 seq=18277 state=QUIET  energy=    1816 frames=  38233600 flags=0x04 lost=0
2026-09-04T18:12:59.989+00:00 seq=18278 state=QUIET  energy=    2623 frames=  38233856 flags=0x04 lost=0
2026-09-04T18:12:59.989+00:00 seq=18279 state=QUIET  energy=    2537 frames=  38234112 flags=0x04 lost=0
2026-09-04T18:12:59.989+00:00 seq=18280 state=QUIET  energy=    1075 frames=  38234368 flags=0x04 lost=0
2026-09-04T18:12:59.990+00:00 seq=18281 state=QUIET  energy=    3077 frames=  38234624 flags=0x04 lost=0
2026-09-04T18:13:00.085+00:00 seq=18282 state=QUIET  energy=    2075 frames=  38234880 flags=0x04 lost=0
2026-09-04T18:13:00.085+00:00 seq=18283 state=QUIET  energy=    2795 frames=  38235136 flags=0x04 lost=0
2026-09-04T18:13:00.085+00:00 seq=18284 state=QUIET  energy=    3528 frames=  38235392 flags=0x04 lost=0
2026-09-04T18:13:00.085+00:00 seq=18285 state=QUIET  energy=    3943 frames=  38235648 flags=0x04 lost=0
2026-09-04T18:13:00.085+00:00 seq=18286 state=QUIET  energy=    3974 frames=  38235904 flags=0x04 lost=0
2026-09-04T18:13:00.085+00:00 seq=18287 state=QUIET  energy=    2987 frames=  38236160 flags=0x04 lost=0
2026-09-04T18:13:00.086+00:00 seq=18288 state=QUIET  energy=    2900 frames=  38236416 flags=0x04 lost=0
2026-09-04T18:13:00.086+00:00 seq=18289 state=QUIET  energy=    3509 frames=  38236672 flags=0x04 lost=0
2026-09-04T18:13:00.086+00:00 seq=18290 state=QUIET  energy=    2542 frames=  38236928 flags=0x04 lost=0
2026-09-04T18:13:00.086+00:00 seq=18291 state=QUIET  energy=    2840 frames=  38237184 flags=0x04 lost=0
2026-09-04T18:13:00.086+00:00 seq=18292 state=QUIET  energy=    1203 frames=  38237440 flags=0x04 lost=0
2026-09-04T18:13:00.086+00:00 seq=18293 state=QUIET  energy=    1472 frames=  38237696 flags=0x04 lost=0
2026-09-04T18:13:00.086+00:00 seq=18294 state=QUIET  energy=    1384 frames=  38237952 flags=0x04 lost=0
2026-09-04T18:13:00.086+00:00 seq=18295 state=QUIET  energy=    1426 frames=  38238208 flags=0x04 lost=0
2026-09-04T18:13:00.087+00:00 seq=18296 state=QUIET  energy=    1036 frames=  38238464 flags=0x04 lost=0
2026-09-04T18:13:00.087+00:00 seq=18297 state=QUIET  energy=    1595 frames=  38238720 flags=0x04 lost=0
2026-09-04T18:13:00.182+00:00 seq=18298 state=QUIET  energy=    1340 frames=  38238976 flags=0x04 lost=0
2026-09-04T18:13:00.182+00:00 seq=18299 state=QUIET  energy=    2090 frames=  38239232 flags=0x04 lost=0
2026-09-04T18:13:00.182+00:00 seq=18300 state=QUIET  energy=    1018 frames=  38239488 flags=0x04 lost=0
2026-09-04T18:13:00.182+00:00 seq=18301 state=QUIET  energy=    2172 frames=  38239744 flags=0x04 lost=0
2026-09-04T18:13:00.182+00:00 seq=18302 state=QUIET  energy=    3064 frames=  38240000 flags=0x04 lost=0
2026-09-04T18:13:00.183+00:00 seq=18303 state=QUIET  energy=    4088 frames=  38240256 flags=0x04 lost=0
2026-09-04T18:13:00.183+00:00 seq=18304 state=QUIET  energy=    7034 frames=  38240512 flags=0x04 lost=0
2026-09-04T18:13:00.183+00:00 seq=18305 state=QUIET  energy=    5837 frames=  38240768 flags=0x04 lost=0
2026-09-04T18:13:00.183+00:00 seq=18306 state=QUIET  energy=    4500 frames=  38241024 flags=0x04 lost=0
2026-09-04T18:13:00.183+00:00 seq=18307 state=QUIET  energy=    4394 frames=  38241280 flags=0x04 lost=0
2026-09-04T18:13:00.183+00:00 seq=18308 state=QUIET  energy=    5707 frames=  38241536 flags=0x04 lost=0
2026-09-04T18:13:00.183+00:00 seq=18309 state=QUIET  energy=    5741 frames=  38241792 flags=0x04 lost=0
2026-09-04T18:13:00.183+00:00 seq=18310 state=QUIET  energy=    4928 frames=  38242048 flags=0x04 lost=0
2026-09-04T18:13:00.184+00:00 seq=18311 state=QUIET  energy=    5029 frames=  38242304 flags=0x04 lost=0
2026-09-04T18:13:00.184+00:00 seq=18312 state=QUIET  energy=    5129 frames=  38242560 flags=0x04 lost=0
2026-09-04T18:13:00.184+00:00 seq=18313 state=QUIET  energy=    3722 frames=  38242816 flags=0x04 lost=0
2026-09-04T18:13:00.279+00:00 seq=18314 state=QUIET  energy=    4844 frames=  38243072 flags=0x04 lost=0
2026-09-04T18:13:00.279+00:00 seq=18315 state=QUIET  energy=    4317 frames=  38243328 flags=0x04 lost=0
2026-09-04T18:13:00.279+00:00 seq=18316 state=QUIET  energy=    2653 frames=  38243584 flags=0x04 lost=0
2026-09-04T18:13:00.279+00:00 seq=18317 state=QUIET  energy=    1651 frames=  38243840 flags=0x04 lost=0
2026-09-04T18:13:00.280+00:00 seq=18318 state=QUIET  energy=    1359 frames=  38244096 flags=0x04 lost=0
2026-09-04T18:13:00.280+00:00 seq=18319 state=QUIET  energy=    1447 frames=  38244352 flags=0x04 lost=0
2026-09-04T18:13:00.280+00:00 seq=18320 state=QUIET  energy=    1212 frames=  38244608 flags=0x04 lost=0
2026-09-04T18:13:00.280+00:00 seq=18321 state=QUIET  energy=    2064 frames=  38244864 flags=0x04 lost=0
2026-09-04T18:13:00.280+00:00 seq=18322 state=QUIET  energy=    1082 frames=  38245120 flags=0x04 lost=0
2026-09-04T18:13:00.280+00:00 seq=18323 state=QUIET  energy=    1980 frames=  38245376 flags=0x04 lost=0
2026-09-04T18:13:00.280+00:00 seq=18324 state=QUIET  energy=    3793 frames=  38245632 flags=0x04 lost=0
2026-09-04T18:13:00.280+00:00 seq=18325 state=QUIET  energy=    4029 frames=  38245888 flags=0x04 lost=0
2026-09-04T18:13:00.281+00:00 seq=18326 state=QUIET  energy=    4333 frames=  38246144 flags=0x04 lost=0
2026-09-04T18:13:00.281+00:00 seq=18327 state=QUIET  energy=    1424 frames=  38246400 flags=0x04 lost=0
2026-09-04T18:13:00.281+00:00 seq=18328 state=QUIET  energy=    1104 frames=  38246656 flags=0x04 lost=0
2026-09-04T18:13:00.281+00:00 seq=18329 state=QUIET  energy=    3352 frames=  38246912 flags=0x04 lost=0
2026-09-04T18:13:00.376+00:00 seq=18330 state=QUIET  energy=   10103 frames=  38247168 flags=0x04 lost=0
2026-09-04T18:13:00.376+00:00 seq=18331 state=QUIET  energy=   17163 frames=  38247424 flags=0x04 lost=0
2026-09-04T18:13:00.376+00:00 seq=18332 state=QUIET  energy=   19685 frames=  38247680 flags=0x04 lost=0
2026-09-04T18:13:00.377+00:00 seq=18333 state=QUIET  energy=   19934 frames=  38247936 flags=0x04 lost=0
2026-09-04T18:13:00.377+00:00 seq=18334 state=QUIET  energy=   16355 frames=  38248192 flags=0x04 lost=0
2026-09-04T18:13:00.377+00:00 seq=18335 state=QUIET  energy=   15028 frames=  38248448 flags=0x04 lost=0
2026-09-04T18:13:00.377+00:00 seq=18336 state=QUIET  energy=   13375 frames=  38248704 flags=0x04 lost=0
2026-09-04T18:13:00.377+00:00 seq=18337 state=QUIET  energy=   12126 frames=  38248960 flags=0x04 lost=0
2026-09-04T18:13:00.377+00:00 seq=18338 state=QUIET  energy=    8683 frames=  38249216 flags=0x04 lost=0
2026-09-04T18:13:00.377+00:00 seq=18339 state=QUIET  energy=    8963 frames=  38249472 flags=0x04 lost=0
2026-09-04T18:13:00.377+00:00 seq=18340 state=QUIET  energy=    6818 frames=  38249728 flags=0x04 lost=0
2026-09-04T18:13:00.377+00:00 seq=18341 state=QUIET  energy=    3554 frames=  38249984 flags=0x04 lost=0
2026-09-04T18:13:00.378+00:00 seq=18342 state=QUIET  energy=    2341 frames=  38250240 flags=0x04 lost=0
2026-09-04T18:13:00.378+00:00 seq=18343 state=QUIET  energy=    2207 frames=  38250496 flags=0x04 lost=0
2026-09-04T18:13:00.378+00:00 seq=18344 state=QUIET  energy=    5974 frames=  38250752 flags=0x04 lost=0
2026-09-04T18:13:00.378+00:00 seq=18345 state=QUIET  energy=   11937 frames=  38251008 flags=0x04 lost=0
2026-09-04T18:13:00.473+00:00 seq=18346 state=QUIET  energy=   15765 frames=  38251264 flags=0x04 lost=0
2026-09-04T18:13:00.473+00:00 seq=18347 state=QUIET  energy=   16917 frames=  38251520 flags=0x04 lost=0
2026-09-04T18:13:00.473+00:00 seq=18348 state=QUIET  energy=   14264 frames=  38251776 flags=0x04 lost=0
2026-09-04T18:13:00.474+00:00 seq=18349 state=QUIET  energy=   15461 frames=  38252032 flags=0x04 lost=0
2026-09-04T18:13:00.474+00:00 seq=18350 state=QUIET  energy=   15980 frames=  38252288 flags=0x04 lost=0
2026-09-04T18:13:00.474+00:00 seq=18351 state=QUIET  energy=   14986 frames=  38252544 flags=0x04 lost=0
2026-09-04T18:13:00.474+00:00 seq=18352 state=QUIET  energy=   12425 frames=  38252800 flags=0x04 lost=0
2026-09-04T18:13:00.474+00:00 seq=18353 state=QUIET  energy=    9638 frames=  38253056 flags=0x04 lost=0
2026-09-04T18:13:00.474+00:00 seq=18354 state=QUIET  energy=    6239 frames=  38253312 flags=0x04 lost=0
2026-09-04T18:13:00.474+00:00 seq=18355 state=QUIET  energy=    3626 frames=  38253568 flags=0x04 lost=0
2026-09-04T18:13:00.474+00:00 seq=18356 state=QUIET  energy=    3998 frames=  38253824 flags=0x04 lost=0
2026-09-04T18:13:00.475+00:00 seq=18357 state=QUIET  energy=    5129 frames=  38254080 flags=0x04 lost=0
2026-09-04T18:13:00.475+00:00 seq=18358 state=QUIET  energy=    7233 frames=  38254336 flags=0x04 lost=0
2026-09-04T18:13:00.475+00:00 seq=18359 state=QUIET  energy=    5617 frames=  38254592 flags=0x04 lost=0
2026-09-04T18:13:00.475+00:00 seq=18360 state=QUIET  energy=    4235 frames=  38254848 flags=0x04 lost=0
2026-09-04T18:13:00.475+00:00 seq=18361 state=QUIET  energy=    4749 frames=  38255104 flags=0x04 lost=0
2026-09-04T18:13:00.570+00:00 seq=18362 state=QUIET  energy=    3935 frames=  38255360 flags=0x04 lost=0
2026-09-04T18:13:00.570+00:00 seq=18363 state=QUIET  energy=    3047 frames=  38255616 flags=0x04 lost=0
2026-09-04T18:13:00.570+00:00 seq=18364 state=QUIET  energy=    2562 frames=  38255872 flags=0x04 lost=0
2026-09-04T18:13:00.570+00:00 seq=18365 state=QUIET  energy=     723 frames=  38256128 flags=0x04 lost=0
2026-09-04T18:13:00.571+00:00 seq=18366 state=QUIET  energy=    1213 frames=  38256384 flags=0x04 lost=0
2026-09-04T18:13:00.571+00:00 seq=18367 state=QUIET  energy=    2145 frames=  38256640 flags=0x04 lost=0
2026-09-04T18:13:00.571+00:00 seq=18368 state=QUIET  energy=    2139 frames=  38256896 flags=0x04 lost=0
2026-09-04T18:13:00.571+00:00 seq=18369 state=QUIET  energy=    2742 frames=  38257152 flags=0x04 lost=0
2026-09-04T18:13:00.571+00:00 seq=18370 state=QUIET  energy=    1568 frames=  38257408 flags=0x04 lost=0
2026-09-04T18:13:00.571+00:00 seq=18371 state=QUIET  energy=    1268 frames=  38257664 flags=0x04 lost=0
2026-09-04T18:13:00.571+00:00 seq=18372 state=QUIET  energy=     940 frames=  38257920 flags=0x04 lost=0
2026-09-04T18:13:00.571+00:00 seq=18373 state=QUIET  energy=    2072 frames=  38258176 flags=0x04 lost=0
2026-09-04T18:13:00.571+00:00 seq=18374 state=QUIET  energy=    1801 frames=  38258432 flags=0x04 lost=0
2026-09-04T18:13:00.571+00:00 seq=18375 state=QUIET  energy=    2189 frames=  38258688 flags=0x04 lost=0
2026-09-04T18:13:00.572+00:00 seq=18376 state=QUIET  energy=     990 frames=  38258944 flags=0x04 lost=0
2026-09-04T18:13:00.572+00:00 seq=18377 state=QUIET  energy=    1317 frames=  38259200 flags=0x04 lost=0
2026-09-04T18:13:00.667+00:00 seq=18378 state=QUIET  energy=    1002 frames=  38259456 flags=0x04 lost=0
2026-09-04T18:13:00.668+00:00 seq=18379 state=QUIET  energy=    1159 frames=  38259712 flags=0x04 lost=0
2026-09-04T18:13:00.668+00:00 seq=18380 state=QUIET  energy=    2949 frames=  38259968 flags=0x04 lost=0
2026-09-04T18:13:00.668+00:00 seq=18381 state=QUIET  energy=    4952 frames=  38260224 flags=0x04 lost=0
2026-09-04T18:13:00.668+00:00 seq=18382 state=QUIET  energy=    6458 frames=  38260480 flags=0x04 lost=0
2026-09-04T18:13:00.668+00:00 seq=18383 state=QUIET  energy=    5543 frames=  38260736 flags=0x04 lost=0
2026-09-04T18:13:00.668+00:00 seq=18384 state=QUIET  energy=    3204 frames=  38260992 flags=0x04 lost=0
2026-09-04T18:13:00.668+00:00 seq=18385 state=QUIET  energy=    2412 frames=  38261248 flags=0x04 lost=0
2026-09-04T18:13:00.668+00:00 seq=18386 state=QUIET  energy=    1444 frames=  38261504 flags=0x04 lost=0
2026-09-04T18:13:00.669+00:00 seq=18387 state=QUIET  energy=    1842 frames=  38261760 flags=0x04 lost=0
2026-09-04T18:13:00.669+00:00 seq=18388 state=QUIET  energy=    1484 frames=  38262016 flags=0x04 lost=0
2026-09-04T18:13:00.669+00:00 seq=18389 state=QUIET  energy=    3077 frames=  38262272 flags=0x04 lost=0
2026-09-04T18:13:00.669+00:00 seq=18390 state=QUIET  energy=    2060 frames=  38262528 flags=0x04 lost=0
2026-09-04T18:13:00.669+00:00 seq=18391 state=QUIET  energy=    2375 frames=  38262784 flags=0x04 lost=0
2026-09-04T18:13:00.669+00:00 seq=18392 state=QUIET  energy=    2482 frames=  38263040 flags=0x04 lost=0
2026-09-04T18:13:00.669+00:00 seq=18393 state=QUIET  energy=    1514 frames=  38263296 flags=0x04 lost=0
2026-09-04T18:13:00.764+00:00 seq=18394 state=QUIET  energy=    1256 frames=  38263552 flags=0x04 lost=0
2026-09-04T18:13:00.765+00:00 seq=18395 state=QUIET  energy=     890 frames=  38263808 flags=0x04 lost=0
2026-09-04T18:13:00.765+00:00 seq=18396 state=QUIET  energy=    1088 frames=  38264064 flags=0x04 lost=0
2026-09-04T18:13:00.765+00:00 seq=18397 state=QUIET  energy=    2029 frames=  38264320 flags=0x04 lost=0
2026-09-04T18:13:00.765+00:00 seq=18398 state=QUIET  energy=    3510 frames=  38264576 flags=0x04 lost=0
2026-09-04T18:13:00.765+00:00 seq=18399 state=QUIET  energy=    2166 frames=  38264832 flags=0x04 lost=0
2026-09-04T18:13:00.765+00:00 seq=18400 state=QUIET  energy=    2254 frames=  38265088 flags=0x04 lost=0
2026-09-04T18:13:00.765+00:00 seq=18401 state=QUIET  energy=    2153 frames=  38265344 flags=0x04 lost=0
2026-09-04T18:13:00.765+00:00 seq=18402 state=QUIET  energy=    2968 frames=  38265600 flags=0x04 lost=0
2026-09-04T18:13:00.766+00:00 seq=18403 state=QUIET  energy=    1785 frames=  38265856 flags=0x04 lost=0
2026-09-04T18:13:00.766+00:00 seq=18404 state=QUIET  energy=    2523 frames=  38266112 flags=0x04 lost=0
2026-09-04T18:13:00.766+00:00 seq=18405 state=QUIET  energy=    2207 frames=  38266368 flags=0x04 lost=0
2026-09-04T18:13:00.766+00:00 seq=18406 state=QUIET  energy=    1558 frames=  38266624 flags=0x04 lost=0
2026-09-04T18:13:00.766+00:00 seq=18407 state=QUIET  energy=    1869 frames=  38266880 flags=0x04 lost=0
2026-09-04T18:13:00.766+00:00 seq=18408 state=QUIET  energy=    2296 frames=  38267136 flags=0x04 lost=0
2026-09-04T18:13:00.766+00:00 seq=18409 state=QUIET  energy=     939 frames=  38267392 flags=0x04 lost=0
2026-09-04T18:13:00.862+00:00 seq=18410 state=QUIET  energy=     765 frames=  38267648 flags=0x04 lost=0
2026-09-04T18:13:00.862+00:00 seq=18411 state=QUIET  energy=    2089 frames=  38267904 flags=0x04 lost=0
2026-09-04T18:13:00.862+00:00 seq=18412 state=QUIET  energy=    2180 frames=  38268160 flags=0x04 lost=0
2026-09-04T18:13:00.862+00:00 seq=18413 state=QUIET  energy=    1766 frames=  38268416 flags=0x04 lost=0
2026-09-04T18:13:00.862+00:00 seq=18414 state=QUIET  energy=    1653 frames=  38268672 flags=0x04 lost=0
2026-09-04T18:13:00.862+00:00 seq=18415 state=QUIET  energy=    1719 frames=  38268928 flags=0x04 lost=0
2026-09-04T18:13:00.862+00:00 seq=18416 state=QUIET  energy=    1805 frames=  38269184 flags=0x04 lost=0
2026-09-04T18:13:00.862+00:00 seq=18417 state=QUIET  energy=     997 frames=  38269440 flags=0x04 lost=0
2026-09-04T18:13:00.863+00:00 seq=18418 state=QUIET  energy=    1705 frames=  38269696 flags=0x04 lost=0
2026-09-04T18:13:00.863+00:00 seq=18419 state=QUIET  energy=     999 frames=  38269952 flags=0x04 lost=0
2026-09-04T18:13:00.863+00:00 seq=18420 state=QUIET  energy=    1148 frames=  38270208 flags=0x04 lost=0
2026-09-04T18:13:00.863+00:00 seq=18421 state=QUIET  energy=    2879 frames=  38270464 flags=0x04 lost=0
2026-09-04T18:13:00.863+00:00 seq=18422 state=QUIET  energy=    3148 frames=  38270720 flags=0x04 lost=0
2026-09-04T18:13:00.863+00:00 seq=18423 state=QUIET  energy=    2875 frames=  38270976 flags=0x04 lost=0
2026-09-04T18:13:00.863+00:00 seq=18424 state=QUIET  energy=    2111 frames=  38271232 flags=0x04 lost=0
2026-09-04T18:13:00.863+00:00 seq=18425 state=QUIET  energy=    1338 frames=  38271488 flags=0x04 lost=0
2026-09-04T18:13:00.959+00:00 seq=18426 state=QUIET  energy=    1983 frames=  38271744 flags=0x04 lost=0
2026-09-04T18:13:00.959+00:00 seq=18427 state=QUIET  energy=    1330 frames=  38272000 flags=0x04 lost=0
2026-09-04T18:13:00.959+00:00 seq=18428 state=QUIET  energy=    1065 frames=  38272256 flags=0x04 lost=0
2026-09-04T18:13:00.959+00:00 seq=18429 state=QUIET  energy=    1069 frames=  38272512 flags=0x04 lost=0
2026-09-04T18:13:00.959+00:00 seq=18430 state=QUIET  energy=    1174 frames=  38272768 flags=0x04 lost=0
2026-09-04T18:13:00.959+00:00 seq=18431 state=QUIET  energy=     995 frames=  38273024 flags=0x04 lost=0
2026-09-04T18:13:00.959+00:00 seq=18432 state=QUIET  energy=    1291 frames=  38273280 flags=0x04 lost=0
2026-09-04T18:13:00.960+00:00 seq=18433 state=QUIET  energy=    1500 frames=  38273536 flags=0x04 lost=0
2026-09-04T18:13:00.960+00:00 seq=18434 state=QUIET  energy=    2948 frames=  38273792 flags=0x04 lost=0
2026-09-04T18:13:00.960+00:00 seq=18435 state=QUIET  energy=    2444 frames=  38274048 flags=0x04 lost=0
2026-09-04T18:13:00.960+00:00 seq=18436 state=QUIET  energy=    2863 frames=  38274304 flags=0x04 lost=0
2026-09-04T18:13:00.960+00:00 seq=18437 state=QUIET  energy=    2016 frames=  38274560 flags=0x04 lost=0
2026-09-04T18:13:00.960+00:00 seq=18438 state=QUIET  energy=    1412 frames=  38274816 flags=0x04 lost=0
2026-09-04T18:13:00.960+00:00 seq=18439 state=QUIET  energy=    2234 frames=  38275072 flags=0x04 lost=0
2026-09-04T18:13:00.960+00:00 seq=18440 state=QUIET  energy=    1706 frames=  38275328 flags=0x04 lost=0
2026-09-04T18:13:00.960+00:00 seq=18441 state=QUIET  energy=    1753 frames=  38275584 flags=0x04 lost=0
2026-09-04T18:13:01.056+00:00 seq=18442 state=QUIET  energy=     905 frames=  38275840 flags=0x04 lost=0
2026-09-04T18:13:01.056+00:00 seq=18443 state=QUIET  energy=    1253 frames=  38276096 flags=0x04 lost=0
2026-09-04T18:13:01.056+00:00 seq=18444 state=QUIET  energy=    1379 frames=  38276352 flags=0x04 lost=0
2026-09-04T18:13:01.056+00:00 seq=18445 state=QUIET  energy=    1150 frames=  38276608 flags=0x04 lost=0
2026-09-04T18:13:01.056+00:00 seq=18446 state=QUIET  energy=    1371 frames=  38276864 flags=0x04 lost=0
2026-09-04T18:13:01.056+00:00 seq=18447 state=QUIET  energy=    2418 frames=  38277120 flags=0x04 lost=0
2026-09-04T18:13:01.057+00:00 seq=18448 state=QUIET  energy=    2840 frames=  38277376 flags=0x04 lost=0
2026-09-04T18:13:01.057+00:00 seq=18449 state=QUIET  energy=    3290 frames=  38277632 flags=0x04 lost=0
2026-09-04T18:13:01.057+00:00 seq=18450 state=QUIET  energy=    2354 frames=  38277888 flags=0x04 lost=0
2026-09-04T18:13:01.057+00:00 seq=18451 state=QUIET  energy=    2515 frames=  38278144 flags=0x04 lost=0
2026-09-04T18:13:01.057+00:00 seq=18452 state=QUIET  energy=    2605 frames=  38278400 flags=0x04 lost=0
2026-09-04T18:13:01.057+00:00 seq=18453 state=QUIET  energy=    1158 frames=  38278656 flags=0x04 lost=0
2026-09-04T18:13:01.057+00:00 seq=18454 state=QUIET  energy=     915 frames=  38278912 flags=0x04 lost=0
2026-09-04T18:13:01.057+00:00 seq=18455 state=QUIET  energy=     883 frames=  38279168 flags=0x04 lost=0
2026-09-04T18:13:01.058+00:00 seq=18456 state=QUIET  energy=    2131 frames=  38279424 flags=0x04 lost=0
2026-09-04T18:13:01.058+00:00 seq=18457 state=QUIET  energy=    3021 frames=  38279680 flags=0x04 lost=0
2026-09-04T18:13:01.153+00:00 seq=18458 state=QUIET  energy=    1853 frames=  38279936 flags=0x04 lost=0
2026-09-04T18:13:01.153+00:00 seq=18459 state=QUIET  energy=    2291 frames=  38280192 flags=0x04 lost=0
2026-09-04T18:13:01.153+00:00 seq=18460 state=QUIET  energy=    4791 frames=  38280448 flags=0x04 lost=0
2026-09-04T18:13:01.153+00:00 seq=18461 state=QUIET  energy=    5413 frames=  38280704 flags=0x04 lost=0
2026-09-04T18:13:01.153+00:00 seq=18462 state=QUIET  energy=    7868 frames=  38280960 flags=0x04 lost=0
2026-09-04T18:13:01.153+00:00 seq=18463 state=QUIET  energy=    6697 frames=  38281216 flags=0x04 lost=0
2026-09-04T18:13:01.154+00:00 seq=18464 state=QUIET  energy=    5340 frames=  38281472 flags=0x04 lost=0
2026-09-04T18:13:01.154+00:00 seq=18465 state=QUIET  energy=    5598 frames=  38281728 flags=0x04 lost=0
2026-09-04T18:13:01.154+00:00 seq=18466 state=QUIET  energy=    5443 frames=  38281984 flags=0x04 lost=0
2026-09-04T18:13:01.154+00:00 seq=18467 state=QUIET  energy=    6247 frames=  38282240 flags=0x04 lost=0
2026-09-04T18:13:01.154+00:00 seq=18468 state=QUIET  energy=    7341 frames=  38282496 flags=0x04 lost=0
2026-09-04T18:13:01.154+00:00 seq=18469 state=QUIET  energy=    7922 frames=  38282752 flags=0x04 lost=0
2026-09-04T18:13:01.154+00:00 seq=18470 state=QUIET  energy=    7490 frames=  38283008 flags=0x04 lost=0
2026-09-04T18:13:01.154+00:00 seq=18471 state=QUIET  energy=    7123 frames=  38283264 flags=0x04 lost=0
2026-09-04T18:13:01.155+00:00 seq=18472 state=QUIET  energy=    6891 frames=  38283520 flags=0x04 lost=0
2026-09-04T18:13:01.155+00:00 seq=18473 state=QUIET  energy=    4574 frames=  38283776 flags=0x04 lost=0
2026-09-04T18:13:01.250+00:00 seq=18474 state=QUIET  energy=    1711 frames=  38284032 flags=0x04 lost=0
2026-09-04T18:13:01.250+00:00 seq=18475 state=QUIET  energy=    1880 frames=  38284288 flags=0x04 lost=0
2026-09-04T18:13:01.250+00:00 seq=18476 state=QUIET  energy=    1107 frames=  38284544 flags=0x04 lost=0
2026-09-04T18:13:01.250+00:00 seq=18477 state=QUIET  energy=    1002 frames=  38284800 flags=0x04 lost=0
2026-09-04T18:13:01.250+00:00 seq=18478 state=QUIET  energy=     996 frames=  38285056 flags=0x04 lost=0
2026-09-04T18:13:01.251+00:00 seq=18479 state=QUIET  energy=    2824 frames=  38285312 flags=0x04 lost=0
2026-09-04T18:13:01.251+00:00 seq=18480 state=QUIET  energy=    2775 frames=  38285568 flags=0x04 lost=0
2026-09-04T18:13:01.251+00:00 seq=18481 state=QUIET  energy=    4624 frames=  38285824 flags=0x04 lost=0
2026-09-04T18:13:01.251+00:00 seq=18482 state=QUIET  energy=    4653 frames=  38286080 flags=0x04 lost=0
2026-09-04T18:13:01.251+00:00 seq=18483 state=QUIET  energy=    6344 frames=  38286336 flags=0x04 lost=0
2026-09-04T18:13:01.251+00:00 seq=18484 state=QUIET  energy=    7102 frames=  38286592 flags=0x04 lost=0
2026-09-04T18:13:01.251+00:00 seq=18485 state=QUIET  energy=   12705 frames=  38286848 flags=0x04 lost=0
2026-09-04T18:13:01.251+00:00 seq=18486 state=QUIET  energy=   16921 frames=  38287104 flags=0x04 lost=0
2026-09-04T18:13:01.252+00:00 seq=18487 state=QUIET  energy=   17692 frames=  38287360 flags=0x04 lost=0
2026-09-04T18:13:01.252+00:00 seq=18488 state=QUIET  energy=   17240 frames=  38287616 flags=0x04 lost=0
2026-09-04T18:13:01.252+00:00 seq=18489 state=QUIET  energy=   14276 frames=  38287872 flags=0x04 lost=0
2026-09-04T18:13:01.347+00:00 seq=18490 state=QUIET  energy=   13045 frames=  38288128 flags=0x04 lost=0
2026-09-04T18:13:01.347+00:00 seq=18491 state=QUIET  energy=   12483 frames=  38288384 flags=0x04 lost=0
2026-09-04T18:13:01.347+00:00 seq=18492 state=QUIET  energy=   12102 frames=  38288640 flags=0x04 lost=0
2026-09-04T18:13:01.347+00:00 seq=18493 state=QUIET  energy=   10033 frames=  38288896 flags=0x04 lost=0
2026-09-04T18:13:01.348+00:00 seq=18494 state=QUIET  energy=    7590 frames=  38289152 flags=0x04 lost=0
2026-09-04T18:13:01.348+00:00 seq=18495 state=QUIET  energy=    6642 frames=  38289408 flags=0x04 lost=0
2026-09-04T18:13:01.348+00:00 seq=18496 state=QUIET  energy=    5774 frames=  38289664 flags=0x04 lost=0
2026-09-04T18:13:01.348+00:00 seq=18497 state=QUIET  energy=    2089 frames=  38289920 flags=0x04 lost=0
2026-09-04T18:13:01.348+00:00 seq=18498 state=QUIET  energy=    1832 frames=  38290176 flags=0x04 lost=0
2026-09-04T18:13:01.348+00:00 seq=18499 state=QUIET  energy=    7105 frames=  38290432 flags=0x04 lost=0
2026-09-04T18:13:01.348+00:00 seq=18500 state=QUIET  energy=   11837 frames=  38290688 flags=0x04 lost=0
2026-09-04T18:13:01.348+00:00 seq=18501 state=QUIET  energy=   12414 frames=  38290944 flags=0x04 lost=0
2026-09-04T18:13:01.349+00:00 seq=18502 state=QUIET  energy=   13718 frames=  38291200 flags=0x04 lost=0
2026-09-04T18:13:01.349+00:00 seq=18503 state=QUIET  energy=   13713 frames=  38291456 flags=0x04 lost=0
2026-09-04T18:13:01.349+00:00 seq=18504 state=QUIET  energy=   10312 frames=  38291712 flags=0x04 lost=0
2026-09-04T18:13:01.349+00:00 seq=18505 state=QUIET  energy=    8924 frames=  38291968 flags=0x04 lost=0
2026-09-04T18:13:01.444+00:00 seq=18506 state=QUIET  energy=    7709 frames=  38292224 flags=0x04 lost=0
2026-09-04T18:13:01.444+00:00 seq=18507 state=QUIET  energy=    6901 frames=  38292480 flags=0x04 lost=0
2026-09-04T18:13:01.444+00:00 seq=18508 state=QUIET  energy=    5590 frames=  38292736 flags=0x04 lost=0
2026-09-04T18:13:01.445+00:00 seq=18509 state=QUIET  energy=    3158 frames=  38292992 flags=0x04 lost=0
2026-09-04T18:13:01.445+00:00 seq=18510 state=QUIET  energy=    3819 frames=  38293248 flags=0x04 lost=0
2026-09-04T18:13:01.445+00:00 seq=18511 state=QUIET  energy=    4619 frames=  38293504 flags=0x04 lost=0
2026-09-04T18:13:01.445+00:00 seq=18512 state=QUIET  energy=    2521 frames=  38293760 flags=0x04 lost=0
2026-09-04T18:13:01.445+00:00 seq=18513 state=QUIET  energy=    2975 frames=  38294016 flags=0x04 lost=0
2026-09-04T18:13:01.445+00:00 seq=18514 state=QUIET  energy=    3306 frames=  38294272 flags=0x04 lost=0
2026-09-04T18:13:01.445+00:00 seq=18515 state=QUIET  energy=    3180 frames=  38294528 flags=0x04 lost=0
2026-09-04T18:13:01.445+00:00 seq=18516 state=QUIET  energy=    1596 frames=  38294784 flags=0x04 lost=0
2026-09-04T18:13:01.446+00:00 seq=18517 state=QUIET  energy=     960 frames=  38295040 flags=0x04 lost=0
2026-09-04T18:13:01.446+00:00 seq=18518 state=QUIET  energy=    1040 frames=  38295296 flags=0x04 lost=0
2026-09-04T18:13:01.446+00:00 seq=18519 state=QUIET  energy=    1239 frames=  38295552 flags=0x04 lost=0
2026-09-04T18:13:01.446+00:00 seq=18520 state=QUIET  energy=    2789 frames=  38295808 flags=0x04 lost=0
2026-09-04T18:13:01.446+00:00 seq=18521 state=QUIET  energy=    6435 frames=  38296064 flags=0x04 lost=0
2026-09-04T18:13:01.541+00:00 seq=18522 state=QUIET  energy=   13294 frames=  38296320 flags=0x04 lost=0
2026-09-04T18:13:01.541+00:00 seq=18523 state=QUIET  energy=   16012 frames=  38296576 flags=0x04 lost=0
2026-09-04T18:13:01.541+00:00 seq=18524 state=QUIET  energy=   15472 frames=  38296832 flags=0x04 lost=0
2026-09-04T18:13:01.542+00:00 seq=18525 state=QUIET  energy=   14141 frames=  38297088 flags=0x04 lost=0
2026-09-04T18:13:01.542+00:00 seq=18526 state=QUIET  energy=   13815 frames=  38297344 flags=0x04 lost=0
2026-09-04T18:13:01.542+00:00 seq=18527 state=QUIET  energy=   12823 frames=  38297600 flags=0x04 lost=0
2026-09-04T18:13:01.542+00:00 seq=18528 state=QUIET  energy=   12617 frames=  38297856 flags=0x04 lost=0
2026-09-04T18:13:01.542+00:00 seq=18529 state=QUIET  energy=   12092 frames=  38298112 flags=0x04 lost=0
2026-09-04T18:13:01.542+00:00 seq=18530 state=QUIET  energy=   10698 frames=  38298368 flags=0x04 lost=0
2026-09-04T18:13:01.542+00:00 seq=18531 state=QUIET  energy=    9946 frames=  38298624 flags=0x04 lost=0
2026-09-04T18:13:01.542+00:00 seq=18532 state=QUIET  energy=   10334 frames=  38298880 flags=0x04 lost=0
2026-09-04T18:13:01.543+00:00 seq=18533 state=QUIET  energy=    8368 frames=  38299136 flags=0x04 lost=0
2026-09-04T18:13:01.543+00:00 seq=18534 state=QUIET  energy=    6929 frames=  38299392 flags=0x04 lost=0
2026-09-04T18:13:01.543+00:00 seq=18535 state=QUIET  energy=    7062 frames=  38299648 flags=0x04 lost=0
2026-09-04T18:13:01.543+00:00 seq=18536 state=QUIET  energy=    6009 frames=  38299904 flags=0x04 lost=0
2026-09-04T18:13:01.543+00:00 seq=18537 state=QUIET  energy=    6224 frames=  38300160 flags=0x04 lost=0
2026-09-04T18:13:01.638+00:00 seq=18538 state=QUIET  energy=    5822 frames=  38300416 flags=0x04 lost=0
2026-09-04T18:13:01.638+00:00 seq=18539 state=QUIET  energy=    4293 frames=  38300672 flags=0x04 lost=0
2026-09-04T18:13:01.639+00:00 seq=18540 state=QUIET  energy=    3513 frames=  38300928 flags=0x04 lost=0
2026-09-04T18:13:01.639+00:00 seq=18541 state=QUIET  energy=    4423 frames=  38301184 flags=0x04 lost=0
2026-09-04T18:13:01.639+00:00 seq=18542 state=QUIET  energy=    1876 frames=  38301440 flags=0x04 lost=0
2026-09-04T18:13:01.639+00:00 seq=18543 state=QUIET  energy=    2504 frames=  38301696 flags=0x04 lost=0
2026-09-04T18:13:01.639+00:00 seq=18544 state=QUIET  energy=    3848 frames=  38301952 flags=0x04 lost=0
2026-09-04T18:13:01.639+00:00 seq=18545 state=QUIET  energy=    4525 frames=  38302208 flags=0x04 lost=0
2026-09-04T18:13:01.639+00:00 seq=18546 state=QUIET  energy=    4308 frames=  38302464 flags=0x04 lost=0
2026-09-04T18:13:01.639+00:00 seq=18547 state=QUIET  energy=    6676 frames=  38302720 flags=0x04 lost=0
2026-09-04T18:13:01.640+00:00 seq=18548 state=QUIET  energy=   11292 frames=  38302976 flags=0x04 lost=0
2026-09-04T18:13:01.640+00:00 seq=18549 state=QUIET  energy=   13516 frames=  38303232 flags=0x04 lost=0
2026-09-04T18:13:01.640+00:00 seq=18550 state=QUIET  energy=   14800 frames=  38303488 flags=0x04 lost=0
2026-09-04T18:13:01.640+00:00 seq=18551 state=QUIET  energy=   13610 frames=  38303744 flags=0x04 lost=0
2026-09-04T18:13:01.640+00:00 seq=18552 state=QUIET  energy=   11337 frames=  38304000 flags=0x04 lost=0
2026-09-04T18:13:01.640+00:00 seq=18553 state=QUIET  energy=   10232 frames=  38304256 flags=0x04 lost=0
2026-09-04T18:13:01.735+00:00 seq=18554 state=QUIET  energy=    9941 frames=  38304512 flags=0x04 lost=0
2026-09-04T18:13:01.735+00:00 seq=18555 state=QUIET  energy=    9015 frames=  38304768 flags=0x04 lost=0
2026-09-04T18:13:01.736+00:00 seq=18556 state=QUIET  energy=    8849 frames=  38305024 flags=0x04 lost=0
2026-09-04T18:13:01.736+00:00 seq=18557 state=QUIET  energy=    6922 frames=  38305280 flags=0x04 lost=0
2026-09-04T18:13:01.736+00:00 seq=18558 state=QUIET  energy=    4493 frames=  38305536 flags=0x04 lost=0
2026-09-04T18:13:01.736+00:00 seq=18559 state=QUIET  energy=    4798 frames=  38305792 flags=0x04 lost=0
2026-09-04T18:13:01.736+00:00 seq=18560 state=QUIET  energy=    3861 frames=  38306048 flags=0x04 lost=0
2026-09-04T18:13:01.736+00:00 seq=18561 state=QUIET  energy=    2534 frames=  38306304 flags=0x04 lost=0
2026-09-04T18:13:01.736+00:00 seq=18562 state=QUIET  energy=    1839 frames=  38306560 flags=0x04 lost=0
2026-09-04T18:13:01.736+00:00 seq=18563 state=QUIET  energy=    1730 frames=  38306816 flags=0x04 lost=0
2026-09-04T18:13:01.737+00:00 seq=18564 state=QUIET  energy=    1389 frames=  38307072 flags=0x04 lost=0
2026-09-04T18:13:01.737+00:00 seq=18565 state=QUIET  energy=     966 frames=  38307328 flags=0x04 lost=0
2026-09-04T18:13:01.737+00:00 seq=18566 state=QUIET  energy=    1748 frames=  38307584 flags=0x04 lost=0
2026-09-04T18:13:01.737+00:00 seq=18567 state=QUIET  energy=    1547 frames=  38307840 flags=0x04 lost=0
2026-09-04T18:13:01.737+00:00 seq=18568 state=QUIET  energy=    4648 frames=  38308096 flags=0x04 lost=0
2026-09-04T18:13:01.737+00:00 seq=18569 state=QUIET  energy=   14343 frames=  38308352 flags=0x04 lost=0
2026-09-04T18:13:01.832+00:00 seq=18570 state=QUIET  energy=   16269 frames=  38308608 flags=0x04 lost=0
2026-09-04T18:13:01.833+00:00 seq=18571 state=QUIET  energy=   18730 frames=  38308864 flags=0x04 lost=0
2026-09-04T18:13:01.833+00:00 seq=18572 state=QUIET  energy=   20338 frames=  38309120 flags=0x04 lost=0
2026-09-04T18:13:01.833+00:00 seq=18573 state=QUIET  energy=   19393 frames=  38309376 flags=0x04 lost=0
2026-09-04T18:13:01.833+00:00 seq=18574 state=QUIET  energy=   18726 frames=  38309632 flags=0x04 lost=0
2026-09-04T18:13:01.833+00:00 seq=18575 state=QUIET  energy=   16442 frames=  38309888 flags=0x04 lost=0
2026-09-04T18:13:01.833+00:00 seq=18576 state=QUIET  energy=   13030 frames=  38310144 flags=0x04 lost=0
2026-09-04T18:13:01.833+00:00 seq=18577 state=QUIET  energy=   10473 frames=  38310400 flags=0x04 lost=0
2026-09-04T18:13:01.833+00:00 seq=18578 state=QUIET  energy=    7388 frames=  38310656 flags=0x04 lost=0
2026-09-04T18:13:01.834+00:00 seq=18579 state=QUIET  energy=    3759 frames=  38310912 flags=0x04 lost=0
2026-09-04T18:13:01.834+00:00 seq=18580 state=QUIET  energy=    4519 frames=  38311168 flags=0x04 lost=0
2026-09-04T18:13:01.834+00:00 seq=18581 state=QUIET  energy=    2658 frames=  38311424 flags=0x04 lost=0
2026-09-04T18:13:01.834+00:00 seq=18582 state=QUIET  energy=    1742 frames=  38311680 flags=0x04 lost=0
2026-09-04T18:13:01.834+00:00 seq=18583 state=QUIET  energy=    1561 frames=  38311936 flags=0x04 lost=0
2026-09-04T18:13:01.834+00:00 seq=18584 state=QUIET  energy=    2513 frames=  38312192 flags=0x04 lost=0
2026-09-04T18:13:01.834+00:00 seq=18585 state=QUIET  energy=    3715 frames=  38312448 flags=0x04 lost=0
2026-09-04T18:13:01.929+00:00 seq=18586 state=QUIET  energy=    4313 frames=  38312704 flags=0x04 lost=0
2026-09-04T18:13:01.930+00:00 seq=18587 state=QUIET  energy=    3576 frames=  38312960 flags=0x04 lost=0
2026-09-04T18:13:01.930+00:00 seq=18588 state=QUIET  energy=    1927 frames=  38313216 flags=0x04 lost=0
2026-09-04T18:13:01.930+00:00 seq=18589 state=QUIET  energy=    3236 frames=  38313472 flags=0x04 lost=0
2026-09-04T18:13:01.930+00:00 seq=18590 state=QUIET  energy=    5142 frames=  38313728 flags=0x04 lost=0
2026-09-04T18:13:01.930+00:00 seq=18591 state=QUIET  energy=    4915 frames=  38313984 flags=0x04 lost=0
2026-09-04T18:13:01.930+00:00 seq=18592 state=QUIET  energy=    7953 frames=  38314240 flags=0x04 lost=0
2026-09-04T18:13:01.930+00:00 seq=18593 state=QUIET  energy=   10632 frames=  38314496 flags=0x04 lost=0
2026-09-04T18:13:01.931+00:00 seq=18594 state=QUIET  energy=    9893 frames=  38314752 flags=0x04 lost=0
2026-09-04T18:13:01.931+00:00 seq=18595 state=QUIET  energy=    9347 frames=  38315008 flags=0x04 lost=0
2026-09-04T18:13:01.931+00:00 seq=18596 state=QUIET  energy=    8631 frames=  38315264 flags=0x04 lost=0
2026-09-04T18:13:01.931+00:00 seq=18597 state=QUIET  energy=    7132 frames=  38315520 flags=0x04 lost=0
2026-09-04T18:13:01.931+00:00 seq=18598 state=QUIET  energy=    6410 frames=  38315776 flags=0x04 lost=0
2026-09-04T18:13:01.931+00:00 seq=18599 state=QUIET  energy=    4967 frames=  38316032 flags=0x04 lost=0
2026-09-04T18:13:01.931+00:00 seq=18600 state=QUIET  energy=    4788 frames=  38316288 flags=0x04 lost=0
2026-09-04T18:13:01.931+00:00 seq=18601 state=QUIET  energy=    4550 frames=  38316544 flags=0x04 lost=0
2026-09-04T18:13:02.027+00:00 seq=18602 state=QUIET  energy=    4289 frames=  38316800 flags=0x04 lost=0
2026-09-04T18:13:02.027+00:00 seq=18603 state=QUIET  energy=    4423 frames=  38317056 flags=0x04 lost=0
2026-09-04T18:13:02.027+00:00 seq=18604 state=QUIET  energy=    4605 frames=  38317312 flags=0x04 lost=0
2026-09-04T18:13:02.027+00:00 seq=18605 state=QUIET  energy=    3697 frames=  38317568 flags=0x04 lost=0
2026-09-04T18:13:02.027+00:00 seq=18606 state=QUIET  energy=    4423 frames=  38317824 flags=0x04 lost=0
2026-09-04T18:13:02.027+00:00 seq=18607 state=QUIET  energy=    4951 frames=  38318080 flags=0x04 lost=0
2026-09-04T18:13:02.027+00:00 seq=18608 state=QUIET  energy=    4010 frames=  38318336 flags=0x04 lost=0
2026-09-04T18:13:02.028+00:00 seq=18609 state=QUIET  energy=    2861 frames=  38318592 flags=0x04 lost=0
2026-09-04T18:13:02.028+00:00 seq=18610 state=QUIET  energy=    3650 frames=  38318848 flags=0x04 lost=0
2026-09-04T18:13:02.028+00:00 seq=18611 state=QUIET  energy=    3171 frames=  38319104 flags=0x04 lost=0
2026-09-04T18:13:02.028+00:00 seq=18612 state=QUIET  energy=    1326 frames=  38319360 flags=0x04 lost=0
2026-09-04T18:13:02.028+00:00 seq=18613 state=QUIET  energy=    1845 frames=  38319616 flags=0x04 lost=0
2026-09-04T18:13:02.028+00:00 seq=18614 state=QUIET  energy=    2911 frames=  38319872 flags=0x04 lost=0
2026-09-04T18:13:02.028+00:00 seq=18615 state=QUIET  energy=    3301 frames=  38320128 flags=0x04 lost=0
2026-09-04T18:13:02.028+00:00 seq=18616 state=QUIET  energy=    3836 frames=  38320384 flags=0x04 lost=0
2026-09-04T18:13:02.028+00:00 seq=18617 state=QUIET  energy=    3605 frames=  38320640 flags=0x04 lost=0
2026-09-04T18:13:02.124+00:00 seq=18618 state=QUIET  energy=    4716 frames=  38320896 flags=0x04 lost=0
2026-09-04T18:13:02.124+00:00 seq=18619 state=QUIET  energy=    3535 frames=  38321152 flags=0x04 lost=0
2026-09-04T18:13:02.124+00:00 seq=18620 state=QUIET  energy=    4987 frames=  38321408 flags=0x04 lost=0
2026-09-04T18:13:02.124+00:00 seq=18621 state=QUIET  energy=    4884 frames=  38321664 flags=0x04 lost=0
2026-09-04T18:13:02.124+00:00 seq=18622 state=QUIET  energy=    5658 frames=  38321920 flags=0x04 lost=0
2026-09-04T18:13:02.124+00:00 seq=18623 state=QUIET  energy=    5611 frames=  38322176 flags=0x04 lost=0
2026-09-04T18:13:02.124+00:00 seq=18624 state=QUIET  energy=    5577 frames=  38322432 flags=0x04 lost=0
2026-09-04T18:13:02.125+00:00 seq=18625 state=QUIET  energy=    6969 frames=  38322688 flags=0x04 lost=0
2026-09-04T18:13:02.125+00:00 seq=18626 state=QUIET  energy=    8655 frames=  38322944 flags=0x04 lost=0
2026-09-04T18:13:02.125+00:00 seq=18627 state=QUIET  energy=    6695 frames=  38323200 flags=0x04 lost=0
2026-09-04T18:13:02.125+00:00 seq=18628 state=QUIET  energy=    6832 frames=  38323456 flags=0x04 lost=0
2026-09-04T18:13:02.125+00:00 seq=18629 state=QUIET  energy=    9689 frames=  38323712 flags=0x04 lost=0
2026-09-04T18:13:02.125+00:00 seq=18630 state=QUIET  energy=   10424 frames=  38323968 flags=0x04 lost=0
2026-09-04T18:13:02.125+00:00 seq=18631 state=QUIET  energy=   11095 frames=  38324224 flags=0x04 lost=0
2026-09-04T18:13:02.125+00:00 seq=18632 state=QUIET  energy=    9356 frames=  38324480 flags=0x04 lost=0
2026-09-04T18:13:02.126+00:00 seq=18633 state=QUIET  energy=   10252 frames=  38324736 flags=0x04 lost=0
2026-09-04T18:13:02.221+00:00 seq=18634 state=QUIET  energy=    8994 frames=  38324992 flags=0x04 lost=0
2026-09-04T18:13:02.221+00:00 seq=18635 state=QUIET  energy=   10039 frames=  38325248 flags=0x04 lost=0
2026-09-04T18:13:02.221+00:00 seq=18636 state=QUIET  energy=    8715 frames=  38325504 flags=0x04 lost=0
2026-09-04T18:13:02.221+00:00 seq=18637 state=QUIET  energy=    7216 frames=  38325760 flags=0x04 lost=0
2026-09-04T18:13:02.221+00:00 seq=18638 state=QUIET  energy=    7560 frames=  38326016 flags=0x04 lost=0
2026-09-04T18:13:02.221+00:00 seq=18639 state=QUIET  energy=    8419 frames=  38326272 flags=0x04 lost=0
2026-09-04T18:13:02.222+00:00 seq=18640 state=QUIET  energy=    8154 frames=  38326528 flags=0x04 lost=0
2026-09-04T18:13:02.222+00:00 seq=18641 state=QUIET  energy=    6699 frames=  38326784 flags=0x04 lost=0
2026-09-04T18:13:02.222+00:00 seq=18642 state=QUIET  energy=    5238 frames=  38327040 flags=0x04 lost=0
2026-09-04T18:13:02.222+00:00 seq=18643 state=QUIET  energy=    5673 frames=  38327296 flags=0x04 lost=0
2026-09-04T18:13:02.222+00:00 seq=18644 state=QUIET  energy=    4672 frames=  38327552 flags=0x04 lost=0
2026-09-04T18:13:02.222+00:00 seq=18645 state=QUIET  energy=    4966 frames=  38327808 flags=0x04 lost=0
2026-09-04T18:13:02.222+00:00 seq=18646 state=QUIET  energy=    5183 frames=  38328064 flags=0x04 lost=0
2026-09-04T18:13:02.222+00:00 seq=18647 state=QUIET  energy=    4247 frames=  38328320 flags=0x04 lost=0
2026-09-04T18:13:02.223+00:00 seq=18648 state=QUIET  energy=    5655 frames=  38328576 flags=0x04 lost=0
2026-09-04T18:13:02.223+00:00 seq=18649 state=QUIET  energy=    5426 frames=  38328832 flags=0x04 lost=0
2026-09-04T18:13:02.318+00:00 seq=18650 state=QUIET  energy=    4864 frames=  38329088 flags=0x04 lost=0
2026-09-04T18:13:02.318+00:00 seq=18651 state=QUIET  energy=    5385 frames=  38329344 flags=0x04 lost=0
2026-09-04T18:13:02.318+00:00 seq=18652 state=QUIET  energy=    4908 frames=  38329600 flags=0x04 lost=0
2026-09-04T18:13:02.318+00:00 seq=18653 state=QUIET  energy=    5047 frames=  38329856 flags=0x04 lost=0
2026-09-04T18:13:02.318+00:00 seq=18654 state=QUIET  energy=    4466 frames=  38330112 flags=0x04 lost=0
2026-09-04T18:13:02.319+00:00 seq=18655 state=QUIET  energy=    4972 frames=  38330368 flags=0x04 lost=0
2026-09-04T18:13:02.319+00:00 seq=18656 state=QUIET  energy=    4824 frames=  38330624 flags=0x04 lost=0
2026-09-04T18:13:02.319+00:00 seq=18657 state=QUIET  energy=    5040 frames=  38330880 flags=0x04 lost=0
2026-09-04T18:13:02.319+00:00 seq=18658 state=QUIET  energy=    5091 frames=  38331136 flags=0x04 lost=0
2026-09-04T18:13:02.319+00:00 seq=18659 state=QUIET  energy=    5301 frames=  38331392 flags=0x04 lost=0
2026-09-04T18:13:02.319+00:00 seq=18660 state=QUIET  energy=    5111 frames=  38331648 flags=0x04 lost=0
2026-09-04T18:13:02.319+00:00 seq=18661 state=QUIET  energy=    6205 frames=  38331904 flags=0x04 lost=0
2026-09-04T18:13:02.319+00:00 seq=18662 state=QUIET  energy=    2329 frames=  38332160 flags=0x04 lost=0
2026-09-04T18:13:02.320+00:00 seq=18663 state=QUIET  energy=    2055 frames=  38332416 flags=0x04 lost=0
2026-09-04T18:13:02.320+00:00 seq=18664 state=QUIET  energy=    4781 frames=  38332672 flags=0x04 lost=0
2026-09-04T18:13:02.320+00:00 seq=18665 state=QUIET  energy=    5479 frames=  38332928 flags=0x04 lost=0
2026-09-04T18:13:02.415+00:00 seq=18666 state=QUIET  energy=    8786 frames=  38333184 flags=0x04 lost=0
2026-09-04T18:13:02.415+00:00 seq=18667 state=QUIET  energy=    8405 frames=  38333440 flags=0x04 lost=0
2026-09-04T18:13:02.415+00:00 seq=18668 state=QUIET  energy=    5411 frames=  38333696 flags=0x04 lost=0
2026-09-04T18:13:02.415+00:00 seq=18669 state=QUIET  energy=    4731 frames=  38333952 flags=0x04 lost=0
2026-09-04T18:13:02.416+00:00 seq=18670 state=QUIET  energy=    4370 frames=  38334208 flags=0x04 lost=0
2026-09-04T18:13:02.416+00:00 seq=18671 state=QUIET  energy=    3350 frames=  38334464 flags=0x04 lost=0
2026-09-04T18:13:02.416+00:00 seq=18672 state=QUIET  energy=    3582 frames=  38334720 flags=0x04 lost=0
2026-09-04T18:13:02.416+00:00 seq=18673 state=QUIET  energy=    1759 frames=  38334976 flags=0x04 lost=0
2026-09-04T18:13:02.416+00:00 seq=18674 state=QUIET  energy=    1727 frames=  38335232 flags=0x04 lost=0
2026-09-04T18:13:02.416+00:00 seq=18675 state=QUIET  energy=    6615 frames=  38335488 flags=0x04 lost=0
2026-09-04T18:13:02.416+00:00 seq=18676 state=QUIET  energy=    7503 frames=  38335744 flags=0x04 lost=0
2026-09-04T18:13:02.416+00:00 seq=18677 state=QUIET  energy=    7462 frames=  38336000 flags=0x04 lost=0
2026-09-04T18:13:02.417+00:00 seq=18678 state=QUIET  energy=    7723 frames=  38336256 flags=0x04 lost=0
2026-09-04T18:13:02.417+00:00 seq=18679 state=QUIET  energy=    8613 frames=  38336512 flags=0x04 lost=0
2026-09-04T18:13:02.417+00:00 seq=18680 state=QUIET  energy=    9365 frames=  38336768 flags=0x04 lost=0
2026-09-04T18:13:02.417+00:00 seq=18681 state=QUIET  energy=   10931 frames=  38337024 flags=0x04 lost=0
2026-09-04T18:13:02.512+00:00 seq=18682 state=QUIET  energy=   13755 frames=  38337280 flags=0x04 lost=0
2026-09-04T18:13:02.512+00:00 seq=18683 state=QUIET  energy=   15046 frames=  38337536 flags=0x04 lost=0
2026-09-04T18:13:02.512+00:00 seq=18684 state=QUIET  energy=   21751 frames=  38337792 flags=0x04 lost=0
2026-09-04T18:13:02.513+00:00 seq=18685 state=QUIET  energy=   27878 frames=  38338048 flags=0x04 lost=0
2026-09-04T18:13:02.513+00:00 seq=18686 state=QUIET  energy=   27425 frames=  38338304 flags=0x04 lost=0
2026-09-04T18:13:02.513+00:00 seq=18687 state=QUIET  energy=   25499 frames=  38338560 flags=0x04 lost=0
2026-09-04T18:13:02.513+00:00 seq=18688 state=QUIET  energy=   24781 frames=  38338816 flags=0x04 lost=0
2026-09-04T18:13:02.513+00:00 seq=18689 state=QUIET  energy=   25165 frames=  38339072 flags=0x04 lost=0
2026-09-04T18:13:02.513+00:00 seq=18690 state=QUIET  energy=   26787 frames=  38339328 flags=0x04 lost=0
2026-09-04T18:13:02.513+00:00 seq=18691 state=QUIET  energy=   25719 frames=  38339584 flags=0x04 lost=0
2026-09-04T18:13:02.513+00:00 seq=18692 state=QUIET  energy=   23882 frames=  38339840 flags=0x04 lost=0
2026-09-04T18:13:02.513+00:00 seq=18693 state=QUIET  energy=   21987 frames=  38340096 flags=0x04 lost=0
2026-09-04T18:13:02.514+00:00 seq=18694 state=QUIET  energy=   20694 frames=  38340352 flags=0x04 lost=0
2026-09-04T18:13:02.514+00:00 seq=18695 state=QUIET  energy=   19921 frames=  38340608 flags=0x04 lost=0
2026-09-04T18:13:02.514+00:00 seq=18696 state=QUIET  energy=   19672 frames=  38340864 flags=0x04 lost=0
2026-09-04T18:13:02.514+00:00 seq=18697 state=QUIET  energy=   22891 frames=  38341120 flags=0x04 lost=0
2026-09-04T18:13:02.609+00:00 seq=18698 state=QUIET  energy=   23629 frames=  38341376 flags=0x04 lost=0
2026-09-04T18:13:02.609+00:00 seq=18699 state=QUIET  energy=   22921 frames=  38341632 flags=0x04 lost=0
2026-09-04T18:13:02.609+00:00 seq=18700 state=QUIET  energy=   22177 frames=  38341888 flags=0x04 lost=0
2026-09-04T18:13:02.610+00:00 seq=18701 state=QUIET  energy=   18772 frames=  38342144 flags=0x04 lost=0
2026-09-04T18:13:02.610+00:00 seq=18702 state=QUIET  energy=   18935 frames=  38342400 flags=0x04 lost=0
2026-09-04T18:13:02.610+00:00 seq=18703 state=QUIET  energy=   16616 frames=  38342656 flags=0x04 lost=0
2026-09-04T18:13:02.610+00:00 seq=18704 state=QUIET  energy=   17933 frames=  38342912 flags=0x04 lost=0
2026-09-04T18:13:02.610+00:00 seq=18705 state=ACTIVE energy=   16606 frames=  38343168 flags=0x04 lost=0
2026-09-04T18:13:02.610+00:00 seq=18706 state=ACTIVE energy=   12515 frames=  38343424 flags=0x04 lost=0
2026-09-04T18:13:02.610+00:00 seq=18707 state=ACTIVE energy=   12710 frames=  38343680 flags=0x04 lost=0
2026-09-04T18:13:02.610+00:00 seq=18708 state=ACTIVE energy=   11418 frames=  38343936 flags=0x04 lost=0
2026-09-04T18:13:02.611+00:00 seq=18709 state=ACTIVE energy=    9893 frames=  38344192 flags=0x04 lost=0
2026-09-04T18:13:02.611+00:00 seq=18710 state=ACTIVE energy=   10415 frames=  38344448 flags=0x04 lost=0
2026-09-04T18:13:02.611+00:00 seq=18711 state=ACTIVE energy=    8137 frames=  38344704 flags=0x04 lost=0
2026-09-04T18:13:02.611+00:00 seq=18712 state=ACTIVE energy=    6510 frames=  38344960 flags=0x04 lost=0
2026-09-04T18:13:02.611+00:00 seq=18713 state=ACTIVE energy=    4821 frames=  38345216 flags=0x04 lost=0
2026-09-04T18:13:02.706+00:00 seq=18714 state=ACTIVE energy=    6086 frames=  38345472 flags=0x04 lost=0
2026-09-04T18:13:02.706+00:00 seq=18715 state=ACTIVE energy=    7615 frames=  38345728 flags=0x04 lost=0
2026-09-04T18:13:02.707+00:00 seq=18716 state=ACTIVE energy=    8352 frames=  38345984 flags=0x04 lost=0
2026-09-04T18:13:02.707+00:00 seq=18717 state=ACTIVE energy=   10091 frames=  38346240 flags=0x04 lost=0
2026-09-04T18:13:02.707+00:00 seq=18718 state=ACTIVE energy=   10933 frames=  38346496 flags=0x04 lost=0
2026-09-04T18:13:02.707+00:00 seq=18719 state=ACTIVE energy=   16071 frames=  38346752 flags=0x04 lost=0
2026-09-04T18:13:02.707+00:00 seq=18720 state=ACTIVE energy=   22948 frames=  38347008 flags=0x04 lost=0
2026-09-04T18:13:02.707+00:00 seq=18721 state=ACTIVE energy=   27685 frames=  38347264 flags=0x04 lost=0
2026-09-04T18:13:02.707+00:00 seq=18722 state=ACTIVE energy=   33436 frames=  38347520 flags=0x04 lost=0
2026-09-04T18:13:02.707+00:00 seq=18723 state=ACTIVE energy=   36179 frames=  38347776 flags=0x04 lost=0
2026-09-04T18:13:02.708+00:00 seq=18724 state=ACTIVE energy=   40382 frames=  38348032 flags=0x04 lost=0
2026-09-04T18:13:02.708+00:00 seq=18725 state=ACTIVE energy=   44674 frames=  38348288 flags=0x04 lost=0
2026-09-04T18:13:02.708+00:00 seq=18726 state=ACTIVE energy=   46725 frames=  38348544 flags=0x04 lost=0
2026-09-04T18:13:02.708+00:00 seq=18727 state=ACTIVE energy=   46535 frames=  38348800 flags=0x04 lost=0
2026-09-04T18:13:02.708+00:00 seq=18728 state=ACTIVE energy=   46282 frames=  38349056 flags=0x04 lost=0
2026-09-04T18:13:02.708+00:00 seq=18729 state=ACTIVE energy=   44487 frames=  38349312 flags=0x04 lost=0
2026-09-04T18:13:02.803+00:00 seq=18730 state=ACTIVE energy=   40919 frames=  38349568 flags=0x04 lost=0
2026-09-04T18:13:02.804+00:00 seq=18731 state=ACTIVE energy=   37082 frames=  38349824 flags=0x04 lost=0
2026-09-04T18:13:02.804+00:00 seq=18732 state=ACTIVE energy=   31402 frames=  38350080 flags=0x04 lost=0
2026-09-04T18:13:02.804+00:00 seq=18733 state=ACTIVE energy=   25608 frames=  38350336 flags=0x04 lost=0
2026-09-04T18:13:02.804+00:00 seq=18734 state=ACTIVE energy=   20806 frames=  38350592 flags=0x04 lost=0
2026-09-04T18:13:02.804+00:00 seq=18735 state=ACTIVE energy=   15814 frames=  38350848 flags=0x04 lost=0
2026-09-04T18:13:02.804+00:00 seq=18736 state=ACTIVE energy=   12369 frames=  38351104 flags=0x04 lost=0
2026-09-04T18:13:02.804+00:00 seq=18737 state=ACTIVE energy=   10380 frames=  38351360 flags=0x04 lost=0
2026-09-04T18:13:02.804+00:00 seq=18738 state=ACTIVE energy=    8396 frames=  38351616 flags=0x04 lost=0
2026-09-04T18:13:02.805+00:00 seq=18739 state=ACTIVE energy=    2859 frames=  38351872 flags=0x04 lost=0
2026-09-04T18:13:02.805+00:00 seq=18740 state=ACTIVE energy=    7859 frames=  38352128 flags=0x04 lost=0
2026-09-04T18:13:02.805+00:00 seq=18741 state=ACTIVE energy=   13539 frames=  38352384 flags=0x04 lost=0
2026-09-04T18:13:02.805+00:00 seq=18742 state=ACTIVE energy=   12500 frames=  38352640 flags=0x04 lost=0
2026-09-04T18:13:02.805+00:00 seq=18743 state=ACTIVE energy=   11114 frames=  38352896 flags=0x04 lost=0
2026-09-04T18:13:02.805+00:00 seq=18744 state=ACTIVE energy=   14613 frames=  38353152 flags=0x04 lost=0
2026-09-04T18:13:02.805+00:00 seq=18745 state=ACTIVE energy=   13401 frames=  38353408 flags=0x04 lost=0
2026-09-04T18:13:02.900+00:00 seq=18746 state=ACTIVE energy=   14351 frames=  38353664 flags=0x04 lost=0
2026-09-04T18:13:02.901+00:00 seq=18747 state=ACTIVE energy=   16331 frames=  38353920 flags=0x04 lost=0
2026-09-04T18:13:02.901+00:00 seq=18748 state=ACTIVE energy=   15439 frames=  38354176 flags=0x04 lost=0
2026-09-04T18:13:02.901+00:00 seq=18749 state=ACTIVE energy=   14859 frames=  38354432 flags=0x04 lost=0
2026-09-04T18:13:02.901+00:00 seq=18750 state=ACTIVE energy=   14170 frames=  38354688 flags=0x04 lost=0
2026-09-04T18:13:02.901+00:00 seq=18751 state=ACTIVE energy=    9121 frames=  38354944 flags=0x04 lost=0
2026-09-04T18:13:02.901+00:00 seq=18752 state=ACTIVE energy=    8845 frames=  38355200 flags=0x04 lost=0
2026-09-04T18:13:02.901+00:00 seq=18753 state=ACTIVE energy=   10566 frames=  38355456 flags=0x04 lost=0
2026-09-04T18:13:02.901+00:00 seq=18754 state=ACTIVE energy=   10666 frames=  38355712 flags=0x04 lost=0
2026-09-04T18:13:02.902+00:00 seq=18755 state=ACTIVE energy=   10538 frames=  38355968 flags=0x04 lost=0
2026-09-04T18:13:02.902+00:00 seq=18756 state=ACTIVE energy=   10298 frames=  38356224 flags=0x04 lost=0
2026-09-04T18:13:02.902+00:00 seq=18757 state=ACTIVE energy=   10811 frames=  38356480 flags=0x04 lost=0
2026-09-04T18:13:02.902+00:00 seq=18758 state=ACTIVE energy=   12822 frames=  38356736 flags=0x04 lost=0
2026-09-04T18:13:02.902+00:00 seq=18759 state=ACTIVE energy=   16937 frames=  38356992 flags=0x04 lost=0
2026-09-04T18:13:02.902+00:00 seq=18760 state=ACTIVE energy=   19852 frames=  38357248 flags=0x04 lost=0
2026-09-04T18:13:02.902+00:00 seq=18761 state=ACTIVE energy=   20656 frames=  38357504 flags=0x04 lost=0
2026-09-04T18:13:02.997+00:00 seq=18762 state=ACTIVE energy=   21597 frames=  38357760 flags=0x04 lost=0
2026-09-04T18:13:02.998+00:00 seq=18763 state=ACTIVE energy=   24014 frames=  38358016 flags=0x04 lost=0
2026-09-04T18:13:02.998+00:00 seq=18764 state=ACTIVE energy=   26189 frames=  38358272 flags=0x04 lost=0
2026-09-04T18:13:02.998+00:00 seq=18765 state=ACTIVE energy=   25588 frames=  38358528 flags=0x04 lost=0
2026-09-04T18:13:02.998+00:00 seq=18766 state=ACTIVE energy=   23253 frames=  38358784 flags=0x04 lost=0
2026-09-04T18:13:02.998+00:00 seq=18767 state=ACTIVE energy=   21453 frames=  38359040 flags=0x04 lost=0
2026-09-04T18:13:02.998+00:00 seq=18768 state=ACTIVE energy=   20581 frames=  38359296 flags=0x04 lost=0
2026-09-04T18:13:02.998+00:00 seq=18769 state=ACTIVE energy=   20389 frames=  38359552 flags=0x04 lost=0
2026-09-04T18:13:02.999+00:00 seq=18770 state=ACTIVE energy=   18501 frames=  38359808 flags=0x04 lost=0
2026-09-04T18:13:02.999+00:00 seq=18771 state=ACTIVE energy=   17202 frames=  38360064 flags=0x04 lost=0
2026-09-04T18:13:02.999+00:00 seq=18772 state=ACTIVE energy=   16836 frames=  38360320 flags=0x04 lost=0
2026-09-04T18:13:02.999+00:00 seq=18773 state=ACTIVE energy=   16909 frames=  38360576 flags=0x04 lost=0
2026-09-04T18:13:02.999+00:00 seq=18774 state=ACTIVE energy=   15497 frames=  38360832 flags=0x04 lost=0
2026-09-04T18:13:02.999+00:00 seq=18775 state=ACTIVE energy=   12424 frames=  38361088 flags=0x04 lost=0
2026-09-04T18:13:02.999+00:00 seq=18776 state=ACTIVE energy=    9933 frames=  38361344 flags=0x04 lost=0
2026-09-04T18:13:02.999+00:00 seq=18777 state=ACTIVE energy=    9457 frames=  38361600 flags=0x04 lost=0
2026-09-04T18:13:03.095+00:00 seq=18778 state=ACTIVE energy=    6988 frames=  38361856 flags=0x04 lost=0
2026-09-04T18:13:03.095+00:00 seq=18779 state=ACTIVE energy=    3431 frames=  38362112 flags=0x04 lost=0
2026-09-04T18:13:03.095+00:00 seq=18780 state=ACTIVE energy=    2028 frames=  38362368 flags=0x04 lost=0
2026-09-04T18:13:03.095+00:00 seq=18781 state=ACTIVE energy=    3143 frames=  38362624 flags=0x04 lost=0
2026-09-04T18:13:03.095+00:00 seq=18782 state=ACTIVE energy=    6143 frames=  38362880 flags=0x04 lost=0
2026-09-04T18:13:03.095+00:00 seq=18783 state=ACTIVE energy=    9040 frames=  38363136 flags=0x04 lost=0
2026-09-04T18:13:03.095+00:00 seq=18784 state=ACTIVE energy=   13258 frames=  38363392 flags=0x04 lost=0
2026-09-04T18:13:03.096+00:00 seq=18785 state=ACTIVE energy=   16138 frames=  38363648 flags=0x04 lost=0
2026-09-04T18:13:03.096+00:00 seq=18786 state=ACTIVE energy=   16045 frames=  38363904 flags=0x04 lost=0
2026-09-04T18:13:03.096+00:00 seq=18787 state=ACTIVE energy=   16541 frames=  38364160 flags=0x04 lost=0
2026-09-04T18:13:03.096+00:00 seq=18788 state=ACTIVE energy=   15361 frames=  38364416 flags=0x04 lost=0
2026-09-04T18:13:03.096+00:00 seq=18789 state=ACTIVE energy=   14784 frames=  38364672 flags=0x04 lost=0
2026-09-04T18:13:03.096+00:00 seq=18790 state=ACTIVE energy=   13905 frames=  38364928 flags=0x04 lost=0
2026-09-04T18:13:03.096+00:00 seq=18791 state=ACTIVE energy=   12150 frames=  38365184 flags=0x04 lost=0
2026-09-04T18:13:03.096+00:00 seq=18792 state=ACTIVE energy=   10160 frames=  38365440 flags=0x04 lost=0
2026-09-04T18:13:03.096+00:00 seq=18793 state=ACTIVE energy=    8799 frames=  38365696 flags=0x04 lost=0
2026-09-04T18:13:03.192+00:00 seq=18794 state=ACTIVE energy=    7343 frames=  38365952 flags=0x04 lost=0
2026-09-04T18:13:03.192+00:00 seq=18795 state=ACTIVE energy=    6102 frames=  38366208 flags=0x04 lost=0
2026-09-04T18:13:03.192+00:00 seq=18796 state=ACTIVE energy=    5393 frames=  38366464 flags=0x04 lost=0
2026-09-04T18:13:03.192+00:00 seq=18797 state=ACTIVE energy=    8029 frames=  38366720 flags=0x04 lost=0
2026-09-04T18:13:03.192+00:00 seq=18798 state=ACTIVE energy=    6828 frames=  38366976 flags=0x04 lost=0
2026-09-04T18:13:03.192+00:00 seq=18799 state=ACTIVE energy=    6357 frames=  38367232 flags=0x04 lost=0
2026-09-04T18:13:03.192+00:00 seq=18800 state=ACTIVE energy=    8653 frames=  38367488 flags=0x04 lost=0
2026-09-04T18:13:03.193+00:00 seq=18801 state=ACTIVE energy=   11970 frames=  38367744 flags=0x04 lost=0
2026-09-04T18:13:03.193+00:00 seq=18802 state=ACTIVE energy=    6910 frames=  38368000 flags=0x04 lost=0
2026-09-04T18:13:03.193+00:00 seq=18803 state=ACTIVE energy=    9524 frames=  38368256 flags=0x04 lost=0
2026-09-04T18:13:03.193+00:00 seq=18804 state=ACTIVE energy=   39058 frames=  38368512 flags=0x04 lost=0
2026-09-04T18:13:03.193+00:00 seq=18805 state=ACTIVE energy=   76002 frames=  38368768 flags=0x04 lost=0
2026-09-04T18:13:03.193+00:00 seq=18806 state=ACTIVE energy=  108664 frames=  38369024 flags=0x04 lost=0
2026-09-04T18:13:03.193+00:00 seq=18807 state=ACTIVE energy=  134150 frames=  38369280 flags=0x04 lost=0
2026-09-04T18:13:03.193+00:00 seq=18808 state=ACTIVE energy=  150898 frames=  38369536 flags=0x04 lost=0
2026-09-04T18:13:03.194+00:00 seq=18809 state=ACTIVE energy=  158071 frames=  38369792 flags=0x04 lost=0
2026-09-04T18:13:03.289+00:00 seq=18810 state=ACTIVE energy=  154192 frames=  38370048 flags=0x04 lost=0
2026-09-04T18:13:03.289+00:00 seq=18811 state=ACTIVE energy=  144803 frames=  38370304 flags=0x04 lost=0
2026-09-04T18:13:03.289+00:00 seq=18812 state=ACTIVE energy=  130855 frames=  38370560 flags=0x04 lost=0
2026-09-04T18:13:03.289+00:00 seq=18813 state=ACTIVE energy=  115814 frames=  38370816 flags=0x04 lost=0
2026-09-04T18:13:03.289+00:00 seq=18814 state=ACTIVE energy=  103404 frames=  38371072 flags=0x04 lost=0
2026-09-04T18:13:03.289+00:00 seq=18815 state=ACTIVE energy=   92212 frames=  38371328 flags=0x04 lost=0
2026-09-04T18:13:03.290+00:00 seq=18816 state=ACTIVE energy=   82888 frames=  38371584 flags=0x04 lost=0
2026-09-04T18:13:03.290+00:00 seq=18817 state=ACTIVE energy=   74198 frames=  38371840 flags=0x04 lost=0
2026-09-04T18:13:03.290+00:00 seq=18818 state=ACTIVE energy=   64305 frames=  38372096 flags=0x04 lost=0
2026-09-04T18:13:03.290+00:00 seq=18819 state=ACTIVE energy=   42449 frames=  38372352 flags=0x04 lost=0
2026-09-04T18:13:03.290+00:00 seq=18820 state=ACTIVE energy=   16394 frames=  38372608 flags=0x04 lost=0
2026-09-04T18:13:03.290+00:00 seq=18821 state=ACTIVE energy=    8595 frames=  38372864 flags=0x04 lost=0
2026-09-04T18:13:03.290+00:00 seq=18822 state=ACTIVE energy=   36977 frames=  38373120 flags=0x04 lost=0
2026-09-04T18:13:03.290+00:00 seq=18823 state=ACTIVE energy=   57230 frames=  38373376 flags=0x04 lost=0
2026-09-04T18:13:03.290+00:00 seq=18824 state=ACTIVE energy=   53418 frames=  38373632 flags=0x04 lost=0
2026-09-04T18:13:03.291+00:00 seq=18825 state=ACTIVE energy=   47003 frames=  38373888 flags=0x04 lost=0
2026-09-04T18:13:03.386+00:00 seq=18826 state=ACTIVE energy=   37011 frames=  38374144 flags=0x04 lost=0
2026-09-04T18:13:03.386+00:00 seq=18827 state=ACTIVE energy=   29331 frames=  38374400 flags=0x04 lost=0
2026-09-04T18:13:03.386+00:00 seq=18828 state=ACTIVE energy=   28366 frames=  38374656 flags=0x04 lost=0
2026-09-04T18:13:03.386+00:00 seq=18829 state=ACTIVE energy=   29547 frames=  38374912 flags=0x04 lost=0
2026-09-04T18:13:03.386+00:00 seq=18830 state=ACTIVE energy=   29440 frames=  38375168 flags=0x04 lost=0
2026-09-04T18:13:03.387+00:00 seq=18831 state=ACTIVE energy=   30577 frames=  38375424 flags=0x04 lost=0
2026-09-04T18:13:03.387+00:00 seq=18832 state=ACTIVE energy=   30587 frames=  38375680 flags=0x04 lost=0
2026-09-04T18:13:03.387+00:00 seq=18833 state=ACTIVE energy=   29504 frames=  38375936 flags=0x04 lost=0
2026-09-04T18:13:03.387+00:00 seq=18834 state=ACTIVE energy=   32280 frames=  38376192 flags=0x04 lost=0
2026-09-04T18:13:03.387+00:00 seq=18835 state=ACTIVE energy=   35741 frames=  38376448 flags=0x04 lost=0
2026-09-04T18:13:03.387+00:00 seq=18836 state=ACTIVE energy=   37376 frames=  38376704 flags=0x04 lost=0
2026-09-04T18:13:03.387+00:00 seq=18837 state=ACTIVE energy=   43465 frames=  38376960 flags=0x04 lost=0
2026-09-04T18:13:03.387+00:00 seq=18838 state=ACTIVE energy=   51002 frames=  38377216 flags=0x04 lost=0
2026-09-04T18:13:03.387+00:00 seq=18839 state=ACTIVE energy=   57444 frames=  38377472 flags=0x04 lost=0
2026-09-04T18:13:03.388+00:00 seq=18840 state=ACTIVE energy=   58508 frames=  38377728 flags=0x04 lost=0
2026-09-04T18:13:03.388+00:00 seq=18841 state=ACTIVE energy=   62013 frames=  38377984 flags=0x04 lost=0
2026-09-04T18:13:03.483+00:00 seq=18842 state=ACTIVE energy=   64308 frames=  38378240 flags=0x04 lost=0
2026-09-04T18:13:03.483+00:00 seq=18843 state=ACTIVE energy=   62367 frames=  38378496 flags=0x04 lost=0
2026-09-04T18:13:03.483+00:00 seq=18844 state=ACTIVE energy=   63494 frames=  38378752 flags=0x04 lost=0
2026-09-04T18:13:03.483+00:00 seq=18845 state=ACTIVE energy=   64847 frames=  38379008 flags=0x04 lost=0
2026-09-04T18:13:03.483+00:00 seq=18846 state=ACTIVE energy=   63585 frames=  38379264 flags=0x04 lost=0
2026-09-04T18:13:03.484+00:00 seq=18847 state=ACTIVE energy=   61429 frames=  38379520 flags=0x04 lost=0
2026-09-04T18:13:03.484+00:00 seq=18848 state=ACTIVE energy=   60053 frames=  38379776 flags=0x04 lost=0
2026-09-04T18:13:03.484+00:00 seq=18849 state=ACTIVE energy=   57452 frames=  38380032 flags=0x04 lost=0
2026-09-04T18:13:03.484+00:00 seq=18850 state=ACTIVE energy=   55132 frames=  38380288 flags=0x04 lost=0
2026-09-04T18:13:03.484+00:00 seq=18851 state=ACTIVE energy=   45239 frames=  38380544 flags=0x04 lost=0
2026-09-04T18:13:03.484+00:00 seq=18852 state=ACTIVE energy=   32399 frames=  38380800 flags=0x04 lost=0
2026-09-04T18:13:03.484+00:00 seq=18853 state=ACTIVE energy=   21775 frames=  38381056 flags=0x04 lost=0
2026-09-04T18:13:03.484+00:00 seq=18854 state=ACTIVE energy=    9737 frames=  38381312 flags=0x04 lost=0
2026-09-04T18:13:03.485+00:00 seq=18855 state=ACTIVE energy=    3446 frames=  38381568 flags=0x04 lost=0
2026-09-04T18:13:03.485+00:00 seq=18856 state=ACTIVE energy=   15168 frames=  38381824 flags=0x04 lost=0
2026-09-04T18:13:03.485+00:00 seq=18857 state=ACTIVE energy=   32167 frames=  38382080 flags=0x04 lost=0
2026-09-04T18:13:03.580+00:00 seq=18858 state=ACTIVE energy=   52245 frames=  38382336 flags=0x04 lost=0
2026-09-04T18:13:03.580+00:00 seq=18859 state=ACTIVE energy=   79226 frames=  38382592 flags=0x04 lost=0
2026-09-04T18:13:03.580+00:00 seq=18860 state=ACTIVE energy=   99930 frames=  38382848 flags=0x04 lost=0
2026-09-04T18:13:03.580+00:00 seq=18861 state=ACTIVE energy=  104194 frames=  38383104 flags=0x04 lost=0
2026-09-04T18:13:03.581+00:00 seq=18862 state=ACTIVE energy=   94338 frames=  38383360 flags=0x04 lost=0
2026-09-04T18:13:03.581+00:00 seq=18863 state=ACTIVE energy=   75557 frames=  38383616 flags=0x04 lost=0
2026-09-04T18:13:03.581+00:00 seq=18864 state=ACTIVE energy=   56752 frames=  38383872 flags=0x04 lost=0
2026-09-04T18:13:03.581+00:00 seq=18865 state=ACTIVE energy=   37171 frames=  38384128 flags=0x04 lost=0
2026-09-04T18:13:03.581+00:00 seq=18866 state=ACTIVE energy=   17511 frames=  38384384 flags=0x04 lost=0
2026-09-04T18:13:03.581+00:00 seq=18867 state=ACTIVE energy=    7594 frames=  38384640 flags=0x04 lost=0
2026-09-04T18:13:03.581+00:00 seq=18868 state=ACTIVE energy=    4881 frames=  38384896 flags=0x04 lost=0
2026-09-04T18:13:03.581+00:00 seq=18869 state=ACTIVE energy=   14588 frames=  38385152 flags=0x04 lost=0
2026-09-04T18:13:03.582+00:00 seq=18870 state=ACTIVE energy=   16854 frames=  38385408 flags=0x04 lost=0
2026-09-04T18:13:03.582+00:00 seq=18871 state=ACTIVE energy=   19779 frames=  38385664 flags=0x04 lost=0
2026-09-04T18:13:03.582+00:00 seq=18872 state=ACTIVE energy=   25070 frames=  38385920 flags=0x04 lost=0
2026-09-04T18:13:03.582+00:00 seq=18873 state=ACTIVE energy=   28250 frames=  38386176 flags=0x04 lost=0
2026-09-04T18:13:03.677+00:00 seq=18874 state=ACTIVE energy=   32687 frames=  38386432 flags=0x04 lost=0
2026-09-04T18:13:03.677+00:00 seq=18875 state=ACTIVE energy=   38172 frames=  38386688 flags=0x04 lost=0
2026-09-04T18:13:03.677+00:00 seq=18876 state=ACTIVE energy=   39027 frames=  38386944 flags=0x04 lost=0
2026-09-04T18:13:03.678+00:00 seq=18877 state=ACTIVE energy=   37872 frames=  38387200 flags=0x04 lost=0
2026-09-04T18:13:03.678+00:00 seq=18878 state=ACTIVE energy=   38123 frames=  38387456 flags=0x04 lost=0
2026-09-04T18:13:03.678+00:00 seq=18879 state=ACTIVE energy=   41167 frames=  38387712 flags=0x04 lost=0
2026-09-04T18:13:03.678+00:00 seq=18880 state=ACTIVE energy=   44847 frames=  38387968 flags=0x04 lost=0
2026-09-04T18:13:03.678+00:00 seq=18881 state=ACTIVE energy=   45681 frames=  38388224 flags=0x04 lost=0
2026-09-04T18:13:03.678+00:00 seq=18882 state=ACTIVE energy=   46942 frames=  38388480 flags=0x04 lost=0
2026-09-04T18:13:03.678+00:00 seq=18883 state=ACTIVE energy=   45446 frames=  38388736 flags=0x04 lost=0
2026-09-04T18:13:03.678+00:00 seq=18884 state=ACTIVE energy=   41369 frames=  38388992 flags=0x04 lost=0
2026-09-04T18:13:03.679+00:00 seq=18885 state=ACTIVE energy=   39211 frames=  38389248 flags=0x04 lost=0
2026-09-04T18:13:03.679+00:00 seq=18886 state=ACTIVE energy=   36662 frames=  38389504 flags=0x04 lost=0
2026-09-04T18:13:03.679+00:00 seq=18887 state=ACTIVE energy=   36320 frames=  38389760 flags=0x04 lost=0
2026-09-04T18:13:03.679+00:00 seq=18888 state=ACTIVE energy=   34414 frames=  38390016 flags=0x04 lost=0
2026-09-04T18:13:03.679+00:00 seq=18889 state=ACTIVE energy=   32483 frames=  38390272 flags=0x04 lost=0
2026-09-04T18:13:03.774+00:00 seq=18890 state=ACTIVE energy=   29164 frames=  38390528 flags=0x04 lost=0
2026-09-04T18:13:03.774+00:00 seq=18891 state=ACTIVE energy=   24574 frames=  38390784 flags=0x04 lost=0
2026-09-04T18:13:03.775+00:00 seq=18892 state=ACTIVE energy=   14845 frames=  38391040 flags=0x04 lost=0
2026-09-04T18:13:03.775+00:00 seq=18893 state=ACTIVE energy=    5164 frames=  38391296 flags=0x04 lost=0
2026-09-04T18:13:03.775+00:00 seq=18894 state=ACTIVE energy=    7062 frames=  38391552 flags=0x04 lost=0
2026-09-04T18:13:03.775+00:00 seq=18895 state=ACTIVE energy=   15488 frames=  38391808 flags=0x04 lost=0
2026-09-04T18:13:03.775+00:00 seq=18896 state=ACTIVE energy=   21574 frames=  38392064 flags=0x04 lost=0
2026-09-04T18:13:03.775+00:00 seq=18897 state=ACTIVE energy=   23207 frames=  38392320 flags=0x04 lost=0
2026-09-04T18:13:03.775+00:00 seq=18898 state=ACTIVE energy=   26486 frames=  38392576 flags=0x04 lost=0
2026-09-04T18:13:03.775+00:00 seq=18899 state=ACTIVE energy=   27383 frames=  38392832 flags=0x04 lost=0
2026-09-04T18:13:03.776+00:00 seq=18900 state=ACTIVE energy=   21340 frames=  38393088 flags=0x04 lost=0
2026-09-04T18:13:03.776+00:00 seq=18901 state=ACTIVE energy=    5875 frames=  38393344 flags=0x04 lost=0
2026-09-04T18:13:03.776+00:00 seq=18902 state=ACTIVE energy=   10532 frames=  38393600 flags=0x04 lost=0
2026-09-04T18:13:03.776+00:00 seq=18903 state=ACTIVE energy=   29109 frames=  38393856 flags=0x04 lost=0
2026-09-04T18:13:03.776+00:00 seq=18904 state=ACTIVE energy=   40566 frames=  38394112 flags=0x04 lost=0
2026-09-04T18:13:03.776+00:00 seq=18905 state=ACTIVE energy=   48756 frames=  38394368 flags=0x04 lost=0
2026-09-04T18:13:03.871+00:00 seq=18906 state=ACTIVE energy=   54597 frames=  38394624 flags=0x04 lost=0
2026-09-04T18:13:03.871+00:00 seq=18907 state=ACTIVE energy=   56625 frames=  38394880 flags=0x04 lost=0
2026-09-04T18:13:03.872+00:00 seq=18908 state=ACTIVE energy=   51910 frames=  38395136 flags=0x04 lost=0
2026-09-04T18:13:03.872+00:00 seq=18909 state=ACTIVE energy=   44950 frames=  38395392 flags=0x04 lost=0
2026-09-04T18:13:03.872+00:00 seq=18910 state=ACTIVE energy=   33672 frames=  38395648 flags=0x04 lost=0
2026-09-04T18:13:03.872+00:00 seq=18911 state=ACTIVE energy=   25029 frames=  38395904 flags=0x04 lost=0
2026-09-04T18:13:03.872+00:00 seq=18912 state=ACTIVE energy=   13272 frames=  38396160 flags=0x04 lost=0
2026-09-04T18:13:03.872+00:00 seq=18913 state=ACTIVE energy=    3045 frames=  38396416 flags=0x04 lost=0
2026-09-04T18:13:03.872+00:00 seq=18914 state=ACTIVE energy=    7742 frames=  38396672 flags=0x04 lost=0
2026-09-04T18:13:03.872+00:00 seq=18915 state=ACTIVE energy=   12592 frames=  38396928 flags=0x04 lost=0
2026-09-04T18:13:03.873+00:00 seq=18916 state=ACTIVE energy=   17012 frames=  38397184 flags=0x04 lost=0
2026-09-04T18:13:03.873+00:00 seq=18917 state=ACTIVE energy=   16726 frames=  38397440 flags=0x04 lost=0
2026-09-04T18:13:03.873+00:00 seq=18918 state=ACTIVE energy=   16524 frames=  38397696 flags=0x04 lost=0
2026-09-04T18:13:03.873+00:00 seq=18919 state=ACTIVE energy=   14894 frames=  38397952 flags=0x04 lost=0
2026-09-04T18:13:03.873+00:00 seq=18920 state=ACTIVE energy=   13382 frames=  38398208 flags=0x04 lost=0
2026-09-04T18:13:03.873+00:00 seq=18921 state=ACTIVE energy=   11950 frames=  38398464 flags=0x04 lost=0
2026-09-04T18:13:03.968+00:00 seq=18922 state=ACTIVE energy=   10719 frames=  38398720 flags=0x04 lost=0
2026-09-04T18:13:03.969+00:00 seq=18923 state=ACTIVE energy=   10695 frames=  38398976 flags=0x04 lost=0
2026-09-04T18:13:03.969+00:00 seq=18924 state=ACTIVE energy=   10745 frames=  38399232 flags=0x04 lost=0
2026-09-04T18:13:03.969+00:00 seq=18925 state=ACTIVE energy=   10117 frames=  38399488 flags=0x04 lost=0
2026-09-04T18:13:03.969+00:00 seq=18926 state=ACTIVE energy=   11180 frames=  38399744 flags=0x04 lost=0
2026-09-04T18:13:03.969+00:00 seq=18927 state=ACTIVE energy=   15634 frames=  38400000 flags=0x04 lost=0
2026-09-04T18:13:03.969+00:00 seq=18928 state=ACTIVE energy=   19817 frames=  38400256 flags=0x04 lost=0
2026-09-04T18:13:03.969+00:00 seq=18929 state=ACTIVE energy=   22873 frames=  38400512 flags=0x04 lost=0
2026-09-04T18:13:03.969+00:00 seq=18930 state=ACTIVE energy=   26879 frames=  38400768 flags=0x04 lost=0
2026-09-04T18:13:03.970+00:00 seq=18931 state=ACTIVE energy=   33503 frames=  38401024 flags=0x04 lost=0
2026-09-04T18:13:03.970+00:00 seq=18932 state=ACTIVE energy=   40195 frames=  38401280 flags=0x04 lost=0
2026-09-04T18:13:03.970+00:00 seq=18933 state=ACTIVE energy=   41695 frames=  38401536 flags=0x04 lost=0
2026-09-04T18:13:03.970+00:00 seq=18934 state=ACTIVE energy=   41132 frames=  38401792 flags=0x04 lost=0
2026-09-04T18:13:03.970+00:00 seq=18935 state=ACTIVE energy=   38659 frames=  38402048 flags=0x04 lost=0
2026-09-04T18:13:03.970+00:00 seq=18936 state=ACTIVE energy=   36503 frames=  38402304 flags=0x04 lost=0
2026-09-04T18:13:03.970+00:00 seq=18937 state=ACTIVE energy=   32944 frames=  38402560 flags=0x04 lost=0
2026-09-04T18:13:04.065+00:00 seq=18938 state=ACTIVE energy=   29926 frames=  38402816 flags=0x04 lost=0
2026-09-04T18:13:04.066+00:00 seq=18939 state=ACTIVE energy=   26300 frames=  38403072 flags=0x04 lost=0
2026-09-04T18:13:04.066+00:00 seq=18940 state=ACTIVE energy=   21240 frames=  38403328 flags=0x04 lost=0
2026-09-04T18:13:04.066+00:00 seq=18941 state=ACTIVE energy=   17588 frames=  38403584 flags=0x04 lost=0
2026-09-04T18:13:04.066+00:00 seq=18942 state=ACTIVE energy=   14195 frames=  38403840 flags=0x04 lost=0
2026-09-04T18:13:04.066+00:00 seq=18943 state=ACTIVE energy=   10198 frames=  38404096 flags=0x04 lost=0
2026-09-04T18:13:04.066+00:00 seq=18944 state=ACTIVE energy=    8559 frames=  38404352 flags=0x04 lost=0
2026-09-04T18:13:04.066+00:00 seq=18945 state=ACTIVE energy=    7872 frames=  38404608 flags=0x04 lost=0
2026-09-04T18:13:04.067+00:00 seq=18946 state=ACTIVE energy=    4493 frames=  38404864 flags=0x04 lost=0
2026-09-04T18:13:04.067+00:00 seq=18947 state=ACTIVE energy=    4965 frames=  38405120 flags=0x04 lost=0
2026-09-04T18:13:04.067+00:00 seq=18948 state=ACTIVE energy=   14416 frames=  38405376 flags=0x04 lost=0
2026-09-04T18:13:04.067+00:00 seq=18949 state=ACTIVE energy=   20940 frames=  38405632 flags=0x04 lost=0
2026-09-04T18:13:04.067+00:00 seq=18950 state=ACTIVE energy=   23987 frames=  38405888 flags=0x04 lost=0
2026-09-04T18:13:04.067+00:00 seq=18951 state=ACTIVE energy=   26350 frames=  38406144 flags=0x04 lost=0
2026-09-04T18:13:04.067+00:00 seq=18952 state=ACTIVE energy=   29152 frames=  38406400 flags=0x04 lost=0
2026-09-04T18:13:04.067+00:00 seq=18953 state=ACTIVE energy=   28521 frames=  38406656 flags=0x04 lost=0
2026-09-04T18:13:04.163+00:00 seq=18954 state=ACTIVE energy=   29030 frames=  38406912 flags=0x04 lost=0
2026-09-04T18:13:04.163+00:00 seq=18955 state=ACTIVE energy=   30010 frames=  38407168 flags=0x04 lost=0
2026-09-04T18:13:04.163+00:00 seq=18956 state=ACTIVE energy=   28981 frames=  38407424 flags=0x04 lost=0
2026-09-04T18:13:04.163+00:00 seq=18957 state=ACTIVE energy=   27131 frames=  38407680 flags=0x04 lost=0
2026-09-04T18:13:04.163+00:00 seq=18958 state=ACTIVE energy=   24051 frames=  38407936 flags=0x04 lost=0
2026-09-04T18:13:04.163+00:00 seq=18959 state=ACTIVE energy=   22413 frames=  38408192 flags=0x04 lost=0
2026-09-04T18:13:04.163+00:00 seq=18960 state=ACTIVE energy=   21184 frames=  38408448 flags=0x04 lost=0
2026-09-04T18:13:04.164+00:00 seq=18961 state=ACTIVE energy=   19286 frames=  38408704 flags=0x04 lost=0
2026-09-04T18:13:04.164+00:00 seq=18962 state=ACTIVE energy=   16891 frames=  38408960 flags=0x04 lost=0
2026-09-04T18:13:04.164+00:00 seq=18963 state=ACTIVE energy=   16041 frames=  38409216 flags=0x04 lost=0
2026-09-04T18:13:04.164+00:00 seq=18964 state=ACTIVE energy=   15031 frames=  38409472 flags=0x04 lost=0
2026-09-04T18:13:04.164+00:00 seq=18965 state=ACTIVE energy=   14042 frames=  38409728 flags=0x04 lost=0
2026-09-04T18:13:04.164+00:00 seq=18966 state=ACTIVE energy=   13994 frames=  38409984 flags=0x04 lost=0
2026-09-04T18:13:04.164+00:00 seq=18967 state=ACTIVE energy=   13332 frames=  38410240 flags=0x04 lost=0
2026-09-04T18:13:04.164+00:00 seq=18968 state=ACTIVE energy=   12395 frames=  38410496 flags=0x04 lost=0
2026-09-04T18:13:04.165+00:00 seq=18969 state=ACTIVE energy=   11877 frames=  38410752 flags=0x04 lost=0
2026-09-04T18:13:04.260+00:00 seq=18970 state=ACTIVE energy=   10664 frames=  38411008 flags=0x04 lost=0
2026-09-04T18:13:04.260+00:00 seq=18971 state=ACTIVE energy=    8728 frames=  38411264 flags=0x04 lost=0
2026-09-04T18:13:04.260+00:00 seq=18972 state=ACTIVE energy=    4225 frames=  38411520 flags=0x04 lost=0
2026-09-04T18:13:04.260+00:00 seq=18973 state=ACTIVE energy=    2227 frames=  38411776 flags=0x04 lost=0
2026-09-04T18:13:04.260+00:00 seq=18974 state=ACTIVE energy=    2388 frames=  38412032 flags=0x04 lost=0
2026-09-04T18:13:04.260+00:00 seq=18975 state=ACTIVE energy=    3148 frames=  38412288 flags=0x04 lost=0
2026-09-04T18:13:04.260+00:00 seq=18976 state=ACTIVE energy=    2570 frames=  38412544 flags=0x04 lost=0
2026-09-04T18:13:04.261+00:00 seq=18977 state=ACTIVE energy=    2466 frames=  38412800 flags=0x04 lost=0
2026-09-04T18:13:04.261+00:00 seq=18978 state=ACTIVE energy=    8849 frames=  38413056 flags=0x04 lost=0
2026-09-04T18:13:04.261+00:00 seq=18979 state=ACTIVE energy=   10292 frames=  38413312 flags=0x04 lost=0
2026-09-04T18:13:04.261+00:00 seq=18980 state=ACTIVE energy=    9943 frames=  38413568 flags=0x04 lost=0
2026-09-04T18:13:04.261+00:00 seq=18981 state=ACTIVE energy=    9112 frames=  38413824 flags=0x04 lost=0
2026-09-04T18:13:04.261+00:00 seq=18982 state=ACTIVE energy=    9184 frames=  38414080 flags=0x04 lost=0
2026-09-04T18:13:04.261+00:00 seq=18983 state=ACTIVE energy=   11015 frames=  38414336 flags=0x04 lost=0
2026-09-04T18:13:04.261+00:00 seq=18984 state=ACTIVE energy=    9912 frames=  38414592 flags=0x04 lost=0
2026-09-04T18:13:04.261+00:00 seq=18985 state=ACTIVE energy=    9637 frames=  38414848 flags=0x04 lost=0
2026-09-04T18:13:04.357+00:00 seq=18986 state=ACTIVE energy=   10339 frames=  38415104 flags=0x04 lost=0
2026-09-04T18:13:04.357+00:00 seq=18987 state=ACTIVE energy=   13324 frames=  38415360 flags=0x04 lost=0
2026-09-04T18:13:04.357+00:00 seq=18988 state=ACTIVE energy=   17559 frames=  38415616 flags=0x04 lost=0
2026-09-04T18:13:04.357+00:00 seq=18989 state=ACTIVE energy=   17248 frames=  38415872 flags=0x04 lost=0
2026-09-04T18:13:04.357+00:00 seq=18990 state=ACTIVE energy=   17363 frames=  38416128 flags=0x04 lost=0
2026-09-04T18:13:04.357+00:00 seq=18991 state=ACTIVE energy=   16774 frames=  38416384 flags=0x04 lost=0
2026-09-04T18:13:04.358+00:00 seq=18992 state=ACTIVE energy=   12619 frames=  38416640 flags=0x04 lost=0
2026-09-04T18:13:04.358+00:00 seq=18993 state=ACTIVE energy=   13207 frames=  38416896 flags=0x04 lost=0
2026-09-04T18:13:04.358+00:00 seq=18994 state=ACTIVE energy=   12281 frames=  38417152 flags=0x04 lost=0
2026-09-04T18:13:04.358+00:00 seq=18995 state=ACTIVE energy=   10312 frames=  38417408 flags=0x04 lost=0
2026-09-04T18:13:04.358+00:00 seq=18996 state=ACTIVE energy=    9743 frames=  38417664 flags=0x04 lost=0
2026-09-04T18:13:04.358+00:00 seq=18997 state=ACTIVE energy=    9181 frames=  38417920 flags=0x04 lost=0
2026-09-04T18:13:04.358+00:00 seq=18998 state=ACTIVE energy=    7568 frames=  38418176 flags=0x04 lost=0
2026-09-04T18:13:04.358+00:00 seq=18999 state=ACTIVE energy=    6281 frames=  38418432 flags=0x04 lost=0
2026-09-04T18:13:04.359+00:00 seq=19000 state=ACTIVE energy=    6217 frames=  38418688 flags=0x04 lost=0
2026-09-04T18:13:04.359+00:00 seq=19001 state=ACTIVE energy=    6787 frames=  38418944 flags=0x04 lost=0
2026-09-04T18:13:04.454+00:00 seq=19002 state=ACTIVE energy=    7147 frames=  38419200 flags=0x04 lost=0
2026-09-04T18:13:04.454+00:00 seq=19003 state=ACTIVE energy=    9080 frames=  38419456 flags=0x04 lost=0
2026-09-04T18:13:04.454+00:00 seq=19004 state=ACTIVE energy=    7994 frames=  38419712 flags=0x04 lost=0
2026-09-04T18:13:04.454+00:00 seq=19005 state=ACTIVE energy=    7989 frames=  38419968 flags=0x04 lost=0
2026-09-04T18:13:04.454+00:00 seq=19006 state=ACTIVE energy=    6716 frames=  38420224 flags=0x04 lost=0
2026-09-04T18:13:04.455+00:00 seq=19007 state=ACTIVE energy=    6824 frames=  38420480 flags=0x04 lost=0
2026-09-04T18:13:04.455+00:00 seq=19008 state=ACTIVE energy=    7506 frames=  38420736 flags=0x04 lost=0
2026-09-04T18:13:04.455+00:00 seq=19009 state=ACTIVE energy=    7659 frames=  38420992 flags=0x04 lost=0
2026-09-04T18:13:04.455+00:00 seq=19010 state=ACTIVE energy=    8397 frames=  38421248 flags=0x04 lost=0
2026-09-04T18:13:04.455+00:00 seq=19011 state=ACTIVE energy=    8083 frames=  38421504 flags=0x04 lost=0
2026-09-04T18:13:04.455+00:00 seq=19012 state=ACTIVE energy=    9305 frames=  38421760 flags=0x04 lost=0
2026-09-04T18:13:04.455+00:00 seq=19013 state=ACTIVE energy=   10575 frames=  38422016 flags=0x04 lost=0
2026-09-04T18:13:04.455+00:00 seq=19014 state=ACTIVE energy=   14259 frames=  38422272 flags=0x04 lost=0
2026-09-04T18:13:04.456+00:00 seq=19015 state=ACTIVE energy=   17439 frames=  38422528 flags=0x04 lost=0
2026-09-04T18:13:04.456+00:00 seq=19016 state=ACTIVE energy=   17174 frames=  38422784 flags=0x04 lost=0
2026-09-04T18:13:04.456+00:00 seq=19017 state=ACTIVE energy=   16122 frames=  38423040 flags=0x04 lost=0
2026-09-04T18:13:04.551+00:00 seq=19018 state=ACTIVE energy=   15561 frames=  38423296 flags=0x04 lost=0
2026-09-04T18:13:04.551+00:00 seq=19019 state=ACTIVE energy=   12957 frames=  38423552 flags=0x04 lost=0
2026-09-04T18:13:04.551+00:00 seq=19020 state=ACTIVE energy=   11531 frames=  38423808 flags=0x04 lost=0
2026-09-04T18:13:04.551+00:00 seq=19021 state=ACTIVE energy=   11620 frames=  38424064 flags=0x04 lost=0
2026-09-04T18:13:04.551+00:00 seq=19022 state=ACTIVE energy=   10554 frames=  38424320 flags=0x04 lost=0
2026-09-04T18:13:04.552+00:00 seq=19023 state=ACTIVE energy=    8585 frames=  38424576 flags=0x04 lost=0
2026-09-04T18:13:04.552+00:00 seq=19024 state=ACTIVE energy=    8650 frames=  38424832 flags=0x04 lost=0
2026-09-04T18:13:04.552+00:00 seq=19025 state=ACTIVE energy=    9001 frames=  38425088 flags=0x04 lost=0
2026-09-04T18:13:04.552+00:00 seq=19026 state=ACTIVE energy=    6821 frames=  38425344 flags=0x04 lost=0
2026-09-04T18:13:04.552+00:00 seq=19027 state=ACTIVE energy=    6651 frames=  38425600 flags=0x04 lost=0
2026-09-04T18:13:04.552+00:00 seq=19028 state=ACTIVE energy=    7322 frames=  38425856 flags=0x04 lost=0
2026-09-04T18:13:04.552+00:00 seq=19029 state=ACTIVE energy=    6431 frames=  38426112 flags=0x04 lost=0
2026-09-04T18:13:04.552+00:00 seq=19030 state=ACTIVE energy=    4388 frames=  38426368 flags=0x04 lost=0
2026-09-04T18:13:04.553+00:00 seq=19031 state=ACTIVE energy=    3319 frames=  38426624 flags=0x04 lost=0
2026-09-04T18:13:04.553+00:00 seq=19032 state=ACTIVE energy=    4092 frames=  38426880 flags=0x04 lost=0
2026-09-04T18:13:04.553+00:00 seq=19033 state=ACTIVE energy=    4905 frames=  38427136 flags=0x04 lost=0
2026-09-04T18:13:04.648+00:00 seq=19034 state=ACTIVE energy=    3291 frames=  38427392 flags=0x04 lost=0
2026-09-04T18:13:04.648+00:00 seq=19035 state=ACTIVE energy=    4001 frames=  38427648 flags=0x04 lost=0
2026-09-04T18:13:04.648+00:00 seq=19036 state=ACTIVE energy=    3101 frames=  38427904 flags=0x04 lost=0
2026-09-04T18:13:04.648+00:00 seq=19037 state=ACTIVE energy=    2617 frames=  38428160 flags=0x04 lost=0
2026-09-04T18:13:04.649+00:00 seq=19038 state=ACTIVE energy=    3008 frames=  38428416 flags=0x04 lost=0
2026-09-04T18:13:04.649+00:00 seq=19039 state=ACTIVE energy=    3346 frames=  38428672 flags=0x04 lost=0
2026-09-04T18:13:04.649+00:00 seq=19040 state=ACTIVE energy=    2803 frames=  38428928 flags=0x04 lost=0
2026-09-04T18:13:04.649+00:00 seq=19041 state=ACTIVE energy=    2450 frames=  38429184 flags=0x04 lost=0
2026-09-04T18:13:04.649+00:00 seq=19042 state=ACTIVE energy=    3598 frames=  38429440 flags=0x04 lost=0
2026-09-04T18:13:04.649+00:00 seq=19043 state=ACTIVE energy=    2221 frames=  38429696 flags=0x04 lost=0
2026-09-04T18:13:04.649+00:00 seq=19044 state=ACTIVE energy=    2785 frames=  38429952 flags=0x04 lost=0
2026-09-04T18:13:04.649+00:00 seq=19045 state=ACTIVE energy=    1768 frames=  38430208 flags=0x04 lost=0
2026-09-04T18:13:04.650+00:00 seq=19046 state=ACTIVE energy=    1416 frames=  38430464 flags=0x04 lost=0
2026-09-04T18:13:04.650+00:00 seq=19047 state=ACTIVE energy=    3420 frames=  38430720 flags=0x04 lost=0
2026-09-04T18:13:04.650+00:00 seq=19048 state=ACTIVE energy=    2215 frames=  38430976 flags=0x04 lost=0
2026-09-04T18:13:04.650+00:00 seq=19049 state=ACTIVE energy=     948 frames=  38431232 flags=0x04 lost=0
2026-09-04T18:13:04.745+00:00 seq=19050 state=ACTIVE energy=    1484 frames=  38431488 flags=0x04 lost=0
2026-09-04T18:13:04.745+00:00 seq=19051 state=ACTIVE energy=    2905 frames=  38431744 flags=0x04 lost=0
2026-09-04T18:13:04.745+00:00 seq=19052 state=ACTIVE energy=    2843 frames=  38432000 flags=0x04 lost=0
2026-09-04T18:13:04.746+00:00 seq=19053 state=ACTIVE energy=    3265 frames=  38432256 flags=0x04 lost=0
2026-09-04T18:13:04.746+00:00 seq=19054 state=ACTIVE energy=    1854 frames=  38432512 flags=0x04 lost=0
2026-09-04T18:13:04.746+00:00 seq=19055 state=ACTIVE energy=    2899 frames=  38432768 flags=0x04 lost=0
2026-09-04T18:13:04.746+00:00 seq=19056 state=ACTIVE energy=    2098 frames=  38433024 flags=0x04 lost=0
2026-09-04T18:13:04.746+00:00 seq=19057 state=ACTIVE energy=    1861 frames=  38433280 flags=0x04 lost=0
2026-09-04T18:13:04.746+00:00 seq=19058 state=ACTIVE energy=    1206 frames=  38433536 flags=0x04 lost=0
2026-09-04T18:13:04.746+00:00 seq=19059 state=ACTIVE energy=    1636 frames=  38433792 flags=0x04 lost=0
2026-09-04T18:13:04.746+00:00 seq=19060 state=ACTIVE energy=    2221 frames=  38434048 flags=0x04 lost=0
2026-09-04T18:13:04.747+00:00 seq=19061 state=ACTIVE energy=    2249 frames=  38434304 flags=0x04 lost=0
2026-09-04T18:13:04.747+00:00 seq=19062 state=ACTIVE energy=    4412 frames=  38434560 flags=0x04 lost=0
2026-09-04T18:13:04.747+00:00 seq=19063 state=ACTIVE energy=    3804 frames=  38434816 flags=0x04 lost=0
2026-09-04T18:13:04.747+00:00 seq=19064 state=ACTIVE energy=    1227 frames=  38435072 flags=0x04 lost=0
2026-09-04T18:13:04.747+00:00 seq=19065 state=ACTIVE energy=    1436 frames=  38435328 flags=0x04 lost=0
2026-09-04T18:13:04.842+00:00 seq=19066 state=ACTIVE energy=    1447 frames=  38435584 flags=0x04 lost=0
2026-09-04T18:13:04.842+00:00 seq=19067 state=ACTIVE energy=    1041 frames=  38435840 flags=0x04 lost=0
2026-09-04T18:13:04.843+00:00 seq=19068 state=ACTIVE energy=    3127 frames=  38436096 flags=0x04 lost=0
2026-09-04T18:13:04.843+00:00 seq=19069 state=ACTIVE energy=    3541 frames=  38436352 flags=0x04 lost=0
2026-09-04T18:13:04.843+00:00 seq=19070 state=ACTIVE energy=    2957 frames=  38436608 flags=0x04 lost=0
2026-09-04T18:13:04.843+00:00 seq=19071 state=ACTIVE energy=    2948 frames=  38436864 flags=0x04 lost=0
2026-09-04T18:13:04.843+00:00 seq=19072 state=ACTIVE energy=    1234 frames=  38437120 flags=0x04 lost=0
2026-09-04T18:13:04.843+00:00 seq=19073 state=ACTIVE energy=    1322 frames=  38437376 flags=0x04 lost=0
2026-09-04T18:13:04.843+00:00 seq=19074 state=ACTIVE energy=     858 frames=  38437632 flags=0x04 lost=0
2026-09-04T18:13:04.843+00:00 seq=19075 state=ACTIVE energy=    1069 frames=  38437888 flags=0x04 lost=0
2026-09-04T18:13:04.843+00:00 seq=19076 state=ACTIVE energy=    2492 frames=  38438144 flags=0x04 lost=0
2026-09-04T18:13:04.844+00:00 seq=19077 state=ACTIVE energy=    3475 frames=  38438400 flags=0x04 lost=0
2026-09-04T18:13:04.844+00:00 seq=19078 state=ACTIVE energy=    2032 frames=  38438656 flags=0x04 lost=0
2026-09-04T18:13:04.844+00:00 seq=19079 state=ACTIVE energy=    1209 frames=  38438912 flags=0x04 lost=0
2026-09-04T18:13:04.844+00:00 seq=19080 state=ACTIVE energy=    1058 frames=  38439168 flags=0x04 lost=0
2026-09-04T18:13:04.844+00:00 seq=19081 state=ACTIVE energy=    1898 frames=  38439424 flags=0x04 lost=0
2026-09-04T18:13:04.939+00:00 seq=19082 state=ACTIVE energy=    2784 frames=  38439680 flags=0x04 lost=0
2026-09-04T18:13:04.939+00:00 seq=19083 state=ACTIVE energy=    2438 frames=  38439936 flags=0x04 lost=0
2026-09-04T18:13:04.940+00:00 seq=19084 state=ACTIVE energy=    1088 frames=  38440192 flags=0x04 lost=0
2026-09-04T18:13:04.940+00:00 seq=19085 state=ACTIVE energy=    1174 frames=  38440448 flags=0x04 lost=0
2026-09-04T18:13:04.940+00:00 seq=19086 state=ACTIVE energy=    5244 frames=  38440704 flags=0x04 lost=0
2026-09-04T18:13:04.940+00:00 seq=19087 state=ACTIVE energy=   10708 frames=  38440960 flags=0x04 lost=0
2026-09-04T18:13:04.940+00:00 seq=19088 state=ACTIVE energy=   16953 frames=  38441216 flags=0x04 lost=0
2026-09-04T18:13:04.940+00:00 seq=19089 state=ACTIVE energy=   18442 frames=  38441472 flags=0x04 lost=0
2026-09-04T18:13:04.940+00:00 seq=19090 state=ACTIVE energy=   18762 frames=  38441728 flags=0x04 lost=0
2026-09-04T18:13:04.940+00:00 seq=19091 state=ACTIVE energy=   17819 frames=  38441984 flags=0x04 lost=0
2026-09-04T18:13:04.941+00:00 seq=19092 state=ACTIVE energy=   17988 frames=  38442240 flags=0x04 lost=0
2026-09-04T18:13:04.941+00:00 seq=19093 state=ACTIVE energy=   15804 frames=  38442496 flags=0x04 lost=0
2026-09-04T18:13:04.941+00:00 seq=19094 state=ACTIVE energy=   11932 frames=  38442752 flags=0x04 lost=0
2026-09-04T18:13:04.941+00:00 seq=19095 state=ACTIVE energy=    9187 frames=  38443008 flags=0x04 lost=0
2026-09-04T18:13:04.941+00:00 seq=19096 state=ACTIVE energy=    9371 frames=  38443264 flags=0x04 lost=0
2026-09-04T18:13:04.941+00:00 seq=19097 state=ACTIVE energy=    6149 frames=  38443520 flags=0x04 lost=0
2026-09-04T18:13:05.037+00:00 seq=19098 state=ACTIVE energy=    5116 frames=  38443776 flags=0x04 lost=0
2026-09-04T18:13:05.037+00:00 seq=19099 state=ACTIVE energy=    6169 frames=  38444032 flags=0x04 lost=0
2026-09-04T18:13:05.037+00:00 seq=19100 state=ACTIVE energy=    8304 frames=  38444288 flags=0x04 lost=0
2026-09-04T18:13:05.037+00:00 seq=19101 state=ACTIVE energy=    6832 frames=  38444544 flags=0x04 lost=0
2026-09-04T18:13:05.037+00:00 seq=19102 state=ACTIVE energy=    6799 frames=  38444800 flags=0x04 lost=0
2026-09-04T18:13:05.037+00:00 seq=19103 state=ACTIVE energy=    5414 frames=  38445056 flags=0x04 lost=0
2026-09-04T18:13:05.038+00:00 seq=19104 state=ACTIVE energy=    5314 frames=  38445312 flags=0x04 lost=0
2026-09-04T18:13:05.038+00:00 seq=19105 state=ACTIVE energy=    5178 frames=  38445568 flags=0x04 lost=0
2026-09-04T18:13:05.038+00:00 seq=19106 state=ACTIVE energy=    2318 frames=  38445824 flags=0x04 lost=0
2026-09-04T18:13:05.038+00:00 seq=19107 state=ACTIVE energy=    1689 frames=  38446080 flags=0x04 lost=0
2026-09-04T18:13:05.038+00:00 seq=19108 state=ACTIVE energy=    2793 frames=  38446336 flags=0x04 lost=0
2026-09-04T18:13:05.038+00:00 seq=19109 state=ACTIVE energy=    3398 frames=  38446592 flags=0x04 lost=0
2026-09-04T18:13:05.038+00:00 seq=19110 state=ACTIVE energy=    6427 frames=  38446848 flags=0x04 lost=0
2026-09-04T18:13:05.039+00:00 seq=19111 state=ACTIVE energy=   12240 frames=  38447104 flags=0x04 lost=0
2026-09-04T18:13:05.039+00:00 seq=19112 state=ACTIVE energy=   11373 frames=  38447360 flags=0x04 lost=0
2026-09-04T18:13:05.039+00:00 seq=19113 state=ACTIVE energy=   13329 frames=  38447616 flags=0x04 lost=0
2026-09-04T18:13:05.133+00:00 seq=19114 state=ACTIVE energy=   15291 frames=  38447872 flags=0x04 lost=0
2026-09-04T18:13:05.134+00:00 seq=19115 state=ACTIVE energy=   13529 frames=  38448128 flags=0x04 lost=0
2026-09-04T18:13:05.134+00:00 seq=19116 state=ACTIVE energy=   10659 frames=  38448384 flags=0x04 lost=0
2026-09-04T18:13:05.134+00:00 seq=19117 state=ACTIVE energy=   11284 frames=  38448640 flags=0x04 lost=0
2026-09-04T18:13:05.134+00:00 seq=19118 state=ACTIVE energy=   10832 frames=  38448896 flags=0x04 lost=0
2026-09-04T18:13:05.134+00:00 seq=19119 state=ACTIVE energy=    7175 frames=  38449152 flags=0x04 lost=0
2026-09-04T18:13:05.134+00:00 seq=19120 state=ACTIVE energy=    5859 frames=  38449408 flags=0x04 lost=0
2026-09-04T18:13:05.134+00:00 seq=19121 state=ACTIVE energy=    5295 frames=  38449664 flags=0x04 lost=0
2026-09-04T18:13:05.135+00:00 seq=19122 state=ACTIVE energy=    5956 frames=  38449920 flags=0x04 lost=0
2026-09-04T18:13:05.135+00:00 seq=19123 state=ACTIVE energy=    5649 frames=  38450176 flags=0x04 lost=0
2026-09-04T18:13:05.135+00:00 seq=19124 state=ACTIVE energy=    4065 frames=  38450432 flags=0x04 lost=0
2026-09-04T18:13:05.135+00:00 seq=19125 state=ACTIVE energy=    3103 frames=  38450688 flags=0x04 lost=0
2026-09-04T18:13:05.135+00:00 seq=19126 state=ACTIVE energy=    4510 frames=  38450944 flags=0x04 lost=0
2026-09-04T18:13:05.135+00:00 seq=19127 state=ACTIVE energy=    3325 frames=  38451200 flags=0x04 lost=0
2026-09-04T18:13:05.135+00:00 seq=19128 state=ACTIVE energy=    2921 frames=  38451456 flags=0x04 lost=0
2026-09-04T18:13:05.135+00:00 seq=19129 state=ACTIVE energy=    3369 frames=  38451712 flags=0x04 lost=0
2026-09-04T18:13:05.231+00:00 seq=19130 state=ACTIVE energy=    3506 frames=  38451968 flags=0x04 lost=0
2026-09-04T18:13:05.231+00:00 seq=19131 state=ACTIVE energy=    2539 frames=  38452224 flags=0x04 lost=0
2026-09-04T18:13:05.231+00:00 seq=19132 state=ACTIVE energy=    1642 frames=  38452480 flags=0x04 lost=0
2026-09-04T18:13:05.231+00:00 seq=19133 state=ACTIVE energy=    1397 frames=  38452736 flags=0x04 lost=0
2026-09-04T18:13:05.231+00:00 seq=19134 state=ACTIVE energy=    2244 frames=  38452992 flags=0x04 lost=0
2026-09-04T18:13:05.231+00:00 seq=19135 state=ACTIVE energy=    5686 frames=  38453248 flags=0x04 lost=0
2026-09-04T18:13:05.231+00:00 seq=19136 state=ACTIVE energy=   14554 frames=  38453504 flags=0x04 lost=0
2026-09-04T18:13:05.232+00:00 seq=19137 state=ACTIVE energy=   21318 frames=  38453760 flags=0x04 lost=0
2026-09-04T18:13:05.232+00:00 seq=19138 state=ACTIVE energy=   22008 frames=  38454016 flags=0x04 lost=0
2026-09-04T18:13:05.232+00:00 seq=19139 state=ACTIVE energy=   17527 frames=  38454272 flags=0x04 lost=0
2026-09-04T18:13:05.232+00:00 seq=19140 state=ACTIVE energy=   13055 frames=  38454528 flags=0x04 lost=0
2026-09-04T18:13:05.232+00:00 seq=19141 state=ACTIVE energy=   10329 frames=  38454784 flags=0x04 lost=0
2026-09-04T18:13:05.232+00:00 seq=19142 state=ACTIVE energy=    8391 frames=  38455040 flags=0x04 lost=0
2026-09-04T18:13:05.232+00:00 seq=19143 state=ACTIVE energy=    5947 frames=  38455296 flags=0x04 lost=0
2026-09-04T18:13:05.232+00:00 seq=19144 state=ACTIVE energy=    7069 frames=  38455552 flags=0x04 lost=0
2026-09-04T18:13:05.232+00:00 seq=19145 state=ACTIVE energy=    6650 frames=  38455808 flags=0x04 lost=0
2026-09-04T18:13:05.328+00:00 seq=19146 state=ACTIVE energy=    5282 frames=  38456064 flags=0x04 lost=0
2026-09-04T18:13:05.328+00:00 seq=19147 state=ACTIVE energy=    1851 frames=  38456320 flags=0x04 lost=0
2026-09-04T18:13:05.328+00:00 seq=19148 state=ACTIVE energy=    3702 frames=  38456576 flags=0x04 lost=0
2026-09-04T18:13:05.328+00:00 seq=19149 state=ACTIVE energy=    9987 frames=  38456832 flags=0x04 lost=0
2026-09-04T18:13:05.328+00:00 seq=19150 state=ACTIVE energy=   12911 frames=  38457088 flags=0x04 lost=0
2026-09-04T18:13:05.328+00:00 seq=19151 state=ACTIVE energy=   13910 frames=  38457344 flags=0x04 lost=0
2026-09-04T18:13:05.328+00:00 seq=19152 state=ACTIVE energy=   14404 frames=  38457600 flags=0x04 lost=0
2026-09-04T18:13:05.329+00:00 seq=19153 state=ACTIVE energy=   11771 frames=  38457856 flags=0x04 lost=0
2026-09-04T18:13:05.329+00:00 seq=19154 state=ACTIVE energy=   10666 frames=  38458112 flags=0x04 lost=0
2026-09-04T18:13:05.329+00:00 seq=19155 state=ACTIVE energy=    8935 frames=  38458368 flags=0x04 lost=0
2026-09-04T18:13:05.329+00:00 seq=19156 state=ACTIVE energy=    8776 frames=  38458624 flags=0x04 lost=0
2026-09-04T18:13:05.329+00:00 seq=19157 state=ACTIVE energy=    7067 frames=  38458880 flags=0x04 lost=0
2026-09-04T18:13:05.329+00:00 seq=19158 state=ACTIVE energy=    4231 frames=  38459136 flags=0x04 lost=0
2026-09-04T18:13:05.329+00:00 seq=19159 state=ACTIVE energy=    5695 frames=  38459392 flags=0x04 lost=0
2026-09-04T18:13:05.329+00:00 seq=19160 state=ACTIVE energy=    5145 frames=  38459648 flags=0x04 lost=0
2026-09-04T18:13:05.330+00:00 seq=19161 state=ACTIVE energy=    3317 frames=  38459904 flags=0x04 lost=0
2026-09-04T18:13:05.425+00:00 seq=19162 state=ACTIVE energy=    2963 frames=  38460160 flags=0x04 lost=0
2026-09-04T18:13:05.425+00:00 seq=19163 state=ACTIVE energy=    3314 frames=  38460416 flags=0x04 lost=0
2026-09-04T18:13:05.425+00:00 seq=19164 state=ACTIVE energy=    3090 frames=  38460672 flags=0x04 lost=0
2026-09-04T18:13:05.425+00:00 seq=19165 state=ACTIVE energy=    1836 frames=  38460928 flags=0x04 lost=0
2026-09-04T18:13:05.425+00:00 seq=19166 state=ACTIVE energy=    2518 frames=  38461184 flags=0x04 lost=0
2026-09-04T18:13:05.425+00:00 seq=19167 state=ACTIVE energy=    3213 frames=  38461440 flags=0x04 lost=0
2026-09-04T18:13:05.426+00:00 seq=19168 state=ACTIVE energy=    3876 frames=  38461696 flags=0x04 lost=0
2026-09-04T18:13:05.426+00:00 seq=19169 state=ACTIVE energy=    2754 frames=  38461952 flags=0x04 lost=0
2026-09-04T18:13:05.426+00:00 seq=19170 state=ACTIVE energy=    2425 frames=  38462208 flags=0x04 lost=0
2026-09-04T18:13:05.426+00:00 seq=19171 state=ACTIVE energy=    1458 frames=  38462464 flags=0x04 lost=0
2026-09-04T18:13:05.426+00:00 seq=19172 state=ACTIVE energy=    2764 frames=  38462720 flags=0x04 lost=0
2026-09-04T18:13:05.426+00:00 seq=19173 state=ACTIVE energy=    3874 frames=  38462976 flags=0x04 lost=0
2026-09-04T18:13:05.426+00:00 seq=19174 state=ACTIVE energy=    7376 frames=  38463232 flags=0x04 lost=0
2026-09-04T18:13:05.427+00:00 seq=19175 state=ACTIVE energy=   13084 frames=  38463488 flags=0x04 lost=0
2026-09-04T18:13:05.427+00:00 seq=19176 state=ACTIVE energy=   13810 frames=  38463744 flags=0x04 lost=0
2026-09-04T18:13:05.427+00:00 seq=19177 state=ACTIVE energy=   12113 frames=  38464000 flags=0x04 lost=0
2026-09-04T18:13:05.522+00:00 seq=19178 state=ACTIVE energy=   12198 frames=  38464256 flags=0x04 lost=0
2026-09-04T18:13:05.522+00:00 seq=19179 state=ACTIVE energy=   10554 frames=  38464512 flags=0x04 lost=0
2026-09-04T18:13:05.522+00:00 seq=19180 state=ACTIVE energy=    8317 frames=  38464768 flags=0x04 lost=0
2026-09-04T18:13:05.522+00:00 seq=19181 state=ACTIVE energy=    7949 frames=  38465024 flags=0x04 lost=0
2026-09-04T18:13:05.523+00:00 seq=19182 state=ACTIVE energy=    6605 frames=  38465280 flags=0x04 lost=0
2026-09-04T18:13:05.523+00:00 seq=19183 state=ACTIVE energy=    4579 frames=  38465536 flags=0x04 lost=0
2026-09-04T18:13:05.523+00:00 seq=19184 state=ACTIVE energy=    3133 frames=  38465792 flags=0x04 lost=0
2026-09-04T18:13:05.523+00:00 seq=19185 state=ACTIVE energy=    1324 frames=  38466048 flags=0x04 lost=0
2026-09-04T18:13:05.523+00:00 seq=19186 state=ACTIVE energy=    6904 frames=  38466304 flags=0x04 lost=0
2026-09-04T18:13:05.523+00:00 seq=19187 state=ACTIVE energy=   13348 frames=  38466560 flags=0x04 lost=0
2026-09-04T18:13:05.523+00:00 seq=19188 state=ACTIVE energy=   13590 frames=  38466816 flags=0x04 lost=0
2026-09-04T18:13:05.523+00:00 seq=19189 state=ACTIVE energy=   12208 frames=  38467072 flags=0x04 lost=0
2026-09-04T18:13:05.524+00:00 seq=19190 state=ACTIVE energy=    9631 frames=  38467328 flags=0x04 lost=0
2026-09-04T18:13:05.524+00:00 seq=19191 state=ACTIVE energy=   11697 frames=  38467584 flags=0x04 lost=0
2026-09-04T18:13:05.524+00:00 seq=19192 state=ACTIVE energy=   11769 frames=  38467840 flags=0x04 lost=0
2026-09-04T18:13:05.524+00:00 seq=19193 state=ACTIVE energy=   10260 frames=  38468096 flags=0x04 lost=0
2026-09-04T18:13:05.619+00:00 seq=19194 state=ACTIVE energy=   10531 frames=  38468352 flags=0x04 lost=0
2026-09-04T18:13:05.619+00:00 seq=19195 state=ACTIVE energy=    8338 frames=  38468608 flags=0x04 lost=0
2026-09-04T18:13:05.619+00:00 seq=19196 state=ACTIVE energy=    5324 frames=  38468864 flags=0x04 lost=0
2026-09-04T18:13:05.619+00:00 seq=19197 state=ACTIVE energy=    6638 frames=  38469120 flags=0x04 lost=0
2026-09-04T18:13:05.619+00:00 seq=19198 state=ACTIVE energy=    5413 frames=  38469376 flags=0x04 lost=0
2026-09-04T18:13:05.620+00:00 seq=19199 state=ACTIVE energy=    4331 frames=  38469632 flags=0x04 lost=0
2026-09-04T18:13:05.620+00:00 seq=19200 state=ACTIVE energy=    2938 frames=  38469888 flags=0x04 lost=0
2026-09-04T18:13:05.620+00:00 seq=19201 state=ACTIVE energy=    5109 frames=  38470144 flags=0x04 lost=0
2026-09-04T18:13:05.620+00:00 seq=19202 state=ACTIVE energy=    5820 frames=  38470400 flags=0x04 lost=0
2026-09-04T18:13:05.620+00:00 seq=19203 state=ACTIVE energy=    3494 frames=  38470656 flags=0x04 lost=0
2026-09-04T18:13:05.620+00:00 seq=19204 state=ACTIVE energy=    2807 frames=  38470912 flags=0x04 lost=0
2026-09-04T18:13:05.620+00:00 seq=19205 state=ACTIVE energy=    2877 frames=  38471168 flags=0x04 lost=0
2026-09-04T18:13:05.621+00:00 seq=19206 state=ACTIVE energy=    3575 frames=  38471424 flags=0x04 lost=0
2026-09-04T18:13:05.621+00:00 seq=19207 state=ACTIVE energy=    3093 frames=  38471680 flags=0x04 lost=0
2026-09-04T18:13:05.621+00:00 seq=19208 state=ACTIVE energy=    3593 frames=  38471936 flags=0x04 lost=0
2026-09-04T18:13:05.621+00:00 seq=19209 state=ACTIVE energy=    2627 frames=  38472192 flags=0x04 lost=0
2026-09-04T18:13:05.716+00:00 seq=19210 state=ACTIVE energy=    1367 frames=  38472448 flags=0x04 lost=0
2026-09-04T18:13:05.716+00:00 seq=19211 state=ACTIVE energy=    1046 frames=  38472704 flags=0x04 lost=0
2026-09-04T18:13:05.716+00:00 seq=19212 state=ACTIVE energy=    3069 frames=  38472960 flags=0x04 lost=0
2026-09-04T18:13:05.716+00:00 seq=19213 state=ACTIVE energy=    4375 frames=  38473216 flags=0x04 lost=0
2026-09-04T18:13:05.717+00:00 seq=19214 state=ACTIVE energy=    3991 frames=  38473472 flags=0x04 lost=0
2026-09-04T18:13:05.717+00:00 seq=19215 state=ACTIVE energy=    3436 frames=  38473728 flags=0x04 lost=0
2026-09-04T18:13:05.717+00:00 seq=19216 state=ACTIVE energy=    2888 frames=  38473984 flags=0x04 lost=0
2026-09-04T18:13:05.717+00:00 seq=19217 state=ACTIVE energy=    1016 frames=  38474240 flags=0x04 lost=0
2026-09-04T18:13:05.717+00:00 seq=19218 state=ACTIVE energy=    2540 frames=  38474496 flags=0x04 lost=0
2026-09-04T18:13:05.717+00:00 seq=19219 state=ACTIVE energy=    1404 frames=  38474752 flags=0x04 lost=0
2026-09-04T18:13:05.717+00:00 seq=19220 state=ACTIVE energy=    2374 frames=  38475008 flags=0x04 lost=0
2026-09-04T18:13:05.717+00:00 seq=19221 state=ACTIVE energy=    3434 frames=  38475264 flags=0x04 lost=0
2026-09-04T18:13:05.717+00:00 seq=19222 state=ACTIVE energy=    1356 frames=  38475520 flags=0x04 lost=0
2026-09-04T18:13:05.718+00:00 seq=19223 state=ACTIVE energy=    1188 frames=  38475776 flags=0x04 lost=0
2026-09-04T18:13:05.718+00:00 seq=19224 state=ACTIVE energy=    1187 frames=  38476032 flags=0x04 lost=0
2026-09-04T18:13:05.718+00:00 seq=19225 state=ACTIVE energy=    2081 frames=  38476288 flags=0x04 lost=0
2026-09-04T18:13:05.813+00:00 seq=19226 state=ACTIVE energy=    3292 frames=  38476544 flags=0x04 lost=0
2026-09-04T18:13:05.813+00:00 seq=19227 state=ACTIVE energy=    2139 frames=  38476800 flags=0x04 lost=0
2026-09-04T18:13:05.813+00:00 seq=19228 state=ACTIVE energy=     948 frames=  38477056 flags=0x04 lost=0
2026-09-04T18:13:05.814+00:00 seq=19229 state=ACTIVE energy=    1720 frames=  38477312 flags=0x04 lost=0
2026-09-04T18:13:05.814+00:00 seq=19230 state=ACTIVE energy=    2762 frames=  38477568 flags=0x04 lost=0
2026-09-04T18:13:05.814+00:00 seq=19231 state=ACTIVE energy=    1465 frames=  38477824 flags=0x04 lost=0
2026-09-04T18:13:05.814+00:00 seq=19232 state=ACTIVE energy=    1396 frames=  38478080 flags=0x04 lost=0
2026-09-04T18:13:05.814+00:00 seq=19233 state=ACTIVE energy=    2924 frames=  38478336 flags=0x04 lost=0
2026-09-04T18:13:05.814+00:00 seq=19234 state=ACTIVE energy=    3097 frames=  38478592 flags=0x04 lost=0
2026-09-04T18:13:05.814+00:00 seq=19235 state=ACTIVE energy=    3293 frames=  38478848 flags=0x04 lost=0
2026-09-04T18:13:05.814+00:00 seq=19236 state=ACTIVE energy=    3387 frames=  38479104 flags=0x04 lost=0
2026-09-04T18:13:05.815+00:00 seq=19237 state=ACTIVE energy=    3921 frames=  38479360 flags=0x04 lost=0
2026-09-04T18:13:05.815+00:00 seq=19238 state=ACTIVE energy=    5160 frames=  38479616 flags=0x04 lost=0
2026-09-04T18:13:05.815+00:00 seq=19239 state=ACTIVE energy=    3774 frames=  38479872 flags=0x04 lost=0
2026-09-04T18:13:05.815+00:00 seq=19240 state=ACTIVE energy=    3644 frames=  38480128 flags=0x04 lost=0
2026-09-04T18:13:05.815+00:00 seq=19241 state=ACTIVE energy=    4621 frames=  38480384 flags=0x04 lost=0
2026-09-04T18:13:05.910+00:00 seq=19242 state=ACTIVE energy=    4055 frames=  38480640 flags=0x04 lost=0
2026-09-04T18:13:05.910+00:00 seq=19243 state=ACTIVE energy=    4676 frames=  38480896 flags=0x04 lost=0
2026-09-04T18:13:05.911+00:00 seq=19244 state=ACTIVE energy=    4076 frames=  38481152 flags=0x04 lost=0
2026-09-04T18:13:05.911+00:00 seq=19245 state=ACTIVE energy=    3207 frames=  38481408 flags=0x04 lost=0
2026-09-04T18:13:05.911+00:00 seq=19246 state=ACTIVE energy=    3065 frames=  38481664 flags=0x04 lost=0
2026-09-04T18:13:05.911+00:00 seq=19247 state=ACTIVE energy=    2347 frames=  38481920 flags=0x04 lost=0
2026-09-04T18:13:05.911+00:00 seq=19248 state=ACTIVE energy=    3542 frames=  38482176 flags=0x04 lost=0
2026-09-04T18:13:05.911+00:00 seq=19249 state=ACTIVE energy=    3864 frames=  38482432 flags=0x04 lost=0
2026-09-04T18:13:05.911+00:00 seq=19250 state=ACTIVE energy=    4371 frames=  38482688 flags=0x04 lost=0
2026-09-04T18:13:05.911+00:00 seq=19251 state=ACTIVE energy=    5102 frames=  38482944 flags=0x04 lost=0
2026-09-04T18:13:05.912+00:00 seq=19252 state=ACTIVE energy=    4432 frames=  38483200 flags=0x04 lost=0
2026-09-04T18:13:05.912+00:00 seq=19253 state=ACTIVE energy=    4573 frames=  38483456 flags=0x04 lost=0
2026-09-04T18:13:05.912+00:00 seq=19254 state=ACTIVE energy=    4941 frames=  38483712 flags=0x04 lost=0
2026-09-04T18:13:05.912+00:00 seq=19255 state=ACTIVE energy=    4205 frames=  38483968 flags=0x04 lost=0
2026-09-04T18:13:05.912+00:00 seq=19256 state=ACTIVE energy=    3667 frames=  38484224 flags=0x04 lost=0
2026-09-04T18:13:05.912+00:00 seq=19257 state=ACTIVE energy=    2655 frames=  38484480 flags=0x04 lost=0
2026-09-04T18:13:06.007+00:00 seq=19258 state=ACTIVE energy=    2889 frames=  38484736 flags=0x04 lost=0
2026-09-04T18:13:06.007+00:00 seq=19259 state=ACTIVE energy=    1969 frames=  38484992 flags=0x04 lost=0
2026-09-04T18:13:06.008+00:00 seq=19260 state=ACTIVE energy=    1469 frames=  38485248 flags=0x04 lost=0
2026-09-04T18:13:06.008+00:00 seq=19261 state=ACTIVE energy=    2818 frames=  38485504 flags=0x04 lost=0
2026-09-04T18:13:06.008+00:00 seq=19262 state=ACTIVE energy=    2288 frames=  38485760 flags=0x04 lost=0
2026-09-04T18:13:06.008+00:00 seq=19263 state=ACTIVE energy=    2568 frames=  38486016 flags=0x04 lost=0
2026-09-04T18:13:06.008+00:00 seq=19264 state=ACTIVE energy=    1352 frames=  38486272 flags=0x04 lost=0
2026-09-04T18:13:06.008+00:00 seq=19265 state=ACTIVE energy=     933 frames=  38486528 flags=0x04 lost=0
2026-09-04T18:13:06.008+00:00 seq=19266 state=ACTIVE energy=    3359 frames=  38486784 flags=0x04 lost=0
2026-09-04T18:13:06.008+00:00 seq=19267 state=ACTIVE energy=    6935 frames=  38487040 flags=0x04 lost=0
2026-09-04T18:13:06.009+00:00 seq=19268 state=ACTIVE energy=    8927 frames=  38487296 flags=0x04 lost=0
2026-09-04T18:13:06.009+00:00 seq=19269 state=ACTIVE energy=    8587 frames=  38487552 flags=0x04 lost=0
2026-09-04T18:13:06.009+00:00 seq=19270 state=ACTIVE energy=    7346 frames=  38487808 flags=0x04 lost=0
2026-09-04T18:13:06.009+00:00 seq=19271 state=ACTIVE energy=    7777 frames=  38488064 flags=0x04 lost=0
2026-09-04T18:13:06.009+00:00 seq=19272 state=ACTIVE energy=    7104 frames=  38488320 flags=0x04 lost=0
2026-09-04T18:13:06.009+00:00 seq=19273 state=ACTIVE energy=    7649 frames=  38488576 flags=0x04 lost=0
2026-09-04T18:13:06.104+00:00 seq=19274 state=ACTIVE energy=    7629 frames=  38488832 flags=0x04 lost=0
2026-09-04T18:13:06.105+00:00 seq=19275 state=ACTIVE energy=    5344 frames=  38489088 flags=0x04 lost=0
2026-09-04T18:13:06.105+00:00 seq=19276 state=ACTIVE energy=    4523 frames=  38489344 flags=0x04 lost=0
2026-09-04T18:13:06.105+00:00 seq=19277 state=ACTIVE energy=    3329 frames=  38489600 flags=0x04 lost=0
2026-09-04T18:13:06.105+00:00 seq=19278 state=ACTIVE energy=    2793 frames=  38489856 flags=0x04 lost=0
2026-09-04T18:13:06.105+00:00 seq=19279 state=ACTIVE energy=    1257 frames=  38490112 flags=0x04 lost=0
2026-09-04T18:13:06.105+00:00 seq=19280 state=ACTIVE energy=    1593 frames=  38490368 flags=0x04 lost=0
2026-09-04T18:13:06.105+00:00 seq=19281 state=ACTIVE energy=    2142 frames=  38490624 flags=0x04 lost=0
2026-09-04T18:13:06.106+00:00 seq=19282 state=ACTIVE energy=    3269 frames=  38490880 flags=0x04 lost=0
2026-09-04T18:13:06.106+00:00 seq=19283 state=ACTIVE energy=    5522 frames=  38491136 flags=0x04 lost=0
2026-09-04T18:13:06.106+00:00 seq=19284 state=ACTIVE energy=    5574 frames=  38491392 flags=0x04 lost=0
2026-09-04T18:13:06.106+00:00 seq=19285 state=ACTIVE energy=    4569 frames=  38491648 flags=0x04 lost=0
2026-09-04T18:13:06.106+00:00 seq=19286 state=ACTIVE energy=    4740 frames=  38491904 flags=0x04 lost=0
2026-09-04T18:13:06.106+00:00 seq=19287 state=ACTIVE energy=    4541 frames=  38492160 flags=0x04 lost=0
2026-09-04T18:13:06.106+00:00 seq=19288 state=ACTIVE energy=    5418 frames=  38492416 flags=0x04 lost=0
2026-09-04T18:13:06.106+00:00 seq=19289 state=ACTIVE energy=    4191 frames=  38492672 flags=0x04 lost=0
2026-09-04T18:13:06.201+00:00 seq=19290 state=ACTIVE energy=    4384 frames=  38492928 flags=0x04 lost=0
2026-09-04T18:13:06.202+00:00 seq=19291 state=ACTIVE energy=    4182 frames=  38493184 flags=0x04 lost=0
2026-09-04T18:13:06.202+00:00 seq=19292 state=ACTIVE energy=    4347 frames=  38493440 flags=0x04 lost=0
2026-09-04T18:13:06.202+00:00 seq=19293 state=ACTIVE energy=    3993 frames=  38493696 flags=0x04 lost=0
2026-09-04T18:13:06.202+00:00 seq=19294 state=ACTIVE energy=    4178 frames=  38493952 flags=0x04 lost=0
2026-09-04T18:13:06.202+00:00 seq=19295 state=ACTIVE energy=    4571 frames=  38494208 flags=0x04 lost=0
2026-09-04T18:13:06.202+00:00 seq=19296 state=ACTIVE energy=    4582 frames=  38494464 flags=0x04 lost=0
2026-09-04T18:13:06.202+00:00 seq=19297 state=ACTIVE energy=    3375 frames=  38494720 flags=0x04 lost=0
2026-09-04T18:13:06.203+00:00 seq=19298 state=ACTIVE energy=    4530 frames=  38494976 flags=0x04 lost=0
2026-09-04T18:13:06.203+00:00 seq=19299 state=ACTIVE energy=    3825 frames=  38495232 flags=0x04 lost=0
2026-09-04T18:13:06.203+00:00 seq=19300 state=ACTIVE energy=    2256 frames=  38495488 flags=0x04 lost=0
2026-09-04T18:13:06.203+00:00 seq=19301 state=ACTIVE energy=    3131 frames=  38495744 flags=0x04 lost=0
2026-09-04T18:13:06.203+00:00 seq=19302 state=ACTIVE energy=    4082 frames=  38496000 flags=0x04 lost=0
2026-09-04T18:13:06.203+00:00 seq=19303 state=ACTIVE energy=    4872 frames=  38496256 flags=0x04 lost=0
2026-09-04T18:13:06.203+00:00 seq=19304 state=ACTIVE energy=    3458 frames=  38496512 flags=0x04 lost=0
2026-09-04T18:13:06.203+00:00 seq=19305 state=ACTIVE energy=    2930 frames=  38496768 flags=0x04 lost=0
2026-09-04T18:13:06.299+00:00 seq=19306 state=ACTIVE energy=    4938 frames=  38497024 flags=0x04 lost=0
2026-09-04T18:13:06.299+00:00 seq=19307 state=ACTIVE energy=    5653 frames=  38497280 flags=0x04 lost=0
2026-09-04T18:13:06.299+00:00 seq=19308 state=ACTIVE energy=    8826 frames=  38497536 flags=0x04 lost=0
2026-09-04T18:13:06.299+00:00 seq=19309 state=ACTIVE energy=   10080 frames=  38497792 flags=0x04 lost=0
2026-09-04T18:13:06.299+00:00 seq=19310 state=ACTIVE energy=   12056 frames=  38498048 flags=0x04 lost=0
2026-09-04T18:13:06.299+00:00 seq=19311 state=ACTIVE energy=   17237 frames=  38498304 flags=0x04 lost=0
2026-09-04T18:13:06.299+00:00 seq=19312 state=ACTIVE energy=   17978 frames=  38498560 flags=0x04 lost=0
2026-09-04T18:13:06.299+00:00 seq=19313 state=ACTIVE energy=   18356 frames=  38498816 flags=0x04 lost=0
2026-09-04T18:13:06.300+00:00 seq=19314 state=ACTIVE energy=   17569 frames=  38499072 flags=0x04 lost=0
2026-09-04T18:13:06.300+00:00 seq=19315 state=ACTIVE energy=   16651 frames=  38499328 flags=0x04 lost=0
2026-09-04T18:13:06.300+00:00 seq=19316 state=ACTIVE energy=   13703 frames=  38499584 flags=0x04 lost=0
2026-09-04T18:13:06.300+00:00 seq=19317 state=ACTIVE energy=   12245 frames=  38499840 flags=0x04 lost=0
2026-09-04T18:13:06.300+00:00 seq=19318 state=ACTIVE energy=    9309 frames=  38500096 flags=0x04 lost=0
2026-09-04T18:13:06.300+00:00 seq=19319 state=ACTIVE energy=    7684 frames=  38500352 flags=0x04 lost=0
2026-09-04T18:13:06.300+00:00 seq=19320 state=ACTIVE energy=    8846 frames=  38500608 flags=0x04 lost=0
2026-09-04T18:13:06.300+00:00 seq=19321 state=ACTIVE energy=   10982 frames=  38500864 flags=0x04 lost=0
2026-09-04T18:13:06.396+00:00 seq=19322 state=ACTIVE energy=   16570 frames=  38501120 flags=0x04 lost=0
2026-09-04T18:13:06.396+00:00 seq=19323 state=ACTIVE energy=   20918 frames=  38501376 flags=0x04 lost=0
2026-09-04T18:13:06.396+00:00 seq=19324 state=ACTIVE energy=   23572 frames=  38501632 flags=0x04 lost=0
2026-09-04T18:13:06.396+00:00 seq=19325 state=ACTIVE energy=   27449 frames=  38501888 flags=0x04 lost=0
2026-09-04T18:13:06.396+00:00 seq=19326 state=ACTIVE energy=   27266 frames=  38502144 flags=0x04 lost=0
2026-09-04T18:13:06.396+00:00 seq=19327 state=ACTIVE energy=   24404 frames=  38502400 flags=0x04 lost=0
2026-09-04T18:13:06.396+00:00 seq=19328 state=ACTIVE energy=   19956 frames=  38502656 flags=0x04 lost=0
2026-09-04T18:13:06.397+00:00 seq=19329 state=ACTIVE energy=   16520 frames=  38502912 flags=0x04 lost=0
2026-09-04T18:13:06.397+00:00 seq=19330 state=ACTIVE energy=   13267 frames=  38503168 flags=0x04 lost=0
2026-09-04T18:13:06.397+00:00 seq=19331 state=ACTIVE energy=    6251 frames=  38503424 flags=0x04 lost=0
2026-09-04T18:13:06.397+00:00 seq=19332 state=ACTIVE energy=    2624 frames=  38503680 flags=0x04 lost=0
2026-09-04T18:13:06.397+00:00 seq=19333 state=ACTIVE energy=    4274 frames=  38503936 flags=0x04 lost=0
2026-09-04T18:13:06.397+00:00 seq=19334 state=ACTIVE energy=    6814 frames=  38504192 flags=0x04 lost=0
2026-09-04T18:13:06.397+00:00 seq=19335 state=ACTIVE energy=    8124 frames=  38504448 flags=0x04 lost=0
2026-09-04T18:13:06.397+00:00 seq=19336 state=ACTIVE energy=   14826 frames=  38504704 flags=0x04 lost=0
2026-09-04T18:13:06.398+00:00 seq=19337 state=ACTIVE energy=   21477 frames=  38504960 flags=0x04 lost=0
2026-09-04T18:13:06.493+00:00 seq=19338 state=ACTIVE energy=   26549 frames=  38505216 flags=0x04 lost=0
2026-09-04T18:13:06.493+00:00 seq=19339 state=ACTIVE energy=   28851 frames=  38505472 flags=0x04 lost=0
2026-09-04T18:13:06.493+00:00 seq=19340 state=ACTIVE energy=   29416 frames=  38505728 flags=0x04 lost=0
2026-09-04T18:13:06.493+00:00 seq=19341 state=ACTIVE energy=   29712 frames=  38505984 flags=0x04 lost=0
2026-09-04T18:13:06.493+00:00 seq=19342 state=ACTIVE energy=   29856 frames=  38506240 flags=0x04 lost=0
2026-09-04T18:13:06.493+00:00 seq=19343 state=ACTIVE energy=   32949 frames=  38506496 flags=0x04 lost=0
2026-09-04T18:13:06.494+00:00 seq=19344 state=ACTIVE energy=   39026 frames=  38506752 flags=0x04 lost=0
2026-09-04T18:13:06.494+00:00 seq=19345 state=ACTIVE energy=   42604 frames=  38507008 flags=0x04 lost=0
2026-09-04T18:13:06.494+00:00 seq=19346 state=ACTIVE energy=   45490 frames=  38507264 flags=0x04 lost=0
2026-09-04T18:13:06.494+00:00 seq=19347 state=ACTIVE energy=   45061 frames=  38507520 flags=0x04 lost=0
2026-09-04T18:13:06.494+00:00 seq=19348 state=ACTIVE energy=   45236 frames=  38507776 flags=0x04 lost=0
2026-09-04T18:13:06.494+00:00 seq=19349 state=ACTIVE energy=   42801 frames=  38508032 flags=0x04 lost=0
2026-09-04T18:13:06.494+00:00 seq=19350 state=ACTIVE energy=   40891 frames=  38508288 flags=0x04 lost=0
2026-09-04T18:13:06.494+00:00 seq=19351 state=ACTIVE energy=   36819 frames=  38508544 flags=0x04 lost=0
2026-09-04T18:13:06.495+00:00 seq=19352 state=ACTIVE energy=   36128 frames=  38508800 flags=0x04 lost=0
2026-09-04T18:13:06.495+00:00 seq=19353 state=ACTIVE energy=   32653 frames=  38509056 flags=0x04 lost=0
2026-09-04T18:13:06.590+00:00 seq=19354 state=ACTIVE energy=   31885 frames=  38509312 flags=0x04 lost=0
2026-09-04T18:13:06.590+00:00 seq=19355 state=ACTIVE energy=   26895 frames=  38509568 flags=0x04 lost=0
2026-09-04T18:13:06.590+00:00 seq=19356 state=ACTIVE energy=   24633 frames=  38509824 flags=0x04 lost=0
2026-09-04T18:13:06.590+00:00 seq=19357 state=ACTIVE energy=   24070 frames=  38510080 flags=0x04 lost=0
2026-09-04T18:13:06.590+00:00 seq=19358 state=ACTIVE energy=   21224 frames=  38510336 flags=0x04 lost=0
2026-09-04T18:13:06.591+00:00 seq=19359 state=ACTIVE energy=   17222 frames=  38510592 flags=0x04 lost=0
2026-09-04T18:13:06.591+00:00 seq=19360 state=ACTIVE energy=   13054 frames=  38510848 flags=0x04 lost=0
2026-09-04T18:13:06.591+00:00 seq=19361 state=ACTIVE energy=   12962 frames=  38511104 flags=0x04 lost=0
2026-09-04T18:13:06.591+00:00 seq=19362 state=ACTIVE energy=   12887 frames=  38511360 flags=0x04 lost=0
2026-09-04T18:13:06.591+00:00 seq=19363 state=ACTIVE energy=   10624 frames=  38511616 flags=0x04 lost=0
2026-09-04T18:13:06.591+00:00 seq=19364 state=ACTIVE energy=    9938 frames=  38511872 flags=0x04 lost=0
2026-09-04T18:13:06.591+00:00 seq=19365 state=ACTIVE energy=    9380 frames=  38512128 flags=0x04 lost=0
2026-09-04T18:13:06.591+00:00 seq=19366 state=ACTIVE energy=    6236 frames=  38512384 flags=0x04 lost=0
2026-09-04T18:13:06.592+00:00 seq=19367 state=ACTIVE energy=    3345 frames=  38512640 flags=0x04 lost=0
2026-09-04T18:13:06.592+00:00 seq=19368 state=ACTIVE energy=    1497 frames=  38512896 flags=0x04 lost=0
2026-09-04T18:13:06.592+00:00 seq=19369 state=ACTIVE energy=    1432 frames=  38513152 flags=0x04 lost=0
2026-09-04T18:13:06.687+00:00 seq=19370 state=ACTIVE energy=    4143 frames=  38513408 flags=0x04 lost=0
2026-09-04T18:13:06.687+00:00 seq=19371 state=ACTIVE energy=    5417 frames=  38513664 flags=0x04 lost=0
2026-09-04T18:13:06.687+00:00 seq=19372 state=ACTIVE energy=    6511 frames=  38513920 flags=0x04 lost=0
2026-09-04T18:13:06.687+00:00 seq=19373 state=ACTIVE energy=    5335 frames=  38514176 flags=0x04 lost=0
2026-09-04T18:13:06.688+00:00 seq=19374 state=ACTIVE energy=    7223 frames=  38514432 flags=0x04 lost=0
2026-09-04T18:13:06.688+00:00 seq=19375 state=ACTIVE energy=    8329 frames=  38514688 flags=0x04 lost=0
2026-09-04T18:13:06.688+00:00 seq=19376 state=ACTIVE energy=   11719 frames=  38514944 flags=0x04 lost=0
2026-09-04T18:13:06.688+00:00 seq=19377 state=ACTIVE energy=   15905 frames=  38515200 flags=0x04 lost=0
2026-09-04T18:13:06.688+00:00 seq=19378 state=ACTIVE energy=   17363 frames=  38515456 flags=0x04 lost=0
2026-09-04T18:13:06.688+00:00 seq=19379 state=ACTIVE energy=   17009 frames=  38515712 flags=0x04 lost=0
2026-09-04T18:13:06.688+00:00 seq=19380 state=ACTIVE energy=   15208 frames=  38515968 flags=0x04 lost=0
2026-09-04T18:13:06.688+00:00 seq=19381 state=ACTIVE energy=   14074 frames=  38516224 flags=0x04 lost=0
2026-09-04T18:13:06.688+00:00 seq=19382 state=ACTIVE energy=   13838 frames=  38516480 flags=0x04 lost=0
2026-09-04T18:13:06.689+00:00 seq=19383 state=ACTIVE energy=   13520 frames=  38516736 flags=0x04 lost=0
2026-09-04T18:13:06.689+00:00 seq=19384 state=ACTIVE energy=   11375 frames=  38516992 flags=0x04 lost=0
2026-09-04T18:13:06.689+00:00 seq=19385 state=ACTIVE energy=    9815 frames=  38517248 flags=0x04 lost=0
2026-09-04T18:13:06.784+00:00 seq=19386 state=ACTIVE energy=    9410 frames=  38517504 flags=0x04 lost=0
2026-09-04T18:13:06.784+00:00 seq=19387 state=ACTIVE energy=   10372 frames=  38517760 flags=0x04 lost=0
2026-09-04T18:13:06.784+00:00 seq=19388 state=ACTIVE energy=    9671 frames=  38518016 flags=0x04 lost=0
2026-09-04T18:13:06.784+00:00 seq=19389 state=ACTIVE energy=    8450 frames=  38518272 flags=0x04 lost=0
2026-09-04T18:13:06.785+00:00 seq=19390 state=ACTIVE energy=    7853 frames=  38518528 flags=0x04 lost=0
2026-09-04T18:13:06.785+00:00 seq=19391 state=ACTIVE energy=    6013 frames=  38518784 flags=0x04 lost=0
2026-09-04T18:13:06.785+00:00 seq=19392 state=ACTIVE energy=    6573 frames=  38519040 flags=0x04 lost=0
2026-09-04T18:13:06.785+00:00 seq=19393 state=ACTIVE energy=    7537 frames=  38519296 flags=0x04 lost=0
2026-09-04T18:13:06.785+00:00 seq=19394 state=ACTIVE energy=    5816 frames=  38519552 flags=0x04 lost=0
2026-09-04T18:13:06.785+00:00 seq=19395 state=ACTIVE energy=    6228 frames=  38519808 flags=0x04 lost=0
2026-09-04T18:13:06.785+00:00 seq=19396 state=ACTIVE energy=    7998 frames=  38520064 flags=0x04 lost=0
2026-09-04T18:13:06.785+00:00 seq=19397 state=ACTIVE energy=    9121 frames=  38520320 flags=0x04 lost=0
2026-09-04T18:13:06.786+00:00 seq=19398 state=ACTIVE energy=   10929 frames=  38520576 flags=0x04 lost=0
2026-09-04T18:13:06.786+00:00 seq=19399 state=ACTIVE energy=   12322 frames=  38520832 flags=0x04 lost=0
2026-09-04T18:13:06.786+00:00 seq=19400 state=ACTIVE energy=   10648 frames=  38521088 flags=0x04 lost=0
2026-09-04T18:13:06.786+00:00 seq=19401 state=ACTIVE energy=   10761 frames=  38521344 flags=0x04 lost=0
2026-09-04T18:13:06.881+00:00 seq=19402 state=ACTIVE energy=   10665 frames=  38521600 flags=0x04 lost=0
2026-09-04T18:13:06.881+00:00 seq=19403 state=ACTIVE energy=   11101 frames=  38521856 flags=0x04 lost=0
2026-09-04T18:13:06.881+00:00 seq=19404 state=ACTIVE energy=   10255 frames=  38522112 flags=0x04 lost=0
2026-09-04T18:13:06.882+00:00 seq=19405 state=ACTIVE energy=   10573 frames=  38522368 flags=0x04 lost=0
2026-09-04T18:13:06.882+00:00 seq=19406 state=ACTIVE energy=    7692 frames=  38522624 flags=0x04 lost=0
2026-09-04T18:13:06.882+00:00 seq=19407 state=ACTIVE energy=    8308 frames=  38522880 flags=0x04 lost=0
2026-09-04T18:13:06.882+00:00 seq=19408 state=ACTIVE energy=    8423 frames=  38523136 flags=0x04 lost=0
2026-09-04T18:13:06.882+00:00 seq=19409 state=ACTIVE energy=    7237 frames=  38523392 flags=0x04 lost=0
2026-09-04T18:13:06.882+00:00 seq=19410 state=ACTIVE energy=    7329 frames=  38523648 flags=0x04 lost=0
2026-09-04T18:13:06.882+00:00 seq=19411 state=ACTIVE energy=    8430 frames=  38523904 flags=0x04 lost=0
2026-09-04T18:13:06.882+00:00 seq=19412 state=ACTIVE energy=    8156 frames=  38524160 flags=0x04 lost=0
2026-09-04T18:13:06.883+00:00 seq=19413 state=ACTIVE energy=    6594 frames=  38524416 flags=0x04 lost=0
2026-09-04T18:13:06.883+00:00 seq=19414 state=ACTIVE energy=    5748 frames=  38524672 flags=0x04 lost=0
2026-09-04T18:13:06.883+00:00 seq=19415 state=ACTIVE energy=    5246 frames=  38524928 flags=0x04 lost=0
2026-09-04T18:13:06.883+00:00 seq=19416 state=ACTIVE energy=    4647 frames=  38525184 flags=0x04 lost=0
2026-09-04T18:13:06.883+00:00 seq=19417 state=ACTIVE energy=    3630 frames=  38525440 flags=0x04 lost=0
2026-09-04T18:13:06.978+00:00 seq=19418 state=ACTIVE energy=    3901 frames=  38525696 flags=0x04 lost=0
2026-09-04T18:13:06.978+00:00 seq=19419 state=ACTIVE energy=    3084 frames=  38525952 flags=0x04 lost=0
2026-09-04T18:13:06.978+00:00 seq=19420 state=ACTIVE energy=    1481 frames=  38526208 flags=0x04 lost=0
2026-09-04T18:13:06.979+00:00 seq=19421 state=ACTIVE energy=    2674 frames=  38526464 flags=0x04 lost=0
2026-09-04T18:13:06.979+00:00 seq=19422 state=ACTIVE energy=    2380 frames=  38526720 flags=0x04 lost=0
2026-09-04T18:13:06.979+00:00 seq=19423 state=ACTIVE energy=    2207 frames=  38526976 flags=0x04 lost=0
2026-09-04T18:13:06.979+00:00 seq=19424 state=ACTIVE energy=    1316 frames=  38527232 flags=0x04 lost=0
2026-09-04T18:13:06.979+00:00 seq=19425 state=ACTIVE energy=    4837 frames=  38527488 flags=0x04 lost=0
2026-09-04T18:13:06.979+00:00 seq=19426 state=ACTIVE energy=    8541 frames=  38527744 flags=0x04 lost=0
2026-09-04T18:13:06.979+00:00 seq=19427 state=ACTIVE energy=    9192 frames=  38528000 flags=0x04 lost=0
2026-09-04T18:13:06.979+00:00 seq=19428 state=ACTIVE energy=   10117 frames=  38528256 flags=0x04 lost=0
2026-09-04T18:13:06.980+00:00 seq=19429 state=ACTIVE energy=    7279 frames=  38528512 flags=0x04 lost=0
2026-09-04T18:13:06.980+00:00 seq=19430 state=ACTIVE energy=    8675 frames=  38528768 flags=0x04 lost=0
2026-09-04T18:13:06.980+00:00 seq=19431 state=ACTIVE energy=    7664 frames=  38529024 flags=0x04 lost=0
2026-09-04T18:13:06.980+00:00 seq=19432 state=ACTIVE energy=    7364 frames=  38529280 flags=0x04 lost=0
2026-09-04T18:13:06.980+00:00 seq=19433 state=ACTIVE energy=    7854 frames=  38529536 flags=0x04 lost=0
2026-09-04T18:13:07.075+00:00 seq=19434 state=ACTIVE energy=    6743 frames=  38529792 flags=0x04 lost=0
2026-09-04T18:13:07.075+00:00 seq=19435 state=ACTIVE energy=    6211 frames=  38530048 flags=0x04 lost=0
2026-09-04T18:13:07.076+00:00 seq=19436 state=ACTIVE energy=    6055 frames=  38530304 flags=0x04 lost=0
2026-09-04T18:13:07.076+00:00 seq=19437 state=ACTIVE energy=    5903 frames=  38530560 flags=0x04 lost=0
2026-09-04T18:13:07.076+00:00 seq=19438 state=ACTIVE energy=    3633 frames=  38530816 flags=0x04 lost=0
2026-09-04T18:13:07.076+00:00 seq=19439 state=ACTIVE energy=    2922 frames=  38531072 flags=0x04 lost=0
2026-09-04T18:13:07.076+00:00 seq=19440 state=ACTIVE energy=    2664 frames=  38531328 flags=0x04 lost=0
2026-09-04T18:13:07.076+00:00 seq=19441 state=ACTIVE energy=     891 frames=  38531584 flags=0x04 lost=0
2026-09-04T18:13:07.076+00:00 seq=19442 state=ACTIVE energy=    1680 frames=  38531840 flags=0x04 lost=0
2026-09-04T18:13:07.076+00:00 seq=19443 state=ACTIVE energy=    4304 frames=  38532096 flags=0x04 lost=0
2026-09-04T18:13:07.077+00:00 seq=19444 state=ACTIVE energy=    5309 frames=  38532352 flags=0x04 lost=0
2026-09-04T18:13:07.077+00:00 seq=19445 state=ACTIVE energy=    4870 frames=  38532608 flags=0x04 lost=0
2026-09-04T18:13:07.077+00:00 seq=19446 state=ACTIVE energy=    6188 frames=  38532864 flags=0x04 lost=0
2026-09-04T18:13:07.077+00:00 seq=19447 state=ACTIVE energy=    5216 frames=  38533120 flags=0x04 lost=0
2026-09-04T18:13:07.077+00:00 seq=19448 state=ACTIVE energy=    4636 frames=  38533376 flags=0x04 lost=0
2026-09-04T18:13:07.077+00:00 seq=19449 state=ACTIVE energy=    4040 frames=  38533632 flags=0x04 lost=0
2026-09-04T18:13:07.172+00:00 seq=19450 state=ACTIVE energy=    4150 frames=  38533888 flags=0x04 lost=0
2026-09-04T18:13:07.173+00:00 seq=19451 state=ACTIVE energy=    4039 frames=  38534144 flags=0x04 lost=0
2026-09-04T18:13:07.173+00:00 seq=19452 state=ACTIVE energy=    4162 frames=  38534400 flags=0x04 lost=0
2026-09-04T18:13:07.173+00:00 seq=19453 state=ACTIVE energy=    3055 frames=  38534656 flags=0x04 lost=0
2026-09-04T18:13:07.173+00:00 seq=19454 state=ACTIVE energy=    1314 frames=  38534912 flags=0x04 lost=0
2026-09-04T18:13:07.173+00:00 seq=19455 state=ACTIVE energy=    1156 frames=  38535168 flags=0x04 lost=0
2026-09-04T18:13:07.173+00:00 seq=19456 state=ACTIVE energy=    2686 frames=  38535424 flags=0x04 lost=0
2026-09-04T18:13:07.173+00:00 seq=19457 state=ACTIVE energy=    4090 frames=  38535680 flags=0x04 lost=0
2026-09-04T18:13:07.173+00:00 seq=19458 state=ACTIVE energy=    3762 frames=  38535936 flags=0x04 lost=0
2026-09-04T18:13:07.173+00:00 seq=19459 state=ACTIVE energy=    6199 frames=  38536192 flags=0x04 lost=0
2026-09-04T18:13:07.174+00:00 seq=19460 state=ACTIVE energy=    5417 frames=  38536448 flags=0x04 lost=0
2026-09-04T18:13:07.174+00:00 seq=19461 state=ACTIVE energy=    4507 frames=  38536704 flags=0x04 lost=0
2026-09-04T18:13:07.174+00:00 seq=19462 state=ACTIVE energy=    3048 frames=  38536960 flags=0x04 lost=0
2026-09-04T18:13:07.174+00:00 seq=19463 state=ACTIVE energy=    4222 frames=  38537216 flags=0x04 lost=0
2026-09-04T18:13:07.174+00:00 seq=19464 state=ACTIVE energy=    4897 frames=  38537472 flags=0x04 lost=0
2026-09-04T18:13:07.174+00:00 seq=19465 state=ACTIVE energy=    3541 frames=  38537728 flags=0x04 lost=0
2026-09-04T18:13:07.269+00:00 seq=19466 state=ACTIVE energy=    2453 frames=  38537984 flags=0x04 lost=0
2026-09-04T18:13:07.270+00:00 seq=19467 state=ACTIVE energy=    3520 frames=  38538240 flags=0x04 lost=0
2026-09-04T18:13:07.270+00:00 seq=19468 state=ACTIVE energy=    3543 frames=  38538496 flags=0x04 lost=0
2026-09-04T18:13:07.270+00:00 seq=19469 state=ACTIVE energy=    2128 frames=  38538752 flags=0x04 lost=0
2026-09-04T18:13:07.270+00:00 seq=19470 state=ACTIVE energy=    1708 frames=  38539008 flags=0x04 lost=0
2026-09-04T18:13:07.270+00:00 seq=19471 state=ACTIVE energy=    1786 frames=  38539264 flags=0x04 lost=0
2026-09-04T18:13:07.270+00:00 seq=19472 state=ACTIVE energy=     990 frames=  38539520 flags=0x04 lost=0
2026-09-04T18:13:07.270+00:00 seq=19473 state=ACTIVE energy=    1229 frames=  38539776 flags=0x04 lost=0
2026-09-04T18:13:07.271+00:00 seq=19474 state=ACTIVE energy=    3002 frames=  38540032 flags=0x04 lost=0
2026-09-04T18:13:07.271+00:00 seq=19475 state=ACTIVE energy=    2791 frames=  38540288 flags=0x04 lost=0
2026-09-04T18:13:07.271+00:00 seq=19476 state=ACTIVE energy=    3232 frames=  38540544 flags=0x04 lost=0
2026-09-04T18:13:07.271+00:00 seq=19477 state=ACTIVE energy=    4318 frames=  38540800 flags=0x04 lost=0
2026-09-04T18:13:07.271+00:00 seq=19478 state=ACTIVE energy=    3484 frames=  38541056 flags=0x04 lost=0
2026-09-04T18:13:07.271+00:00 seq=19479 state=ACTIVE energy=    2702 frames=  38541312 flags=0x04 lost=0
2026-09-04T18:13:07.271+00:00 seq=19480 state=ACTIVE energy=    1853 frames=  38541568 flags=0x04 lost=0
2026-09-04T18:13:07.271+00:00 seq=19481 state=ACTIVE energy=    1710 frames=  38541824 flags=0x04 lost=0
2026-09-04T18:13:07.367+00:00 seq=19482 state=ACTIVE energy=    1217 frames=  38542080 flags=0x04 lost=0
2026-09-04T18:13:07.367+00:00 seq=19483 state=ACTIVE energy=    1708 frames=  38542336 flags=0x04 lost=0
2026-09-04T18:13:07.367+00:00 seq=19484 state=ACTIVE energy=    1325 frames=  38542592 flags=0x04 lost=0
2026-09-04T18:13:07.367+00:00 seq=19485 state=ACTIVE energy=    1897 frames=  38542848 flags=0x04 lost=0
2026-09-04T18:13:07.367+00:00 seq=19486 state=ACTIVE energy=    4179 frames=  38543104 flags=0x04 lost=0
2026-09-04T18:13:07.367+00:00 seq=19487 state=ACTIVE energy=    2417 frames=  38543360 flags=0x04 lost=0
2026-09-04T18:13:07.367+00:00 seq=19488 state=ACTIVE energy=    3249 frames=  38543616 flags=0x04 lost=0
2026-09-04T18:13:07.367+00:00 seq=19489 state=ACTIVE energy=    3712 frames=  38543872 flags=0x04 lost=0
2026-09-04T18:13:07.368+00:00 seq=19490 state=ACTIVE energy=    4385 frames=  38544128 flags=0x04 lost=0
2026-09-04T18:13:07.368+00:00 seq=19491 state=ACTIVE energy=    2826 frames=  38544384 flags=0x04 lost=0
2026-09-04T18:13:07.368+00:00 seq=19492 state=ACTIVE energy=    3945 frames=  38544640 flags=0x04 lost=0
2026-09-04T18:13:07.368+00:00 seq=19493 state=ACTIVE energy=    3376 frames=  38544896 flags=0x04 lost=0
2026-09-04T18:13:07.368+00:00 seq=19494 state=ACTIVE energy=    2913 frames=  38545152 flags=0x04 lost=0
2026-09-04T18:13:07.368+00:00 seq=19495 state=ACTIVE energy=    3653 frames=  38545408 flags=0x04 lost=0
2026-09-04T18:13:07.368+00:00 seq=19496 state=ACTIVE energy=    2989 frames=  38545664 flags=0x04 lost=0
2026-09-04T18:13:07.368+00:00 seq=19497 state=ACTIVE energy=    2186 frames=  38545920 flags=0x04 lost=0
2026-09-04T18:13:07.464+00:00 seq=19498 state=ACTIVE energy=    1471 frames=  38546176 flags=0x04 lost=0
2026-09-04T18:13:07.464+00:00 seq=19499 state=ACTIVE energy=    1037 frames=  38546432 flags=0x04 lost=0
2026-09-04T18:13:07.464+00:00 seq=19500 state=ACTIVE energy=    1086 frames=  38546688 flags=0x04 lost=0
2026-09-04T18:13:07.464+00:00 seq=19501 state=ACTIVE energy=    2268 frames=  38546944 flags=0x04 lost=0
2026-09-04T18:13:07.464+00:00 seq=19502 state=ACTIVE energy=    3019 frames=  38547200 flags=0x04 lost=0
2026-09-04T18:13:07.464+00:00 seq=19503 state=ACTIVE energy=    5446 frames=  38547456 flags=0x04 lost=0
2026-09-04T18:13:07.464+00:00 seq=19504 state=ACTIVE energy=    6092 frames=  38547712 flags=0x04 lost=0
2026-09-04T18:13:07.465+00:00 seq=19505 state=ACTIVE energy=    6674 frames=  38547968 flags=0x04 lost=0
2026-09-04T18:13:07.465+00:00 seq=19506 state=ACTIVE energy=    6261 frames=  38548224 flags=0x04 lost=0
2026-09-04T18:13:07.465+00:00 seq=19507 state=ACTIVE energy=   11093 frames=  38548480 flags=0x04 lost=0
2026-09-04T18:13:07.465+00:00 seq=19508 state=ACTIVE energy=   15637 frames=  38548736 flags=0x04 lost=0
2026-09-04T18:13:07.465+00:00 seq=19509 state=ACTIVE energy=   17840 frames=  38548992 flags=0x04 lost=0
2026-09-04T18:13:07.465+00:00 seq=19510 state=ACTIVE energy=   18694 frames=  38549248 flags=0x04 lost=0
2026-09-04T18:13:07.465+00:00 seq=19511 state=ACTIVE energy=   18616 frames=  38549504 flags=0x04 lost=0
2026-09-04T18:13:07.465+00:00 seq=19512 state=ACTIVE energy=   14998 frames=  38549760 flags=0x04 lost=0
2026-09-04T18:13:07.466+00:00 seq=19513 state=ACTIVE energy=   11184 frames=  38550016 flags=0x04 lost=0
2026-09-04T18:13:07.561+00:00 seq=19514 state=ACTIVE energy=   13393 frames=  38550272 flags=0x04 lost=0
2026-09-04T18:13:07.561+00:00 seq=19515 state=ACTIVE energy=   12403 frames=  38550528 flags=0x04 lost=0
2026-09-04T18:13:07.561+00:00 seq=19516 state=ACTIVE energy=   11197 frames=  38550784 flags=0x04 lost=0
2026-09-04T18:13:07.561+00:00 seq=19517 state=ACTIVE energy=   10197 frames=  38551040 flags=0x04 lost=0
2026-09-04T18:13:07.561+00:00 seq=19518 state=ACTIVE energy=   10036 frames=  38551296 flags=0x04 lost=0
2026-09-04T18:13:07.561+00:00 seq=19519 state=ACTIVE energy=    7698 frames=  38551552 flags=0x04 lost=0
2026-09-04T18:13:07.562+00:00 seq=19520 state=ACTIVE energy=    6905 frames=  38551808 flags=0x04 lost=0
2026-09-04T18:13:07.562+00:00 seq=19521 state=ACTIVE energy=    7989 frames=  38552064 flags=0x04 lost=0
2026-09-04T18:13:07.562+00:00 seq=19522 state=ACTIVE energy=    6007 frames=  38552320 flags=0x04 lost=0
2026-09-04T18:13:07.562+00:00 seq=19523 state=ACTIVE energy=    5091 frames=  38552576 flags=0x04 lost=0
2026-09-04T18:13:07.562+00:00 seq=19524 state=ACTIVE energy=    2977 frames=  38552832 flags=0x04 lost=0
2026-09-04T18:13:07.562+00:00 seq=19525 state=ACTIVE energy=    1365 frames=  38553088 flags=0x04 lost=0
2026-09-04T18:13:07.562+00:00 seq=19526 state=ACTIVE energy=    5051 frames=  38553344 flags=0x04 lost=0
2026-09-04T18:13:07.562+00:00 seq=19527 state=ACTIVE energy=   12370 frames=  38553600 flags=0x04 lost=0
2026-09-04T18:13:07.563+00:00 seq=19528 state=ACTIVE energy=   13720 frames=  38553856 flags=0x04 lost=0
2026-09-04T18:13:07.563+00:00 seq=19529 state=ACTIVE energy=   12308 frames=  38554112 flags=0x04 lost=0
2026-09-04T18:13:07.658+00:00 seq=19530 state=ACTIVE energy=   12567 frames=  38554368 flags=0x04 lost=0
2026-09-04T18:13:07.658+00:00 seq=19531 state=ACTIVE energy=   11133 frames=  38554624 flags=0x04 lost=0
2026-09-04T18:13:07.658+00:00 seq=19532 state=ACTIVE energy=   11814 frames=  38554880 flags=0x04 lost=0
2026-09-04T18:13:07.658+00:00 seq=19533 state=ACTIVE energy=    9088 frames=  38555136 flags=0x04 lost=0
2026-09-04T18:13:07.658+00:00 seq=19534 state=ACTIVE energy=    8439 frames=  38555392 flags=0x04 lost=0
2026-09-04T18:13:07.659+00:00 seq=19535 state=ACTIVE energy=    6504 frames=  38555648 flags=0x04 lost=0
2026-09-04T18:13:07.659+00:00 seq=19536 state=ACTIVE energy=    7147 frames=  38555904 flags=0x04 lost=0
2026-09-04T18:13:07.659+00:00 seq=19537 state=ACTIVE energy=    5950 frames=  38556160 flags=0x04 lost=0
2026-09-04T18:13:07.659+00:00 seq=19538 state=ACTIVE energy=    4689 frames=  38556416 flags=0x04 lost=0
2026-09-04T18:13:07.659+00:00 seq=19539 state=ACTIVE energy=    4115 frames=  38556672 flags=0x04 lost=0
2026-09-04T18:13:07.659+00:00 seq=19540 state=ACTIVE energy=    2831 frames=  38556928 flags=0x04 lost=0
2026-09-04T18:13:07.659+00:00 seq=19541 state=ACTIVE energy=    3478 frames=  38557184 flags=0x04 lost=0
2026-09-04T18:13:07.659+00:00 seq=19542 state=ACTIVE energy=    2749 frames=  38557440 flags=0x04 lost=0
2026-09-04T18:13:07.659+00:00 seq=19543 state=ACTIVE energy=    2178 frames=  38557696 flags=0x04 lost=0
2026-09-04T18:13:07.660+00:00 seq=19544 state=ACTIVE energy=    2979 frames=  38557952 flags=0x04 lost=0
2026-09-04T18:13:07.660+00:00 seq=19545 state=ACTIVE energy=    1235 frames=  38558208 flags=0x04 lost=0
2026-09-04T18:13:07.755+00:00 seq=19546 state=ACTIVE energy=     931 frames=  38558464 flags=0x04 lost=0
2026-09-04T18:13:07.755+00:00 seq=19547 state=ACTIVE energy=    1094 frames=  38558720 flags=0x04 lost=0
2026-09-04T18:13:07.755+00:00 seq=19548 state=ACTIVE energy=    2716 frames=  38558976 flags=0x04 lost=0
2026-09-04T18:13:07.755+00:00 seq=19549 state=ACTIVE energy=    6719 frames=  38559232 flags=0x04 lost=0
2026-09-04T18:13:07.755+00:00 seq=19550 state=ACTIVE energy=   13780 frames=  38559488 flags=0x04 lost=0
2026-09-04T18:13:07.756+00:00 seq=19551 state=ACTIVE energy=   17823 frames=  38559744 flags=0x04 lost=0
2026-09-04T18:13:07.756+00:00 seq=19552 state=ACTIVE energy=   16397 frames=  38560000 flags=0x04 lost=0
2026-09-04T18:13:07.756+00:00 seq=19553 state=ACTIVE energy=   15026 frames=  38560256 flags=0x04 lost=0
2026-09-04T18:13:07.756+00:00 seq=19554 state=ACTIVE energy=   12123 frames=  38560512 flags=0x04 lost=0
2026-09-04T18:13:07.756+00:00 seq=19555 state=ACTIVE energy=   12399 frames=  38560768 flags=0x04 lost=0
2026-09-04T18:13:07.756+00:00 seq=19556 state=ACTIVE energy=   13521 frames=  38561024 flags=0x04 lost=0
2026-09-04T18:13:07.756+00:00 seq=19557 state=ACTIVE energy=   12747 frames=  38561280 flags=0x04 lost=0
2026-09-04T18:13:07.756+00:00 seq=19558 state=ACTIVE energy=   13249 frames=  38561536 flags=0x04 lost=0
2026-09-04T18:13:07.757+00:00 seq=19559 state=ACTIVE energy=   10687 frames=  38561792 flags=0x04 lost=0
2026-09-04T18:13:07.757+00:00 seq=19560 state=ACTIVE energy=   10283 frames=  38562048 flags=0x04 lost=0
2026-09-04T18:13:07.757+00:00 seq=19561 state=ACTIVE energy=    9144 frames=  38562304 flags=0x04 lost=0
2026-09-04T18:13:07.852+00:00 seq=19562 state=ACTIVE energy=    8051 frames=  38562560 flags=0x04 lost=0
2026-09-04T18:13:07.852+00:00 seq=19563 state=ACTIVE energy=    6789 frames=  38562816 flags=0x04 lost=0
2026-09-04T18:13:07.852+00:00 seq=19564 state=ACTIVE energy=    4925 frames=  38563072 flags=0x04 lost=0
2026-09-04T18:13:07.852+00:00 seq=19565 state=ACTIVE energy=    5373 frames=  38563328 flags=0x04 lost=0
2026-09-04T18:13:07.853+00:00 seq=19566 state=ACTIVE energy=    1962 frames=  38563584 flags=0x04 lost=0
2026-09-04T18:13:07.853+00:00 seq=19567 state=ACTIVE energy=    1215 frames=  38563840 flags=0x04 lost=0
2026-09-04T18:13:07.853+00:00 seq=19568 state=ACTIVE energy=    1573 frames=  38564096 flags=0x04 lost=0
2026-09-04T18:13:07.853+00:00 seq=19569 state=ACTIVE energy=    1251 frames=  38564352 flags=0x04 lost=0
2026-09-04T18:13:07.853+00:00 seq=19570 state=ACTIVE energy=    1885 frames=  38564608 flags=0x04 lost=0
2026-09-04T18:13:07.853+00:00 seq=19571 state=ACTIVE energy=    1475 frames=  38564864 flags=0x04 lost=0
2026-09-04T18:13:07.853+00:00 seq=19572 state=ACTIVE energy=    2859 frames=  38565120 flags=0x04 lost=0
2026-09-04T18:13:07.853+00:00 seq=19573 state=ACTIVE energy=    6865 frames=  38565376 flags=0x04 lost=0
2026-09-04T18:13:07.854+00:00 seq=19574 state=ACTIVE energy=    6920 frames=  38565632 flags=0x04 lost=0
2026-09-04T18:13:07.854+00:00 seq=19575 state=ACTIVE energy=    6727 frames=  38565888 flags=0x04 lost=0
2026-09-04T18:13:07.854+00:00 seq=19576 state=ACTIVE energy=    4670 frames=  38566144 flags=0x04 lost=0
2026-09-04T18:13:07.854+00:00 seq=19577 state=ACTIVE energy=    1981 frames=  38566400 flags=0x04 lost=0
2026-09-04T18:13:07.949+00:00 seq=19578 state=ACTIVE energy=    2643 frames=  38566656 flags=0x04 lost=0
2026-09-04T18:13:07.949+00:00 seq=19579 state=ACTIVE energy=    1526 frames=  38566912 flags=0x04 lost=0
2026-09-04T18:13:07.949+00:00 seq=19580 state=ACTIVE energy=    2754 frames=  38567168 flags=0x04 lost=0
2026-09-04T18:13:07.950+00:00 seq=19581 state=ACTIVE energy=    4092 frames=  38567424 flags=0x04 lost=0
2026-09-04T18:13:07.950+00:00 seq=19582 state=ACTIVE energy=    4926 frames=  38567680 flags=0x04 lost=0
2026-09-04T18:13:07.950+00:00 seq=19583 state=ACTIVE energy=    3193 frames=  38567936 flags=0x04 lost=0
2026-09-04T18:13:07.950+00:00 seq=19584 state=ACTIVE energy=    4091 frames=  38568192 flags=0x04 lost=0
2026-09-04T18:13:07.950+00:00 seq=19585 state=ACTIVE energy=    2957 frames=  38568448 flags=0x04 lost=0
2026-09-04T18:13:07.950+00:00 seq=19586 state=ACTIVE energy=    4283 frames=  38568704 flags=0x04 lost=0
2026-09-04T18:13:07.950+00:00 seq=19587 state=ACTIVE energy=    3198 frames=  38568960 flags=0x04 lost=0
2026-09-04T18:13:07.950+00:00 seq=19588 state=ACTIVE energy=    4656 frames=  38569216 flags=0x04 lost=0
2026-09-04T18:13:07.951+00:00 seq=19589 state=ACTIVE energy=    3507 frames=  38569472 flags=0x04 lost=0
2026-09-04T18:13:07.951+00:00 seq=19590 state=ACTIVE energy=    3451 frames=  38569728 flags=0x04 lost=0
2026-09-04T18:13:07.951+00:00 seq=19591 state=ACTIVE energy=    5381 frames=  38569984 flags=0x04 lost=0
2026-09-04T18:13:07.951+00:00 seq=19592 state=ACTIVE energy=   11396 frames=  38570240 flags=0x04 lost=0
2026-09-04T18:13:07.951+00:00 seq=19593 state=ACTIVE energy=   14310 frames=  38570496 flags=0x04 lost=0
2026-09-04T18:13:08.046+00:00 seq=19594 state=ACTIVE energy=   16688 frames=  38570752 flags=0x04 lost=0
2026-09-04T18:13:08.046+00:00 seq=19595 state=ACTIVE energy=   14716 frames=  38571008 flags=0x04 lost=0
2026-09-04T18:13:08.046+00:00 seq=19596 state=ACTIVE energy=   13533 frames=  38571264 flags=0x04 lost=0
2026-09-04T18:13:08.047+00:00 seq=19597 state=ACTIVE energy=   10585 frames=  38571520 flags=0x04 lost=0
2026-09-04T18:13:08.047+00:00 seq=19598 state=ACTIVE energy=    9752 frames=  38571776 flags=0x04 lost=0
2026-09-04T18:13:08.047+00:00 seq=19599 state=ACTIVE energy=    9660 frames=  38572032 flags=0x04 lost=0
2026-09-04T18:13:08.047+00:00 seq=19600 state=ACTIVE energy=    9236 frames=  38572288 flags=0x04 lost=0
2026-09-04T18:13:08.047+00:00 seq=19601 state=ACTIVE energy=    8520 frames=  38572544 flags=0x04 lost=0
2026-09-04T18:13:08.047+00:00 seq=19602 state=ACTIVE energy=    8406 frames=  38572800 flags=0x04 lost=0
2026-09-04T18:13:08.047+00:00 seq=19603 state=ACTIVE energy=    8664 frames=  38573056 flags=0x04 lost=0
2026-09-04T18:13:08.047+00:00 seq=19604 state=ACTIVE energy=    7193 frames=  38573312 flags=0x04 lost=0
2026-09-04T18:13:08.048+00:00 seq=19605 state=ACTIVE energy=    6597 frames=  38573568 flags=0x04 lost=0
2026-09-04T18:13:08.048+00:00 seq=19606 state=ACTIVE energy=    5031 frames=  38573824 flags=0x04 lost=0
2026-09-04T18:13:08.048+00:00 seq=19607 state=ACTIVE energy=    5676 frames=  38574080 flags=0x04 lost=0
2026-09-04T18:13:08.048+00:00 seq=19608 state=ACTIVE energy=    4730 frames=  38574336 flags=0x04 lost=0
2026-09-04T18:13:08.048+00:00 seq=19609 state=ACTIVE energy=    4443 frames=  38574592 flags=0x04 lost=0
2026-09-04T18:13:08.143+00:00 seq=19610 state=ACTIVE energy=    5762 frames=  38574848 flags=0x04 lost=0
2026-09-04T18:13:08.143+00:00 seq=19611 state=ACTIVE energy=    6460 frames=  38575104 flags=0x04 lost=0
2026-09-04T18:13:08.144+00:00 seq=19612 state=ACTIVE energy=    6160 frames=  38575360 flags=0x04 lost=0
2026-09-04T18:13:08.144+00:00 seq=19613 state=ACTIVE energy=    6367 frames=  38575616 flags=0x04 lost=0
2026-09-04T18:13:08.144+00:00 seq=19614 state=ACTIVE energy=    3643 frames=  38575872 flags=0x04 lost=0
2026-09-04T18:13:08.144+00:00 seq=19615 state=ACTIVE energy=    5195 frames=  38576128 flags=0x04 lost=0
2026-09-04T18:13:08.144+00:00 seq=19616 state=ACTIVE energy=    3286 frames=  38576384 flags=0x04 lost=0
2026-09-04T18:13:08.144+00:00 seq=19617 state=ACTIVE energy=    4829 frames=  38576640 flags=0x04 lost=0
2026-09-04T18:13:08.144+00:00 seq=19618 state=ACTIVE energy=    5241 frames=  38576896 flags=0x04 lost=0
2026-09-04T18:13:08.144+00:00 seq=19619 state=ACTIVE energy=    4501 frames=  38577152 flags=0x04 lost=0
2026-09-04T18:13:08.145+00:00 seq=19620 state=ACTIVE energy=    5844 frames=  38577408 flags=0x04 lost=0
2026-09-04T18:13:08.145+00:00 seq=19621 state=ACTIVE energy=    5107 frames=  38577664 flags=0x04 lost=0
2026-09-04T18:13:08.145+00:00 seq=19622 state=ACTIVE energy=    4003 frames=  38577920 flags=0x04 lost=0
2026-09-04T18:13:08.145+00:00 seq=19623 state=ACTIVE energy=    3826 frames=  38578176 flags=0x04 lost=0
2026-09-04T18:13:08.145+00:00 seq=19624 state=ACTIVE energy=    3627 frames=  38578432 flags=0x04 lost=0
2026-09-04T18:13:08.145+00:00 seq=19625 state=ACTIVE energy=    4189 frames=  38578688 flags=0x04 lost=0
2026-09-04T18:13:08.240+00:00 seq=19626 state=ACTIVE energy=    5398 frames=  38578944 flags=0x04 lost=0
2026-09-04T18:13:08.241+00:00 seq=19627 state=ACTIVE energy=    6004 frames=  38579200 flags=0x04 lost=0
2026-09-04T18:13:08.241+00:00 seq=19628 state=ACTIVE energy=    3566 frames=  38579456 flags=0x04 lost=0
2026-09-04T18:13:08.241+00:00 seq=19629 state=ACTIVE energy=    2751 frames=  38579712 flags=0x04 lost=0
2026-09-04T18:13:08.241+00:00 seq=19630 state=ACTIVE energy=    4835 frames=  38579968 flags=0x04 lost=0
2026-09-04T18:13:08.241+00:00 seq=19631 state=ACTIVE energy=    3996 frames=  38580224 flags=0x04 lost=0
2026-09-04T18:13:08.241+00:00 seq=19632 state=ACTIVE energy=    1982 frames=  38580480 flags=0x04 lost=0
2026-09-04T18:13:08.241+00:00 seq=19633 state=ACTIVE energy=    2675 frames=  38580736 flags=0x04 lost=0
2026-09-04T18:13:08.241+00:00 seq=19634 state=ACTIVE energy=    1667 frames=  38580992 flags=0x04 lost=0
2026-09-04T18:13:08.242+00:00 seq=19635 state=ACTIVE energy=    1385 frames=  38581248 flags=0x04 lost=0
2026-09-04T18:13:08.242+00:00 seq=19636 state=ACTIVE energy=    2193 frames=  38581504 flags=0x04 lost=0
2026-09-04T18:13:08.242+00:00 seq=19637 state=ACTIVE energy=    1136 frames=  38581760 flags=0x04 lost=0
2026-09-04T18:13:08.242+00:00 seq=19638 state=ACTIVE energy=     938 frames=  38582016 flags=0x04 lost=0
2026-09-04T18:13:08.242+00:00 seq=19639 state=ACTIVE energy=    1084 frames=  38582272 flags=0x04 lost=0
2026-09-04T18:13:08.242+00:00 seq=19640 state=ACTIVE energy=    2017 frames=  38582528 flags=0x04 lost=0
2026-09-04T18:13:08.242+00:00 seq=19641 state=ACTIVE energy=    2063 frames=  38582784 flags=0x04 lost=0
2026-09-04T18:13:08.337+00:00 seq=19642 state=ACTIVE energy=    1629 frames=  38583040 flags=0x04 lost=0
2026-09-04T18:13:08.338+00:00 seq=19643 state=ACTIVE energy=     921 frames=  38583296 flags=0x04 lost=0
2026-09-04T18:13:08.338+00:00 seq=19644 state=ACTIVE energy=    1459 frames=  38583552 flags=0x04 lost=0
2026-09-04T18:13:08.338+00:00 seq=19645 state=ACTIVE energy=    2060 frames=  38583808 flags=0x04 lost=0
2026-09-04T18:13:08.338+00:00 seq=19646 state=ACTIVE energy=    3778 frames=  38584064 flags=0x04 lost=0
2026-09-04T18:13:08.338+00:00 seq=19647 state=ACTIVE energy=    5416 frames=  38584320 flags=0x04 lost=0
2026-09-04T18:13:08.338+00:00 seq=19648 state=ACTIVE energy=    4210 frames=  38584576 flags=0x04 lost=0
2026-09-04T18:13:08.338+00:00 seq=19649 state=ACTIVE energy=    4039 frames=  38584832 flags=0x04 lost=0
2026-09-04T18:13:08.338+00:00 seq=19650 state=ACTIVE energy=    2384 frames=  38585088 flags=0x04 lost=0
2026-09-04T18:13:08.339+00:00 seq=19651 state=ACTIVE energy=    1405 frames=  38585344 flags=0x04 lost=0
2026-09-04T18:13:08.339+00:00 seq=19652 state=ACTIVE energy=    1480 frames=  38585600 flags=0x04 lost=0
2026-09-04T18:13:08.339+00:00 seq=19653 state=ACTIVE energy=    1426 frames=  38585856 flags=0x04 lost=0
2026-09-04T18:13:08.339+00:00 seq=19654 state=ACTIVE energy=     956 frames=  38586112 flags=0x04 lost=0
2026-09-04T18:13:08.339+00:00 seq=19655 state=ACTIVE energy=    2664 frames=  38586368 flags=0x04 lost=0
2026-09-04T18:13:08.339+00:00 seq=19656 state=ACTIVE energy=    2796 frames=  38586624 flags=0x04 lost=0
2026-09-04T18:13:08.339+00:00 seq=19657 state=ACTIVE energy=    5245 frames=  38586880 flags=0x04 lost=0
2026-09-04T18:13:08.434+00:00 seq=19658 state=ACTIVE energy=    4431 frames=  38587136 flags=0x04 lost=0
2026-09-04T18:13:08.435+00:00 seq=19659 state=ACTIVE energy=    2664 frames=  38587392 flags=0x04 lost=0
2026-09-04T18:13:08.435+00:00 seq=19660 state=ACTIVE energy=    2629 frames=  38587648 flags=0x04 lost=0
2026-09-04T18:13:08.435+00:00 seq=19661 state=ACTIVE energy=    2339 frames=  38587904 flags=0x04 lost=0
2026-09-04T18:13:08.435+00:00 seq=19662 state=ACTIVE energy=    1915 frames=  38588160 flags=0x04 lost=0
2026-09-04T18:13:08.435+00:00 seq=19663 state=ACTIVE energy=    1568 frames=  38588416 flags=0x04 lost=0
2026-09-04T18:13:08.435+00:00 seq=19664 state=ACTIVE energy=    2770 frames=  38588672 flags=0x04 lost=0
2026-09-04T18:13:08.435+00:00 seq=19665 state=ACTIVE energy=    2352 frames=  38588928 flags=0x04 lost=0
2026-09-04T18:13:08.435+00:00 seq=19666 state=ACTIVE energy=    3700 frames=  38589184 flags=0x04 lost=0
2026-09-04T18:13:08.435+00:00 seq=19667 state=ACTIVE energy=    3547 frames=  38589440 flags=0x04 lost=0
2026-09-04T18:13:08.436+00:00 seq=19668 state=ACTIVE energy=    2651 frames=  38589696 flags=0x04 lost=0
2026-09-04T18:13:08.436+00:00 seq=19669 state=ACTIVE energy=    3981 frames=  38589952 flags=0x04 lost=0
2026-09-04T18:13:08.436+00:00 seq=19670 state=ACTIVE energy=    3447 frames=  38590208 flags=0x04 lost=0
2026-09-04T18:13:08.436+00:00 seq=19671 state=ACTIVE energy=    3274 frames=  38590464 flags=0x04 lost=0
2026-09-04T18:13:08.436+00:00 seq=19672 state=ACTIVE energy=    2442 frames=  38590720 flags=0x04 lost=0
2026-09-04T18:13:08.436+00:00 seq=19673 state=ACTIVE energy=    3758 frames=  38590976 flags=0x04 lost=0
2026-09-04T18:13:08.532+00:00 seq=19674 state=ACTIVE energy=    2872 frames=  38591232 flags=0x04 lost=0
2026-09-04T18:13:08.532+00:00 seq=19675 state=ACTIVE energy=    2274 frames=  38591488 flags=0x04 lost=0
2026-09-04T18:13:08.532+00:00 seq=19676 state=ACTIVE energy=    4185 frames=  38591744 flags=0x04 lost=0
2026-09-04T18:13:08.532+00:00 seq=19677 state=ACTIVE energy=    4988 frames=  38592000 flags=0x04 lost=0
2026-09-04T18:13:08.532+00:00 seq=19678 state=ACTIVE energy=    4541 frames=  38592256 flags=0x04 lost=0
2026-09-04T18:13:08.532+00:00 seq=19679 state=ACTIVE energy=    3907 frames=  38592512 flags=0x04 lost=0
2026-09-04T18:13:08.532+00:00 seq=19680 state=ACTIVE energy=    4247 frames=  38592768 flags=0x04 lost=0
2026-09-04T18:13:08.533+00:00 seq=19681 state=ACTIVE energy=    4014 frames=  38593024 flags=0x04 lost=0
2026-09-04T18:13:08.533+00:00 seq=19682 state=ACTIVE energy=    4065 frames=  38593280 flags=0x04 lost=0
2026-09-04T18:13:08.533+00:00 seq=19683 state=ACTIVE energy=    3848 frames=  38593536 flags=0x04 lost=0
2026-09-04T18:13:08.533+00:00 seq=19684 state=ACTIVE energy=    3960 frames=  38593792 flags=0x04 lost=0
2026-09-04T18:13:08.533+00:00 seq=19685 state=ACTIVE energy=    3102 frames=  38594048 flags=0x04 lost=0
2026-09-04T18:13:08.533+00:00 seq=19686 state=ACTIVE energy=    2376 frames=  38594304 flags=0x04 lost=0
2026-09-04T18:13:08.533+00:00 seq=19687 state=ACTIVE energy=    3295 frames=  38594560 flags=0x04 lost=0
2026-09-04T18:13:08.533+00:00 seq=19688 state=ACTIVE energy=    4028 frames=  38594816 flags=0x04 lost=0
2026-09-04T18:13:08.534+00:00 seq=19689 state=ACTIVE energy=    2594 frames=  38595072 flags=0x04 lost=0
2026-09-04T18:13:08.629+00:00 seq=19690 state=ACTIVE energy=    2434 frames=  38595328 flags=0x04 lost=0
2026-09-04T18:13:08.629+00:00 seq=19691 state=ACTIVE energy=    3374 frames=  38595584 flags=0x04 lost=0
2026-09-04T18:13:08.629+00:00 seq=19692 state=ACTIVE energy=    3586 frames=  38595840 flags=0x04 lost=0
2026-09-04T18:13:08.629+00:00 seq=19693 state=ACTIVE energy=    1659 frames=  38596096 flags=0x04 lost=0
2026-09-04T18:13:08.629+00:00 seq=19694 state=ACTIVE energy=     974 frames=  38596352 flags=0x04 lost=0
2026-09-04T18:13:08.629+00:00 seq=19695 state=ACTIVE energy=     992 frames=  38596608 flags=0x04 lost=0
2026-09-04T18:13:08.629+00:00 seq=19696 state=ACTIVE energy=    2272 frames=  38596864 flags=0x04 lost=0
2026-09-04T18:13:08.630+00:00 seq=19697 state=ACTIVE energy=    2312 frames=  38597120 flags=0x04 lost=0
2026-09-04T18:13:08.630+00:00 seq=19698 state=ACTIVE energy=    1809 frames=  38597376 flags=0x04 lost=0
2026-09-04T18:13:08.630+00:00 seq=19699 state=ACTIVE energy=    1765 frames=  38597632 flags=0x04 lost=0
2026-09-04T18:13:08.630+00:00 seq=19700 state=ACTIVE energy=    1113 frames=  38597888 flags=0x04 lost=0
2026-09-04T18:13:08.630+00:00 seq=19701 state=ACTIVE energy=    1714 frames=  38598144 flags=0x04 lost=0
2026-09-04T18:13:08.630+00:00 seq=19702 state=ACTIVE energy=    1345 frames=  38598400 flags=0x04 lost=0
2026-09-04T18:13:08.630+00:00 seq=19703 state=ACTIVE energy=    1562 frames=  38598656 flags=0x04 lost=0
2026-09-04T18:13:08.630+00:00 seq=19704 state=ACTIVE energy=    3695 frames=  38598912 flags=0x04 lost=0
2026-09-04T18:13:08.631+00:00 seq=19705 state=ACTIVE energy=    5751 frames=  38599168 flags=0x04 lost=0
2026-09-04T18:13:08.726+00:00 seq=19706 state=ACTIVE energy=    5590 frames=  38599424 flags=0x04 lost=0
2026-09-04T18:13:08.726+00:00 seq=19707 state=ACTIVE energy=    5669 frames=  38599680 flags=0x04 lost=0
2026-09-04T18:13:08.726+00:00 seq=19708 state=ACTIVE energy=    6739 frames=  38599936 flags=0x04 lost=0
2026-09-04T18:13:08.726+00:00 seq=19709 state=ACTIVE energy=    5500 frames=  38600192 flags=0x04 lost=0
2026-09-04T18:13:08.726+00:00 seq=19710 state=ACTIVE energy=    5092 frames=  38600448 flags=0x04 lost=0
2026-09-04T18:13:08.727+00:00 seq=19711 state=ACTIVE energy=    5380 frames=  38600704 flags=0x04 lost=0
2026-09-04T18:13:08.727+00:00 seq=19712 state=ACTIVE energy=    3553 frames=  38600960 flags=0x04 lost=0
2026-09-04T18:13:08.727+00:00 seq=19713 state=ACTIVE energy=    2413 frames=  38601216 flags=0x04 lost=0
2026-09-04T18:13:08.727+00:00 seq=19714 state=ACTIVE energy=    2335 frames=  38601472 flags=0x04 lost=0
2026-09-04T18:13:08.727+00:00 seq=19715 state=ACTIVE energy=    4104 frames=  38601728 flags=0x04 lost=0
2026-09-04T18:13:08.727+00:00 seq=19716 state=ACTIVE energy=    3384 frames=  38601984 flags=0x04 lost=0
2026-09-04T18:13:08.727+00:00 seq=19717 state=ACTIVE energy=    3239 frames=  38602240 flags=0x04 lost=0
2026-09-04T18:13:08.727+00:00 seq=19718 state=ACTIVE energy=    3060 frames=  38602496 flags=0x04 lost=0
2026-09-04T18:13:08.728+00:00 seq=19719 state=ACTIVE energy=    1300 frames=  38602752 flags=0x04 lost=0
2026-09-04T18:13:08.728+00:00 seq=19720 state=ACTIVE energy=     897 frames=  38603008 flags=0x04 lost=0
2026-09-04T18:13:08.728+00:00 seq=19721 state=ACTIVE energy=    1766 frames=  38603264 flags=0x04 lost=0
2026-09-04T18:13:08.823+00:00 seq=19722 state=ACTIVE energy=    5788 frames=  38603520 flags=0x04 lost=0
2026-09-04T18:13:08.823+00:00 seq=19723 state=ACTIVE energy=    6249 frames=  38603776 flags=0x04 lost=0
2026-09-04T18:13:08.823+00:00 seq=19724 state=ACTIVE energy=    5696 frames=  38604032 flags=0x04 lost=0
2026-09-04T18:13:08.823+00:00 seq=19725 state=ACTIVE energy=    7053 frames=  38604288 flags=0x04 lost=0
2026-09-04T18:13:08.823+00:00 seq=19726 state=ACTIVE energy=    5538 frames=  38604544 flags=0x04 lost=0
2026-09-04T18:13:08.824+00:00 seq=19727 state=ACTIVE energy=    4829 frames=  38604800 flags=0x04 lost=0
2026-09-04T18:13:08.824+00:00 seq=19728 state=ACTIVE energy=    4240 frames=  38605056 flags=0x04 lost=0
2026-09-04T18:13:08.824+00:00 seq=19729 state=ACTIVE energy=    5074 frames=  38605312 flags=0x04 lost=0
2026-09-04T18:13:08.824+00:00 seq=19730 state=ACTIVE energy=    3611 frames=  38605568 flags=0x04 lost=0
2026-09-04T18:13:08.824+00:00 seq=19731 state=ACTIVE energy=    3914 frames=  38605824 flags=0x04 lost=0
2026-09-04T18:13:08.824+00:00 seq=19732 state=ACTIVE energy=    2312 frames=  38606080 flags=0x04 lost=0
2026-09-04T18:13:08.824+00:00 seq=19733 state=ACTIVE energy=    3170 frames=  38606336 flags=0x04 lost=0
2026-09-04T18:13:08.824+00:00 seq=19734 state=ACTIVE energy=    2424 frames=  38606592 flags=0x04 lost=0
2026-09-04T18:13:08.825+00:00 seq=19735 state=ACTIVE energy=    1847 frames=  38606848 flags=0x04 lost=0
2026-09-04T18:13:08.825+00:00 seq=19736 state=ACTIVE energy=    1577 frames=  38607104 flags=0x04 lost=0
2026-09-04T18:13:08.825+00:00 seq=19737 state=ACTIVE energy=    1265 frames=  38607360 flags=0x04 lost=0
2026-09-04T18:13:08.920+00:00 seq=19738 state=ACTIVE energy=    2082 frames=  38607616 flags=0x04 lost=0
2026-09-04T18:13:08.920+00:00 seq=19739 state=ACTIVE energy=    1618 frames=  38607872 flags=0x04 lost=0
2026-09-04T18:13:08.920+00:00 seq=19740 state=ACTIVE energy=    2293 frames=  38608128 flags=0x04 lost=0
2026-09-04T18:13:08.920+00:00 seq=19741 state=ACTIVE energy=    2405 frames=  38608384 flags=0x04 lost=0
2026-09-04T18:13:08.921+00:00 seq=19742 state=ACTIVE energy=    3804 frames=  38608640 flags=0x04 lost=0
2026-09-04T18:13:08.921+00:00 seq=19743 state=ACTIVE energy=    3783 frames=  38608896 flags=0x04 lost=0
2026-09-04T18:13:08.921+00:00 seq=19744 state=ACTIVE energy=    4301 frames=  38609152 flags=0x04 lost=0
2026-09-04T18:13:08.921+00:00 seq=19745 state=ACTIVE energy=    2393 frames=  38609408 flags=0x04 lost=0
2026-09-04T18:13:08.921+00:00 seq=19746 state=ACTIVE energy=     969 frames=  38609664 flags=0x04 lost=0
2026-09-04T18:13:08.921+00:00 seq=19747 state=ACTIVE energy=    1262 frames=  38609920 flags=0x04 lost=0
2026-09-04T18:13:08.921+00:00 seq=19748 state=ACTIVE energy=    2142 frames=  38610176 flags=0x04 lost=0
2026-09-04T18:13:08.921+00:00 seq=19749 state=ACTIVE energy=    3201 frames=  38610432 flags=0x04 lost=0
2026-09-04T18:13:08.922+00:00 seq=19750 state=ACTIVE energy=    4736 frames=  38610688 flags=0x04 lost=0
2026-09-04T18:13:08.922+00:00 seq=19751 state=ACTIVE energy=    4504 frames=  38610944 flags=0x04 lost=0
2026-09-04T18:13:08.922+00:00 seq=19752 state=ACTIVE energy=    3025 frames=  38611200 flags=0x04 lost=0
2026-09-04T18:13:08.922+00:00 seq=19753 state=ACTIVE energy=    3177 frames=  38611456 flags=0x04 lost=0
2026-09-04T18:13:09.017+00:00 seq=19754 state=ACTIVE energy=    2843 frames=  38611712 flags=0x04 lost=0
2026-09-04T18:13:09.017+00:00 seq=19755 state=ACTIVE energy=    3101 frames=  38611968 flags=0x04 lost=0
2026-09-04T18:13:09.017+00:00 seq=19756 state=ACTIVE energy=    3274 frames=  38612224 flags=0x04 lost=0
2026-09-04T18:13:09.017+00:00 seq=19757 state=ACTIVE energy=    6571 frames=  38612480 flags=0x04 lost=0
2026-09-04T18:13:09.018+00:00 seq=19758 state=ACTIVE energy=    6227 frames=  38612736 flags=0x04 lost=0
2026-09-04T18:13:09.018+00:00 seq=19759 state=ACTIVE energy=    5856 frames=  38612992 flags=0x04 lost=0
2026-09-04T18:13:09.018+00:00 seq=19760 state=ACTIVE energy=    4260 frames=  38613248 flags=0x04 lost=0
2026-09-04T18:13:09.018+00:00 seq=19761 state=ACTIVE energy=    7348 frames=  38613504 flags=0x04 lost=0
2026-09-04T18:13:09.018+00:00 seq=19762 state=ACTIVE energy=    6688 frames=  38613760 flags=0x04 lost=0
2026-09-04T18:13:09.018+00:00 seq=19763 state=ACTIVE energy=    6329 frames=  38614016 flags=0x04 lost=0
2026-09-04T18:13:09.018+00:00 seq=19764 state=ACTIVE energy=    4440 frames=  38614272 flags=0x04 lost=0
2026-09-04T18:13:09.018+00:00 seq=19765 state=ACTIVE energy=    4493 frames=  38614528 flags=0x04 lost=0
2026-09-04T18:13:09.019+00:00 seq=19766 state=ACTIVE energy=    4202 frames=  38614784 flags=0x04 lost=0
2026-09-04T18:13:09.019+00:00 seq=19767 state=ACTIVE energy=    3111 frames=  38615040 flags=0x04 lost=0
2026-09-04T18:13:09.019+00:00 seq=19768 state=ACTIVE energy=    1985 frames=  38615296 flags=0x04 lost=0
2026-09-04T18:13:09.019+00:00 seq=19769 state=ACTIVE energy=    1510 frames=  38615552 flags=0x04 lost=0
2026-09-04T18:13:09.114+00:00 seq=19770 state=ACTIVE energy=     906 frames=  38615808 flags=0x04 lost=0
2026-09-04T18:13:09.114+00:00 seq=19771 state=ACTIVE energy=    3213 frames=  38616064 flags=0x04 lost=0
2026-09-04T18:13:09.115+00:00 seq=19772 state=ACTIVE energy=    1418 frames=  38616320 flags=0x04 lost=0
2026-09-04T18:13:09.115+00:00 seq=19773 state=ACTIVE energy=     982 frames=  38616576 flags=0x04 lost=0
2026-09-04T18:13:09.115+00:00 seq=19774 state=ACTIVE energy=    1264 frames=  38616832 flags=0x04 lost=0
2026-09-04T18:13:09.115+00:00 seq=19775 state=ACTIVE energy=    1297 frames=  38617088 flags=0x04 lost=0
2026-09-04T18:13:09.115+00:00 seq=19776 state=ACTIVE energy=    1570 frames=  38617344 flags=0x04 lost=0
2026-09-04T18:13:09.115+00:00 seq=19777 state=ACTIVE energy=    2629 frames=  38617600 flags=0x04 lost=0
2026-09-04T18:13:09.115+00:00 seq=19778 state=ACTIVE energy=    4364 frames=  38617856 flags=0x04 lost=0
2026-09-04T18:13:09.115+00:00 seq=19779 state=ACTIVE energy=    4163 frames=  38618112 flags=0x04 lost=0
2026-09-04T18:13:09.115+00:00 seq=19780 state=ACTIVE energy=    5366 frames=  38618368 flags=0x04 lost=0
2026-09-04T18:13:09.116+00:00 seq=19781 state=ACTIVE energy=    4527 frames=  38618624 flags=0x04 lost=0
2026-09-04T18:13:09.116+00:00 seq=19782 state=ACTIVE energy=    4527 frames=  38618880 flags=0x04 lost=0
2026-09-04T18:13:09.116+00:00 seq=19783 state=ACTIVE energy=    3558 frames=  38619136 flags=0x04 lost=0
2026-09-04T18:13:09.116+00:00 seq=19784 state=ACTIVE energy=    2432 frames=  38619392 flags=0x04 lost=0
2026-09-04T18:13:09.116+00:00 seq=19785 state=ACTIVE energy=    1453 frames=  38619648 flags=0x04 lost=0
2026-09-04T18:13:09.211+00:00 seq=19786 state=ACTIVE energy=    1814 frames=  38619904 flags=0x04 lost=0
2026-09-04T18:13:09.211+00:00 seq=19787 state=ACTIVE energy=    2101 frames=  38620160 flags=0x04 lost=0
2026-09-04T18:13:09.212+00:00 seq=19788 state=ACTIVE energy=    1257 frames=  38620416 flags=0x04 lost=0
2026-09-04T18:13:09.212+00:00 seq=19789 state=ACTIVE energy=    1163 frames=  38620672 flags=0x04 lost=0
2026-09-04T18:13:09.212+00:00 seq=19790 state=ACTIVE energy=    1218 frames=  38620928 flags=0x04 lost=0
2026-09-04T18:13:09.212+00:00 seq=19791 state=ACTIVE energy=    1255 frames=  38621184 flags=0x04 lost=0
2026-09-04T18:13:09.212+00:00 seq=19792 state=ACTIVE energy=    1195 frames=  38621440 flags=0x04 lost=0
2026-09-04T18:13:09.212+00:00 seq=19793 state=ACTIVE energy=    2496 frames=  38621696 flags=0x04 lost=0
2026-09-04T18:13:09.212+00:00 seq=19794 state=ACTIVE energy=    3956 frames=  38621952 flags=0x04 lost=0
2026-09-04T18:13:09.212+00:00 seq=19795 state=ACTIVE energy=    3955 frames=  38622208 flags=0x04 lost=0
2026-09-04T18:13:09.213+00:00 seq=19796 state=ACTIVE energy=    1735 frames=  38622464 flags=0x04 lost=0
2026-09-04T18:13:09.213+00:00 seq=19797 state=ACTIVE energy=    1192 frames=  38622720 flags=0x04 lost=0
2026-09-04T18:13:09.213+00:00 seq=19798 state=ACTIVE energy=    4333 frames=  38622976 flags=0x04 lost=0
2026-09-04T18:13:09.213+00:00 seq=19799 state=ACTIVE energy=    3876 frames=  38623232 flags=0x04 lost=0
2026-09-04T18:13:09.213+00:00 seq=19800 state=ACTIVE energy=    1939 frames=  38623488 flags=0x04 lost=0
2026-09-04T18:13:09.213+00:00 seq=19801 state=ACTIVE energy=    1459 frames=  38623744 flags=0x04 lost=0
2026-09-04T18:13:09.308+00:00 seq=19802 state=ACTIVE energy=    3632 frames=  38624000 flags=0x04 lost=0
2026-09-04T18:13:09.309+00:00 seq=19803 state=ACTIVE energy=    2438 frames=  38624256 flags=0x04 lost=0
2026-09-04T18:13:09.309+00:00 seq=19804 state=ACTIVE energy=    2067 frames=  38624512 flags=0x04 lost=0
2026-09-04T18:13:09.309+00:00 seq=19805 state=ACTIVE energy=    2253 frames=  38624768 flags=0x04 lost=0
2026-09-04T18:13:09.309+00:00 seq=19806 state=ACTIVE energy=    1665 frames=  38625024 flags=0x04 lost=0
2026-09-04T18:13:09.309+00:00 seq=19807 state=ACTIVE energy=    2103 frames=  38625280 flags=0x04 lost=0
2026-09-04T18:13:09.309+00:00 seq=19808 state=ACTIVE energy=    1146 frames=  38625536 flags=0x04 lost=0
2026-09-04T18:13:09.309+00:00 seq=19809 state=ACTIVE energy=    1136 frames=  38625792 flags=0x04 lost=0
2026-09-04T18:13:09.309+00:00 seq=19810 state=ACTIVE energy=    1212 frames=  38626048 flags=0x04 lost=0
2026-09-04T18:13:09.310+00:00 seq=19811 state=ACTIVE energy=    1896 frames=  38626304 flags=0x04 lost=0
2026-09-04T18:13:09.310+00:00 seq=19812 state=ACTIVE energy=     785 frames=  38626560 flags=0x04 lost=0
2026-09-04T18:13:09.310+00:00 seq=19813 state=ACTIVE energy=    1718 frames=  38626816 flags=0x04 lost=0
2026-09-04T18:13:09.310+00:00 seq=19814 state=ACTIVE energy=    1835 frames=  38627072 flags=0x04 lost=0
2026-09-04T18:13:09.310+00:00 seq=19815 state=ACTIVE energy=    3275 frames=  38627328 flags=0x04 lost=0
2026-09-04T18:13:09.310+00:00 seq=19816 state=ACTIVE energy=    1859 frames=  38627584 flags=0x04 lost=0
2026-09-04T18:13:09.310+00:00 seq=19817 state=ACTIVE energy=    1231 frames=  38627840 flags=0x04 lost=0
2026-09-04T18:13:09.406+00:00 seq=19818 state=ACTIVE energy=    3512 frames=  38628096 flags=0x04 lost=0
2026-09-04T18:13:09.406+00:00 seq=19819 state=ACTIVE energy=    1792 frames=  38628352 flags=0x04 lost=0
2026-09-04T18:13:09.406+00:00 seq=19820 state=ACTIVE energy=     997 frames=  38628608 flags=0x04 lost=0
2026-09-04T18:13:09.406+00:00 seq=19821 state=ACTIVE energy=    1412 frames=  38628864 flags=0x04 lost=0
2026-09-04T18:13:09.406+00:00 seq=19822 state=ACTIVE energy=    1360 frames=  38629120 flags=0x04 lost=0
2026-09-04T18:13:09.406+00:00 seq=19823 state=ACTIVE energy=    1023 frames=  38629376 flags=0x04 lost=0
2026-09-04T18:13:09.406+00:00 seq=19824 state=ACTIVE energy=    1372 frames=  38629632 flags=0x04 lost=0
2026-09-04T18:13:09.406+00:00 seq=19825 state=ACTIVE energy=    1663 frames=  38629888 flags=0x04 lost=0
2026-09-04T18:13:09.407+00:00 seq=19826 state=ACTIVE energy=    1025 frames=  38630144 flags=0x04 lost=0
2026-09-04T18:13:09.407+00:00 seq=19827 state=ACTIVE energy=    1867 frames=  38630400 flags=0x04 lost=0
2026-09-04T18:13:09.407+00:00 seq=19828 state=ACTIVE energy=    3699 frames=  38630656 flags=0x04 lost=0
2026-09-04T18:13:09.407+00:00 seq=19829 state=ACTIVE energy=    2712 frames=  38630912 flags=0x04 lost=0
2026-09-04T18:13:09.407+00:00 seq=19830 state=ACTIVE energy=    3260 frames=  38631168 flags=0x04 lost=0
2026-09-04T18:13:09.407+00:00 seq=19831 state=ACTIVE energy=    2668 frames=  38631424 flags=0x04 lost=0
2026-09-04T18:13:09.407+00:00 seq=19832 state=ACTIVE energy=    2104 frames=  38631680 flags=0x04 lost=0
2026-09-04T18:13:09.407+00:00 seq=19833 state=ACTIVE energy=    1144 frames=  38631936 flags=0x04 lost=0
2026-09-04T18:13:09.503+00:00 seq=19834 state=ACTIVE energy=    3123 frames=  38632192 flags=0x04 lost=0
2026-09-04T18:13:09.503+00:00 seq=19835 state=ACTIVE energy=    4184 frames=  38632448 flags=0x04 lost=0
2026-09-04T18:13:09.503+00:00 seq=19836 state=ACTIVE energy=    1937 frames=  38632704 flags=0x04 lost=0
2026-09-04T18:13:09.503+00:00 seq=19837 state=ACTIVE energy=    1246 frames=  38632960 flags=0x04 lost=0
2026-09-04T18:13:09.503+00:00 seq=19838 state=ACTIVE energy=    1241 frames=  38633216 flags=0x04 lost=0
2026-09-04T18:13:09.503+00:00 seq=19839 state=ACTIVE energy=    2183 frames=  38633472 flags=0x04 lost=0
2026-09-04T18:13:09.503+00:00 seq=19840 state=ACTIVE energy=    2246 frames=  38633728 flags=0x04 lost=0
2026-09-04T18:13:09.503+00:00 seq=19841 state=ACTIVE energy=    1998 frames=  38633984 flags=0x04 lost=0
2026-09-04T18:13:09.504+00:00 seq=19842 state=ACTIVE energy=    3925 frames=  38634240 flags=0x04 lost=0
2026-09-04T18:13:09.504+00:00 seq=19843 state=ACTIVE energy=    3739 frames=  38634496 flags=0x04 lost=0
2026-09-04T18:13:09.504+00:00 seq=19844 state=ACTIVE energy=    3701 frames=  38634752 flags=0x04 lost=0
2026-09-04T18:13:09.504+00:00 seq=19845 state=QUIET  energy=    3926 frames=  38635008 flags=0x04 lost=0
2026-09-04T18:13:09.504+00:00 seq=19846 state=QUIET  energy=    2389 frames=  38635264 flags=0x04 lost=0
2026-09-04T18:13:09.504+00:00 seq=19847 state=QUIET  energy=    3290 frames=  38635520 flags=0x04 lost=0
2026-09-04T18:13:09.504+00:00 seq=19848 state=QUIET  energy=    1552 frames=  38635776 flags=0x04 lost=0
2026-09-04T18:13:09.504+00:00 seq=19849 state=QUIET  energy=    1229 frames=  38636032 flags=0x04 lost=0
2026-09-04T18:13:09.600+00:00 seq=19850 state=QUIET  energy=    1324 frames=  38636288 flags=0x04 lost=0
2026-09-04T18:13:09.600+00:00 seq=19851 state=QUIET  energy=    2111 frames=  38636544 flags=0x04 lost=0
2026-09-04T18:13:09.600+00:00 seq=19852 state=QUIET  energy=    2884 frames=  38636800 flags=0x04 lost=0
2026-09-04T18:13:09.600+00:00 seq=19853 state=QUIET  energy=    2736 frames=  38637056 flags=0x04 lost=0
2026-09-04T18:13:09.600+00:00 seq=19854 state=QUIET  energy=    1462 frames=  38637312 flags=0x04 lost=0
2026-09-04T18:13:09.600+00:00 seq=19855 state=QUIET  energy=    2365 frames=  38637568 flags=0x04 lost=0
2026-09-04T18:13:09.600+00:00 seq=19856 state=QUIET  energy=    2845 frames=  38637824 flags=0x04 lost=0
2026-09-04T18:13:09.601+00:00 seq=19857 state=QUIET  energy=    3366 frames=  38638080 flags=0x04 lost=0
2026-09-04T18:13:09.601+00:00 seq=19858 state=QUIET  energy=    2353 frames=  38638336 flags=0x04 lost=0
2026-09-04T18:13:09.601+00:00 seq=19859 state=QUIET  energy=    4657 frames=  38638592 flags=0x04 lost=0
2026-09-04T18:13:09.601+00:00 seq=19860 state=QUIET  energy=    3847 frames=  38638848 flags=0x04 lost=0
2026-09-04T18:13:09.601+00:00 seq=19861 state=QUIET  energy=    4249 frames=  38639104 flags=0x04 lost=0
2026-09-04T18:13:09.601+00:00 seq=19862 state=QUIET  energy=    4539 frames=  38639360 flags=0x04 lost=0
2026-09-04T18:13:09.601+00:00 seq=19863 state=QUIET  energy=    5154 frames=  38639616 flags=0x04 lost=0
2026-09-04T18:13:09.601+00:00 seq=19864 state=QUIET  energy=    7496 frames=  38639872 flags=0x04 lost=0
2026-09-04T18:13:09.602+00:00 seq=19865 state=QUIET  energy=    6310 frames=  38640128 flags=0x04 lost=0
2026-09-04T18:13:09.697+00:00 seq=19866 state=QUIET  energy=    7988 frames=  38640384 flags=0x04 lost=0
2026-09-04T18:13:09.697+00:00 seq=19867 state=QUIET  energy=    7633 frames=  38640640 flags=0x04 lost=0
2026-09-04T18:13:09.697+00:00 seq=19868 state=QUIET  energy=    6399 frames=  38640896 flags=0x04 lost=0
2026-09-04T18:13:09.697+00:00 seq=19869 state=QUIET  energy=    5543 frames=  38641152 flags=0x04 lost=0
2026-09-04T18:13:09.697+00:00 seq=19870 state=QUIET  energy=    5508 frames=  38641408 flags=0x04 lost=0
2026-09-04T18:13:09.697+00:00 seq=19871 state=QUIET  energy=    6305 frames=  38641664 flags=0x04 lost=0
2026-09-04T18:13:09.697+00:00 seq=19872 state=QUIET  energy=    5589 frames=  38641920 flags=0x04 lost=0
2026-09-04T18:13:09.698+00:00 seq=19873 state=QUIET  energy=    7697 frames=  38642176 flags=0x04 lost=0
2026-09-04T18:13:09.698+00:00 seq=19874 state=QUIET  energy=    7916 frames=  38642432 flags=0x04 lost=0
2026-09-04T18:13:09.698+00:00 seq=19875 state=QUIET  energy=    6995 frames=  38642688 flags=0x04 lost=0
2026-09-04T18:13:09.698+00:00 seq=19876 state=QUIET  energy=    6294 frames=  38642944 flags=0x04 lost=0
2026-09-04T18:13:09.698+00:00 seq=19877 state=QUIET  energy=    6306 frames=  38643200 flags=0x04 lost=0
2026-09-04T18:13:09.698+00:00 seq=19878 state=QUIET  energy=    4361 frames=  38643456 flags=0x04 lost=0
2026-09-04T18:13:09.698+00:00 seq=19879 state=QUIET  energy=    5507 frames=  38643712 flags=0x04 lost=0
2026-09-04T18:13:09.698+00:00 seq=19880 state=QUIET  energy=    6082 frames=  38643968 flags=0x04 lost=0
2026-09-04T18:13:09.699+00:00 seq=19881 state=QUIET  energy=    5490 frames=  38644224 flags=0x04 lost=0
2026-09-04T18:13:09.794+00:00 seq=19882 state=QUIET  energy=    4087 frames=  38644480 flags=0x04 lost=0
2026-09-04T18:13:09.794+00:00 seq=19883 state=QUIET  energy=    4565 frames=  38644736 flags=0x04 lost=0
2026-09-04T18:13:09.794+00:00 seq=19884 state=QUIET  energy=    3583 frames=  38644992 flags=0x04 lost=0
2026-09-04T18:13:09.794+00:00 seq=19885 state=QUIET  energy=    3194 frames=  38645248 flags=0x04 lost=0
2026-09-04T18:13:09.794+00:00 seq=19886 state=QUIET  energy=    3616 frames=  38645504 flags=0x04 lost=0
2026-09-04T18:13:09.795+00:00 seq=19887 state=QUIET  energy=    3550 frames=  38645760 flags=0x04 lost=0
2026-09-04T18:13:09.795+00:00 seq=19888 state=QUIET  energy=    4152 frames=  38646016 flags=0x04 lost=0
2026-09-04T18:13:09.795+00:00 seq=19889 state=QUIET  energy=    3437 frames=  38646272 flags=0x04 lost=0
2026-09-04T18:13:09.795+00:00 seq=19890 state=QUIET  energy=    2512 frames=  38646528 flags=0x04 lost=0
2026-09-04T18:13:09.795+00:00 seq=19891 state=QUIET  energy=    2844 frames=  38646784 flags=0x04 lost=0
2026-09-04T18:13:09.795+00:00 seq=19892 state=QUIET  energy=    2555 frames=  38647040 flags=0x04 lost=0
2026-09-04T18:13:09.795+00:00 seq=19893 state=QUIET  energy=     960 frames=  38647296 flags=0x04 lost=0
2026-09-04T18:13:09.795+00:00 seq=19894 state=QUIET  energy=    1350 frames=  38647552 flags=0x04 lost=0
2026-09-04T18:13:09.796+00:00 seq=19895 state=QUIET  energy=     819 frames=  38647808 flags=0x04 lost=0
2026-09-04T18:13:09.796+00:00 seq=19896 state=QUIET  energy=    1031 frames=  38648064 flags=0x04 lost=0
2026-09-04T18:13:09.796+00:00 seq=19897 state=QUIET  energy=    1189 frames=  38648320 flags=0x04 lost=0
2026-09-04T18:13:09.891+00:00 seq=19898 state=QUIET  energy=    1307 frames=  38648576 flags=0x04 lost=0
2026-09-04T18:13:09.891+00:00 seq=19899 state=QUIET  energy=    3960 frames=  38648832 flags=0x04 lost=0
2026-09-04T18:13:09.891+00:00 seq=19900 state=QUIET  energy=    6360 frames=  38649088 flags=0x04 lost=0
2026-09-04T18:13:09.891+00:00 seq=19901 state=QUIET  energy=    7858 frames=  38649344 flags=0x04 lost=0
2026-09-04T18:13:09.891+00:00 seq=19902 state=QUIET  energy=   10857 frames=  38649600 flags=0x04 lost=0
2026-09-04T18:13:09.892+00:00 seq=19903 state=QUIET  energy=    9962 frames=  38649856 flags=0x04 lost=0
2026-09-04T18:13:09.892+00:00 seq=19904 state=QUIET  energy=    8053 frames=  38650112 flags=0x04 lost=0
2026-09-04T18:13:09.892+00:00 seq=19905 state=QUIET  energy=    8112 frames=  38650368 flags=0x04 lost=0
2026-09-04T18:13:09.892+00:00 seq=19906 state=QUIET  energy=    7118 frames=  38650624 flags=0x04 lost=0
2026-09-04T18:13:09.892+00:00 seq=19907 state=QUIET  energy=    6299 frames=  38650880 flags=0x04 lost=0
2026-09-04T18:13:09.892+00:00 seq=19908 state=QUIET  energy=    8272 frames=  38651136 flags=0x04 lost=0
2026-09-04T18:13:09.892+00:00 seq=19909 state=QUIET  energy=    9436 frames=  38651392 flags=0x04 lost=0
2026-09-04T18:13:09.892+00:00 seq=19910 state=QUIET  energy=    7596 frames=  38651648 flags=0x04 lost=0
2026-09-04T18:13:09.893+00:00 seq=19911 state=QUIET  energy=    7891 frames=  38651904 flags=0x04 lost=0
2026-09-04T18:13:09.893+00:00 seq=19912 state=QUIET  energy=    8700 frames=  38652160 flags=0x04 lost=0
2026-09-04T18:13:09.893+00:00 seq=19913 state=QUIET  energy=   10251 frames=  38652416 flags=0x04 lost=0
2026-09-04T18:13:09.988+00:00 seq=19914 state=QUIET  energy=    9449 frames=  38652672 flags=0x04 lost=0
2026-09-04T18:13:09.988+00:00 seq=19915 state=QUIET  energy=    5987 frames=  38652928 flags=0x04 lost=0
2026-09-04T18:13:09.988+00:00 seq=19916 state=QUIET  energy=    5031 frames=  38653184 flags=0x04 lost=0
2026-09-04T18:13:09.988+00:00 seq=19917 state=QUIET  energy=    4370 frames=  38653440 flags=0x04 lost=0
2026-09-04T18:13:09.989+00:00 seq=19918 state=QUIET  energy=    2467 frames=  38653696 flags=0x04 lost=0
2026-09-04T18:13:09.989+00:00 seq=19919 state=QUIET  energy=    3041 frames=  38653952 flags=0x04 lost=0
2026-09-04T18:13:09.989+00:00 seq=19920 state=QUIET  energy=    3634 frames=  38654208 flags=0x04 lost=0
2026-09-04T18:13:09.989+00:00 seq=19921 state=QUIET  energy=    3304 frames=  38654464 flags=0x04 lost=0
2026-09-04T18:13:09.989+00:00 seq=19922 state=QUIET  energy=    4253 frames=  38654720 flags=0x04 lost=0
2026-09-04T18:13:09.989+00:00 seq=19923 state=QUIET  energy=    4356 frames=  38654976 flags=0x04 lost=0
2026-09-04T18:13:09.989+00:00 seq=19924 state=QUIET  energy=    3962 frames=  38655232 flags=0x04 lost=0
2026-09-04T18:13:09.989+00:00 seq=19925 state=QUIET  energy=    4334 frames=  38655488 flags=0x04 lost=0
2026-09-04T18:13:09.990+00:00 seq=19926 state=QUIET  energy=    2839 frames=  38655744 flags=0x04 lost=0
2026-09-04T18:13:09.990+00:00 seq=19927 state=QUIET  energy=    3441 frames=  38656000 flags=0x04 lost=0
2026-09-04T18:13:09.990+00:00 seq=19928 state=QUIET  energy=    4021 frames=  38656256 flags=0x04 lost=0
2026-09-04T18:13:09.990+00:00 seq=19929 state=QUIET  energy=    2954 frames=  38656512 flags=0x04 lost=0
2026-09-04T18:13:10.085+00:00 seq=19930 state=QUIET  energy=    4799 frames=  38656768 flags=0x04 lost=0
2026-09-04T18:13:10.085+00:00 seq=19931 state=QUIET  energy=    5091 frames=  38657024 flags=0x04 lost=0
2026-09-04T18:13:10.085+00:00 seq=19932 state=QUIET  energy=    5629 frames=  38657280 flags=0x04 lost=0
2026-09-04T18:13:10.085+00:00 seq=19933 state=QUIET  energy=    7784 frames=  38657536 flags=0x04 lost=0
2026-09-04T18:13:10.086+00:00 seq=19934 state=QUIET  energy=   13329 frames=  38657792 flags=0x04 lost=0
2026-09-04T18:13:10.086+00:00 seq=19935 state=QUIET  energy=   16942 frames=  38658048 flags=0x04 lost=0
2026-09-04T18:13:10.086+00:00 seq=19936 state=QUIET  energy=   16099 frames=  38658304 flags=0x04 lost=0
2026-09-04T18:13:10.086+00:00 seq=19937 state=QUIET  energy=   15949 frames=  38658560 flags=0x04 lost=0
2026-09-04T18:13:10.086+00:00 seq=19938 state=QUIET  energy=   13866 frames=  38658816 flags=0x04 lost=0
2026-09-04T18:13:10.086+00:00 seq=19939 state=QUIET  energy=   11530 frames=  38659072 flags=0x04 lost=0
2026-09-04T18:13:10.086+00:00 seq=19940 state=QUIET  energy=   11172 frames=  38659328 flags=0x04 lost=0
2026-09-04T18:13:10.086+00:00 seq=19941 state=QUIET  energy=   10907 frames=  38659584 flags=0x04 lost=0
2026-09-04T18:13:10.087+00:00 seq=19942 state=QUIET  energy=    9387 frames=  38659840 flags=0x04 lost=0
2026-09-04T18:13:10.087+00:00 seq=19943 state=QUIET  energy=    5752 frames=  38660096 flags=0x04 lost=0
2026-09-04T18:13:10.087+00:00 seq=19944 state=QUIET  energy=    3579 frames=  38660352 flags=0x04 lost=0
2026-09-04T18:13:10.087+00:00 seq=19945 state=QUIET  energy=    3871 frames=  38660608 flags=0x04 lost=0
2026-09-04T18:13:10.182+00:00 seq=19946 state=QUIET  energy=    3435 frames=  38660864 flags=0x04 lost=0
2026-09-04T18:13:10.182+00:00 seq=19947 state=QUIET  energy=    3227 frames=  38661120 flags=0x04 lost=0
2026-09-04T18:13:10.182+00:00 seq=19948 state=QUIET  energy=    2953 frames=  38661376 flags=0x04 lost=0
2026-09-04T18:13:10.183+00:00 seq=19949 state=QUIET  energy=    2094 frames=  38661632 flags=0x04 lost=0
2026-09-04T18:13:10.183+00:00 seq=19950 state=QUIET  energy=    9827 frames=  38661888 flags=0x04 lost=0
2026-09-04T18:13:10.183+00:00 seq=19951 state=QUIET  energy=   17426 frames=  38662144 flags=0x04 lost=0
2026-09-04T18:13:10.183+00:00 seq=19952 state=QUIET  energy=   16880 frames=  38662400 flags=0x04 lost=0
2026-09-04T18:13:10.183+00:00 seq=19953 state=QUIET  energy=   13997 frames=  38662656 flags=0x04 lost=0
2026-09-04T18:13:10.183+00:00 seq=19954 state=QUIET  energy=   11604 frames=  38662912 flags=0x04 lost=0
2026-09-04T18:13:10.183+00:00 seq=19955 state=QUIET  energy=    9880 frames=  38663168 flags=0x04 lost=0
2026-09-04T18:13:10.183+00:00 seq=19956 state=QUIET  energy=    8115 frames=  38663424 flags=0x04 lost=0
2026-09-04T18:13:10.184+00:00 seq=19957 state=QUIET  energy=    7755 frames=  38663680 flags=0x04 lost=0
2026-09-04T18:13:10.184+00:00 seq=19958 state=QUIET  energy=    6635 frames=  38663936 flags=0x04 lost=0
2026-09-04T18:13:10.184+00:00 seq=19959 state=QUIET  energy=    4979 frames=  38664192 flags=0x04 lost=0
2026-09-04T18:13:10.184+00:00 seq=19960 state=QUIET  energy=    4772 frames=  38664448 flags=0x04 lost=0
2026-09-04T18:13:10.184+00:00 seq=19961 state=QUIET  energy=    4630 frames=  38664704 flags=0x04 lost=0
2026-09-04T18:13:10.279+00:00 seq=19962 state=QUIET  energy=    4008 frames=  38664960 flags=0x04 lost=0
2026-09-04T18:13:10.279+00:00 seq=19963 state=QUIET  energy=    3642 frames=  38665216 flags=0x04 lost=0
2026-09-04T18:13:10.280+00:00 seq=19964 state=QUIET  energy=    3510 frames=  38665472 flags=0x04 lost=0
2026-09-04T18:13:10.280+00:00 seq=19965 state=QUIET  energy=    3023 frames=  38665728 flags=0x04 lost=0
2026-09-04T18:13:10.280+00:00 seq=19966 state=QUIET  energy=    2394 frames=  38665984 flags=0x04 lost=0
2026-09-04T18:13:10.280+00:00 seq=19967 state=QUIET  energy=    1045 frames=  38666240 flags=0x04 lost=0
2026-09-04T18:13:10.280+00:00 seq=19968 state=QUIET  energy=     921 frames=  38666496 flags=0x04 lost=0
2026-09-04T18:13:10.280+00:00 seq=19969 state=QUIET  energy=    2341 frames=  38666752 flags=0x04 lost=0
2026-09-04T18:13:10.280+00:00 seq=19970 state=QUIET  energy=    2326 frames=  38667008 flags=0x04 lost=0
2026-09-04T18:13:10.280+00:00 seq=19971 state=QUIET  energy=    2336 frames=  38667264 flags=0x04 lost=0
2026-09-04T18:13:10.281+00:00 seq=19972 state=QUIET  energy=    1268 frames=  38667520 flags=0x04 lost=0
2026-09-04T18:13:10.281+00:00 seq=19973 state=QUIET  energy=    2409 frames=  38667776 flags=0x04 lost=0
2026-09-04T18:13:10.281+00:00 seq=19974 state=QUIET  energy=    3231 frames=  38668032 flags=0x04 lost=0
2026-09-04T18:13:10.281+00:00 seq=19975 state=QUIET  energy=    2050 frames=  38668288 flags=0x04 lost=0
2026-09-04T18:13:10.281+00:00 seq=19976 state=QUIET  energy=    3319 frames=  38668544 flags=0x04 lost=0
2026-09-04T18:13:10.281+00:00 seq=19977 state=QUIET  energy=    5528 frames=  38668800 flags=0x04 lost=0
2026-09-04T18:13:10.376+00:00 seq=19978 state=QUIET  energy=   12384 frames=  38669056 flags=0x04 lost=0
2026-09-04T18:13:10.376+00:00 seq=19979 state=QUIET  energy=   15564 frames=  38669312 flags=0x04 lost=0
2026-09-04T18:13:10.377+00:00 seq=19980 state=QUIET  energy=   16253 frames=  38669568 flags=0x04 lost=0
2026-09-04T18:13:10.377+00:00 seq=19981 state=QUIET  energy=   15149 frames=  38669824 flags=0x04 lost=0
2026-09-04T18:13:10.377+00:00 seq=19982 state=QUIET  energy=   14947 frames=  38670080 flags=0x04 lost=0
2026-09-04T18:13:10.377+00:00 seq=19983 state=QUIET  energy=   14064 frames=  38670336 flags=0x04 lost=0
2026-09-04T18:13:10.377+00:00 seq=19984 state=QUIET  energy=   13517 frames=  38670592 flags=0x04 lost=0
2026-09-04T18:13:10.377+00:00 seq=19985 state=QUIET  energy=   11498 frames=  38670848 flags=0x04 lost=0
2026-09-04T18:13:10.377+00:00 seq=19986 state=QUIET  energy=    8086 frames=  38671104 flags=0x04 lost=0
2026-09-04T18:13:10.377+00:00 seq=19987 state=QUIET  energy=    6453 frames=  38671360 flags=0x04 lost=0
2026-09-04T18:13:10.378+00:00 seq=19988 state=QUIET  energy=    4765 frames=  38671616 flags=0x04 lost=0
2026-09-04T18:13:10.378+00:00 seq=19989 state=QUIET  energy=    1395 frames=  38671872 flags=0x04 lost=0
2026-09-04T18:13:10.378+00:00 seq=19990 state=QUIET  energy=    5512 frames=  38672128 flags=0x04 lost=0
2026-09-04T18:13:10.378+00:00 seq=19991 state=QUIET  energy=   15368 frames=  38672384 flags=0x04 lost=0
2026-09-04T18:13:10.378+00:00 seq=19992 state=QUIET  energy=   20194 frames=  38672640 flags=0x04 lost=0
2026-09-04T18:13:10.378+00:00 seq=19993 state=QUIET  energy=   23492 frames=  38672896 flags=0x04 lost=0
2026-09-04T18:13:10.473+00:00 seq=19994 state=QUIET  energy=   28819 frames=  38673152 flags=0x04 lost=0
2026-09-04T18:13:10.474+00:00 seq=19995 state=QUIET  energy=   34987 frames=  38673408 flags=0x04 lost=0
2026-09-04T18:13:10.474+00:00 seq=19996 state=QUIET  energy=   37967 frames=  38673664 flags=0x04 lost=0
2026-09-04T18:13:10.474+00:00 seq=19997 state=QUIET  energy=   44179 frames=  38673920 flags=0x04 lost=0
2026-09-04T18:13:10.474+00:00 seq=19998 state=QUIET  energy=   50052 frames=  38674176 flags=0x04 lost=0
2026-09-04T18:13:10.474+00:00 seq=19999 state=QUIET  energy=   60641 frames=  38674432 flags=0x04 lost=0
2026-09-04T18:13:10.474+00:00 seq=20000 state=QUIET  energy=   70014 frames=  38674688 flags=0x04 lost=0
2026-09-04T18:13:10.474+00:00 seq=20001 state=QUIET  energy=   76190 frames=  38674944 flags=0x04 lost=0
2026-09-04T18:13:10.474+00:00 seq=20002 state=QUIET  energy=   82085 frames=  38675200 flags=0x04 lost=0
2026-09-04T18:13:10.475+00:00 seq=20003 state=QUIET  energy=   83782 frames=  38675456 flags=0x04 lost=0
2026-09-04T18:13:10.475+00:00 seq=20004 state=QUIET  energy=   81351 frames=  38675712 flags=0x04 lost=0
2026-09-04T18:13:10.475+00:00 seq=20005 state=QUIET  energy=   74191 frames=  38675968 flags=0x04 lost=0
2026-09-04T18:13:10.475+00:00 seq=20006 state=QUIET  energy=   63950 frames=  38676224 flags=0x04 lost=0
2026-09-04T18:13:10.475+00:00 seq=20007 state=QUIET  energy=   49451 frames=  38676480 flags=0x04 lost=0
2026-09-04T18:13:10.475+00:00 seq=20008 state=QUIET  energy=   32425 frames=  38676736 flags=0x04 lost=0
2026-09-04T18:13:10.475+00:00 seq=20009 state=QUIET  energy=   17543 frames=  38676992 flags=0x04 lost=0
2026-09-04T18:13:10.571+00:00 seq=20010 state=QUIET  energy=    7363 frames=  38677248 flags=0x04 lost=0
2026-09-04T18:13:10.571+00:00 seq=20011 state=QUIET  energy=    6641 frames=  38677504 flags=0x04 lost=0
2026-09-04T18:13:10.571+00:00 seq=20012 state=QUIET  energy=   22705 frames=  38677760 flags=0x04 lost=0
2026-09-04T18:13:10.571+00:00 seq=20013 state=QUIET  energy=   33060 frames=  38678016 flags=0x04 lost=0
2026-09-04T18:13:10.571+00:00 seq=20014 state=QUIET  energy=   42682 frames=  38678272 flags=0x04 lost=0
2026-09-04T18:13:10.571+00:00 seq=20015 state=QUIET  energy=   46335 frames=  38678528 flags=0x04 lost=0
2026-09-04T18:13:10.571+00:00 seq=20016 state=QUIET  energy=   49215 frames=  38678784 flags=0x04 lost=0
2026-09-04T18:13:10.571+00:00 seq=20017 state=QUIET  energy=   55354 frames=  38679040 flags=0x04 lost=0
2026-09-04T18:13:10.572+00:00 seq=20018 state=QUIET  energy=   57505 frames=  38679296 flags=0x04 lost=0
2026-09-04T18:13:10.572+00:00 seq=20019 state=QUIET  energy=   60719 frames=  38679552 flags=0x04 lost=0
2026-09-04T18:13:10.572+00:00 seq=20020 state=QUIET  energy=   55729 frames=  38679808 flags=0x04 lost=0
2026-09-04T18:13:10.572+00:00 seq=20021 state=QUIET  energy=   53242 frames=  38680064 flags=0x04 lost=0
2026-09-04T18:13:10.572+00:00 seq=20022 state=QUIET  energy=   48394 frames=  38680320 flags=0x04 lost=0
2026-09-04T18:13:10.572+00:00 seq=20023 state=QUIET  energy=   45746 frames=  38680576 flags=0x04 lost=0
2026-09-04T18:13:10.572+00:00 seq=20024 state=QUIET  energy=   43508 frames=  38680832 flags=0x04 lost=0
2026-09-04T18:13:10.572+00:00 seq=20025 state=QUIET  energy=   40671 frames=  38681088 flags=0x04 lost=0
2026-09-04T18:13:10.668+00:00 seq=20026 state=QUIET  energy=   35679 frames=  38681344 flags=0x04 lost=0
2026-09-04T18:13:10.668+00:00 seq=20027 state=QUIET  energy=   28446 frames=  38681600 flags=0x04 lost=0
2026-09-04T18:13:10.668+00:00 seq=20028 state=QUIET  energy=   24293 frames=  38681856 flags=0x04 lost=0
2026-09-04T18:13:10.668+00:00 seq=20029 state=QUIET  energy=   22621 frames=  38682112 flags=0x04 lost=0
2026-09-04T18:13:10.668+00:00 seq=20030 state=QUIET  energy=   22153 frames=  38682368 flags=0x04 lost=0
2026-09-04T18:13:10.668+00:00 seq=20031 state=QUIET  energy=   20887 frames=  38682624 flags=0x04 lost=0
2026-09-04T18:13:10.668+00:00 seq=20032 state=QUIET  energy=   19545 frames=  38682880 flags=0x04 lost=0
2026-09-04T18:13:10.669+00:00 seq=20033 state=QUIET  energy=   19078 frames=  38683136 flags=0x04 lost=0
2026-09-04T18:13:10.669+00:00 seq=20034 state=QUIET  energy=   16985 frames=  38683392 flags=0x04 lost=0
2026-09-04T18:13:10.669+00:00 seq=20035 state=ACTIVE energy=   16753 frames=  38683648 flags=0x04 lost=0
2026-09-04T18:13:10.669+00:00 seq=20036 state=ACTIVE energy=   15695 frames=  38683904 flags=0x04 lost=0
2026-09-04T18:13:10.669+00:00 seq=20037 state=ACTIVE energy=   13560 frames=  38684160 flags=0x04 lost=0
2026-09-04T18:13:10.669+00:00 seq=20038 state=ACTIVE energy=   10513 frames=  38684416 flags=0x04 lost=0
2026-09-04T18:13:10.669+00:00 seq=20039 state=ACTIVE energy=   10820 frames=  38684672 flags=0x04 lost=0
2026-09-04T18:13:10.669+00:00 seq=20040 state=ACTIVE energy=   13467 frames=  38684928 flags=0x04 lost=0
2026-09-04T18:13:10.669+00:00 seq=20041 state=ACTIVE energy=   11753 frames=  38685184 flags=0x04 lost=0
2026-09-04T18:13:10.765+00:00 seq=20042 state=ACTIVE energy=   10375 frames=  38685440 flags=0x04 lost=0
2026-09-04T18:13:10.765+00:00 seq=20043 state=ACTIVE energy=    8479 frames=  38685696 flags=0x04 lost=0
2026-09-04T18:13:10.765+00:00 seq=20044 state=ACTIVE energy=    9039 frames=  38685952 flags=0x04 lost=0
2026-09-04T18:13:10.765+00:00 seq=20045 state=ACTIVE energy=    7575 frames=  38686208 flags=0x04 lost=0
2026-09-04T18:13:10.765+00:00 seq=20046 state=ACTIVE energy=    7368 frames=  38686464 flags=0x04 lost=0
2026-09-04T18:13:10.765+00:00 seq=20047 state=ACTIVE energy=    6713 frames=  38686720 flags=0x04 lost=0
2026-09-04T18:13:10.765+00:00 seq=20048 state=ACTIVE energy=    8038 frames=  38686976 flags=0x04 lost=0
2026-09-04T18:13:10.766+00:00 seq=20049 state=ACTIVE energy=    8079 frames=  38687232 flags=0x04 lost=0
2026-09-04T18:13:10.766+00:00 seq=20050 state=ACTIVE energy=    8961 frames=  38687488 flags=0x04 lost=0
2026-09-04T18:13:10.766+00:00 seq=20051 state=ACTIVE energy=    9850 frames=  38687744 flags=0x04 lost=0
2026-09-04T18:13:10.766+00:00 seq=20052 state=ACTIVE energy=   10766 frames=  38688000 flags=0x04 lost=0
2026-09-04T18:13:10.766+00:00 seq=20053 state=ACTIVE energy=   11066 frames=  38688256 flags=0x04 lost=0
2026-09-04T18:13:10.766+00:00 seq=20054 state=ACTIVE energy=   11561 frames=  38688512 flags=0x04 lost=0
2026-09-04T18:13:10.766+00:00 seq=20055 state=ACTIVE energy=    9452 frames=  38688768 flags=0x04 lost=0
2026-09-04T18:13:10.766+00:00 seq=20056 state=ACTIVE energy=   11551 frames=  38689024 flags=0x04 lost=0
2026-09-04T18:13:10.767+00:00 seq=20057 state=ACTIVE energy=   10608 frames=  38689280 flags=0x04 lost=0
2026-09-04T18:13:10.862+00:00 seq=20058 state=ACTIVE energy=   10005 frames=  38689536 flags=0x04 lost=0
2026-09-04T18:13:10.862+00:00 seq=20059 state=ACTIVE energy=    9332 frames=  38689792 flags=0x04 lost=0
2026-09-04T18:13:10.862+00:00 seq=20060 state=ACTIVE energy=    7468 frames=  38690048 flags=0x04 lost=0
2026-09-04T18:13:10.862+00:00 seq=20061 state=ACTIVE energy=    6455 frames=  38690304 flags=0x04 lost=0
2026-09-04T18:13:10.862+00:00 seq=20062 state=ACTIVE energy=    3527 frames=  38690560 flags=0x04 lost=0
2026-09-04T18:13:10.863+00:00 seq=20063 state=ACTIVE energy=    3856 frames=  38690816 flags=0x04 lost=0
2026-09-04T18:13:10.863+00:00 seq=20064 state=ACTIVE energy=    5254 frames=  38691072 flags=0x04 lost=0
2026-09-04T18:13:10.863+00:00 seq=20065 state=ACTIVE energy=    6007 frames=  38691328 flags=0x04 lost=0
2026-09-04T18:13:10.863+00:00 seq=20066 state=ACTIVE energy=    5395 frames=  38691584 flags=0x04 lost=0
2026-09-04T18:13:10.863+00:00 seq=20067 state=ACTIVE energy=    4526 frames=  38691840 flags=0x04 lost=0
2026-09-04T18:13:10.863+00:00 seq=20068 state=ACTIVE energy=    1766 frames=  38692096 flags=0x04 lost=0
2026-09-04T18:13:10.863+00:00 seq=20069 state=ACTIVE energy=    3399 frames=  38692352 flags=0x04 lost=0
2026-09-04T18:13:10.863+00:00 seq=20070 state=ACTIVE energy=    6171 frames=  38692608 flags=0x04 lost=0
2026-09-04T18:13:10.863+00:00 seq=20071 state=ACTIVE energy=    5960 frames=  38692864 flags=0x04 lost=0
2026-09-04T18:13:10.864+00:00 seq=20072 state=ACTIVE energy=    8968 frames=  38693120 flags=0x04 lost=0
2026-09-04T18:13:10.864+00:00 seq=20073 state=ACTIVE energy=    8175 frames=  38693376 flags=0x04 lost=0
2026-09-04T18:13:10.959+00:00 seq=20074 state=ACTIVE energy=    7189 frames=  38693632 flags=0x04 lost=0
2026-09-04T18:13:10.959+00:00 seq=20075 state=ACTIVE energy=    6149 frames=  38693888 flags=0x04 lost=0
2026-09-04T18:13:10.959+00:00 seq=20076 state=ACTIVE energy=    4043 frames=  38694144 flags=0x04 lost=0
2026-09-04T18:13:10.959+00:00 seq=20077 state=ACTIVE energy=    4450 frames=  38694400 flags=0x04 lost=0
2026-09-04T18:13:10.959+00:00 seq=20078 state=ACTIVE energy=    4950 frames=  38694656 flags=0x04 lost=0
2026-09-04T18:13:10.960+00:00 seq=20079 state=ACTIVE energy=    4570 frames=  38694912 flags=0x04 lost=0
2026-09-04T18:13:10.960+00:00 seq=20080 state=ACTIVE energy=    5382 frames=  38695168 flags=0x04 lost=0
2026-09-04T18:13:10.960+00:00 seq=20081 state=ACTIVE energy=    4183 frames=  38695424 flags=0x04 lost=0
2026-09-04T18:13:10.960+00:00 seq=20082 state=ACTIVE energy=    5032 frames=  38695680 flags=0x04 lost=0
2026-09-04T18:13:10.960+00:00 seq=20083 state=ACTIVE energy=    5014 frames=  38695936 flags=0x04 lost=0
2026-09-04T18:13:10.960+00:00 seq=20084 state=ACTIVE energy=    6547 frames=  38696192 flags=0x04 lost=0
2026-09-04T18:13:10.960+00:00 seq=20085 state=ACTIVE energy=    6140 frames=  38696448 flags=0x04 lost=0
2026-09-04T18:13:10.960+00:00 seq=20086 state=ACTIVE energy=    6661 frames=  38696704 flags=0x04 lost=0
2026-09-04T18:13:10.960+00:00 seq=20087 state=ACTIVE energy=    6946 frames=  38696960 flags=0x04 lost=0
2026-09-04T18:13:10.961+00:00 seq=20088 state=ACTIVE energy=    6507 frames=  38697216 flags=0x04 lost=0
2026-09-04T18:13:10.961+00:00 seq=20089 state=ACTIVE energy=    8924 frames=  38697472 flags=0x04 lost=0
2026-09-04T18:13:11.056+00:00 seq=20090 state=ACTIVE energy=   13079 frames=  38697728 flags=0x04 lost=0
2026-09-04T18:13:11.056+00:00 seq=20091 state=ACTIVE energy=   18447 frames=  38697984 flags=0x04 lost=0
2026-09-04T18:13:11.056+00:00 seq=20092 state=ACTIVE energy=   19284 frames=  38698240 flags=0x04 lost=0
2026-09-04T18:13:11.056+00:00 seq=20093 state=ACTIVE energy=   20017 frames=  38698496 flags=0x04 lost=0
2026-09-04T18:13:11.057+00:00 seq=20094 state=ACTIVE energy=   17708 frames=  38698752 flags=0x04 lost=0
2026-09-04T18:13:11.057+00:00 seq=20095 state=ACTIVE energy=   16700 frames=  38699008 flags=0x04 lost=0
2026-09-04T18:13:11.057+00:00 seq=20096 state=ACTIVE energy=   16095 frames=  38699264 flags=0x04 lost=0
2026-09-04T18:13:11.057+00:00 seq=20097 state=ACTIVE energy=   14496 frames=  38699520 flags=0x04 lost=0
2026-09-04T18:13:11.057+00:00 seq=20098 state=ACTIVE energy=   13367 frames=  38699776 flags=0x04 lost=0
2026-09-04T18:13:11.057+00:00 seq=20099 state=ACTIVE energy=   12141 frames=  38700032 flags=0x04 lost=0
2026-09-04T18:13:11.057+00:00 seq=20100 state=ACTIVE energy=    9906 frames=  38700288 flags=0x04 lost=0
2026-09-04T18:13:11.057+00:00 seq=20101 state=ACTIVE energy=    8269 frames=  38700544 flags=0x04 lost=0
2026-09-04T18:13:11.058+00:00 seq=20102 state=ACTIVE energy=    8998 frames=  38700800 flags=0x04 lost=0
2026-09-04T18:13:11.058+00:00 seq=20103 state=ACTIVE energy=    5756 frames=  38701056 flags=0x04 lost=0
2026-09-04T18:13:11.058+00:00 seq=20104 state=ACTIVE energy=    5252 frames=  38701312 flags=0x04 lost=0
2026-09-04T18:13:11.058+00:00 seq=20105 state=ACTIVE energy=    6013 frames=  38701568 flags=0x04 lost=0
2026-09-04T18:13:11.153+00:00 seq=20106 state=ACTIVE energy=    5464 frames=  38701824 flags=0x04 lost=0
2026-09-04T18:13:11.153+00:00 seq=20107 state=ACTIVE energy=    5056 frames=  38702080 flags=0x04 lost=0
2026-09-04T18:13:11.153+00:00 seq=20108 state=ACTIVE energy=    4651 frames=  38702336 flags=0x04 lost=0
2026-09-04T18:13:11.154+00:00 seq=20109 state=ACTIVE energy=    4485 frames=  38702592 flags=0x04 lost=0
2026-09-04T18:13:11.154+00:00 seq=20110 state=ACTIVE energy=    4115 frames=  38702848 flags=0x04 lost=0
2026-09-04T18:13:11.154+00:00 seq=20111 state=ACTIVE energy=    5098 frames=  38703104 flags=0x04 lost=0
2026-09-04T18:13:11.154+00:00 seq=20112 state=ACTIVE energy=    3873 frames=  38703360 flags=0x04 lost=0
2026-09-04T18:13:11.154+00:00 seq=20113 state=ACTIVE energy=    3275 frames=  38703616 flags=0x04 lost=0
2026-09-04T18:13:11.154+00:00 seq=20114 state=ACTIVE energy=    1234 frames=  38703872 flags=0x04 lost=0
2026-09-04T18:13:11.154+00:00 seq=20115 state=ACTIVE energy=    1095 frames=  38704128 flags=0x04 lost=0
2026-09-04T18:13:11.155+00:00 seq=20116 state=ACTIVE energy=    1219 frames=  38704384 flags=0x04 lost=0
2026-09-04T18:13:11.155+00:00 seq=20117 state=ACTIVE energy=    1081 frames=  38704640 flags=0x04 lost=0
2026-09-04T18:13:11.155+00:00 seq=20118 state=ACTIVE energy=    1614 frames=  38704896 flags=0x04 lost=0
2026-09-04T18:13:11.155+00:00 seq=20119 state=ACTIVE energy=    3088 frames=  38705152 flags=0x04 lost=0
2026-09-04T18:13:11.155+00:00 seq=20120 state=ACTIVE energy=    3612 frames=  38705408 flags=0x04 lost=0
2026-09-04T18:13:11.155+00:00 seq=20121 state=ACTIVE energy=    7786 frames=  38705664 flags=0x04 lost=0
2026-09-04T18:13:11.250+00:00 seq=20122 state=ACTIVE energy=   13585 frames=  38705920 flags=0x04 lost=0
2026-09-04T18:13:11.250+00:00 seq=20123 state=ACTIVE energy=   16672 frames=  38706176 flags=0x04 lost=0
2026-09-04T18:13:11.251+00:00 seq=20124 state=ACTIVE energy=   17595 frames=  38706432 flags=0x04 lost=0
2026-09-04T18:13:11.251+00:00 seq=20125 state=ACTIVE energy=   14996 frames=  38706688 flags=0x04 lost=0
2026-09-04T18:13:11.251+00:00 seq=20126 state=ACTIVE energy=   13848 frames=  38706944 flags=0x04 lost=0
2026-09-04T18:13:11.251+00:00 seq=20127 state=ACTIVE energy=   12255 frames=  38707200 flags=0x04 lost=0
2026-09-04T18:13:11.251+00:00 seq=20128 state=ACTIVE energy=   11148 frames=  38707456 flags=0x04 lost=0
2026-09-04T18:13:11.251+00:00 seq=20129 state=ACTIVE energy=   11802 frames=  38707712 flags=0x04 lost=0
2026-09-04T18:13:11.251+00:00 seq=20130 state=ACTIVE energy=    9482 frames=  38707968 flags=0x04 lost=0
2026-09-04T18:13:11.251+00:00 seq=20131 state=ACTIVE energy=    8912 frames=  38708224 flags=0x04 lost=0
2026-09-04T18:13:11.251+00:00 seq=20132 state=ACTIVE energy=    7180 frames=  38708480 flags=0x04 lost=0
2026-09-04T18:13:11.252+00:00 seq=20133 state=ACTIVE energy=    8239 frames=  38708736 flags=0x04 lost=0
2026-09-04T18:13:11.252+00:00 seq=20134 state=ACTIVE energy=    6332 frames=  38708992 flags=0x04 lost=0
2026-09-04T18:13:11.252+00:00 seq=20135 state=ACTIVE energy=    3694 frames=  38709248 flags=0x04 lost=0
2026-09-04T18:13:11.252+00:00 seq=20136 state=ACTIVE energy=    3737 frames=  38709504 flags=0x04 lost=0
2026-09-04T18:13:11.252+00:00 seq=20137 state=ACTIVE energy=    3943 frames=  38709760 flags=0x04 lost=0
2026-09-04T18:13:11.347+00:00 seq=20138 state=ACTIVE energy=    4332 frames=  38710016 flags=0x04 lost=0
2026-09-04T18:13:11.347+00:00 seq=20139 state=ACTIVE energy=    3719 frames=  38710272 flags=0x04 lost=0
2026-09-04T18:13:11.348+00:00 seq=20140 state=ACTIVE energy=    2231 frames=  38710528 flags=0x04 lost=0
2026-09-04T18:13:11.348+00:00 seq=20141 state=ACTIVE energy=    1182 frames=  38710784 flags=0x04 lost=0
2026-09-04T18:13:11.348+00:00 seq=20142 state=ACTIVE energy=    2804 frames=  38711040 flags=0x04 lost=0
2026-09-04T18:13:11.348+00:00 seq=20143 state=ACTIVE energy=    5925 frames=  38711296 flags=0x04 lost=0
2026-09-04T18:13:11.348+00:00 seq=20144 state=ACTIVE energy=   13339 frames=  38711552 flags=0x04 lost=0
2026-09-04T18:13:11.348+00:00 seq=20145 state=ACTIVE energy=   16547 frames=  38711808 flags=0x04 lost=0
2026-09-04T18:13:11.348+00:00 seq=20146 state=ACTIVE energy=   15216 frames=  38712064 flags=0x04 lost=0
2026-09-04T18:13:11.348+00:00 seq=20147 state=ACTIVE energy=   14447 frames=  38712320 flags=0x04 lost=0
2026-09-04T18:13:11.349+00:00 seq=20148 state=ACTIVE energy=   13475 frames=  38712576 flags=0x04 lost=0
2026-09-04T18:13:11.349+00:00 seq=20149 state=ACTIVE energy=   11722 frames=  38712832 flags=0x04 lost=0
2026-09-04T18:13:11.349+00:00 seq=20150 state=ACTIVE energy=    9779 frames=  38713088 flags=0x04 lost=0
2026-09-04T18:13:11.349+00:00 seq=20151 state=ACTIVE energy=    9987 frames=  38713344 flags=0x04 lost=0
2026-09-04T18:13:11.349+00:00 seq=20152 state=ACTIVE energy=    8823 frames=  38713600 flags=0x04 lost=0
2026-09-04T18:13:11.349+00:00 seq=20153 state=ACTIVE energy=    8644 frames=  38713856 flags=0x04 lost=0
2026-09-04T18:13:11.444+00:00 seq=20154 state=ACTIVE energy=    5775 frames=  38714112 flags=0x04 lost=0
2026-09-04T18:13:11.445+00:00 seq=20155 state=ACTIVE energy=    4452 frames=  38714368 flags=0x04 lost=0
2026-09-04T18:13:11.445+00:00 seq=20156 state=ACTIVE energy=    3868 frames=  38714624 flags=0x04 lost=0
2026-09-04T18:13:11.445+00:00 seq=20157 state=ACTIVE energy=    3447 frames=  38714880 flags=0x04 lost=0
2026-09-04T18:13:11.445+00:00 seq=20158 state=ACTIVE energy=    4230 frames=  38715136 flags=0x04 lost=0
2026-09-04T18:13:11.445+00:00 seq=20159 state=ACTIVE energy=    6020 frames=  38715392 flags=0x04 lost=0
2026-09-04T18:13:11.445+00:00 seq=20160 state=ACTIVE energy=    5566 frames=  38715648 flags=0x04 lost=0
2026-09-04T18:13:11.445+00:00 seq=20161 state=ACTIVE energy=    3354 frames=  38715904 flags=0x04 lost=0
2026-09-04T18:13:11.445+00:00 seq=20162 state=ACTIVE energy=    3999 frames=  38716160 flags=0x04 lost=0
2026-09-04T18:13:11.446+00:00 seq=20163 state=ACTIVE energy=    4281 frames=  38716416 flags=0x04 lost=0
2026-09-04T18:13:11.446+00:00 seq=20164 state=ACTIVE energy=    5540 frames=  38716672 flags=0x04 lost=0
2026-09-04T18:13:11.446+00:00 seq=20165 state=ACTIVE energy=    4957 frames=  38716928 flags=0x04 lost=0
2026-09-04T18:13:11.446+00:00 seq=20166 state=ACTIVE energy=    5090 frames=  38717184 flags=0x04 lost=0
2026-09-04T18:13:11.446+00:00 seq=20167 state=ACTIVE energy=    5312 frames=  38717440 flags=0x04 lost=0
2026-09-04T18:13:11.446+00:00 seq=20168 state=ACTIVE energy=    3254 frames=  38717696 flags=0x04 lost=0
2026-09-04T18:13:11.446+00:00 seq=20169 state=ACTIVE energy=    1990 frames=  38717952 flags=0x04 lost=0
2026-09-04T18:13:11.541+00:00 seq=20170 state=ACTIVE energy=    1772 frames=  38718208 flags=0x04 lost=0
2026-09-04T18:13:11.542+00:00 seq=20171 state=ACTIVE energy=    1103 frames=  38718464 flags=0x04 lost=0
2026-09-04T18:13:11.542+00:00 seq=20172 state=ACTIVE energy=    1421 frames=  38718720 flags=0x04 lost=0
2026-09-04T18:13:11.542+00:00 seq=20173 state=ACTIVE energy=    1100 frames=  38718976 flags=0x04 lost=0
2026-09-04T18:13:11.542+00:00 seq=20174 state=ACTIVE energy=     958 frames=  38719232 flags=0x04 lost=0
2026-09-04T18:13:11.542+00:00 seq=20175 state=ACTIVE energy=    1720 frames=  38719488 flags=0x04 lost=0
2026-09-04T18:13:11.542+00:00 seq=20176 state=ACTIVE energy=    2542 frames=  38719744 flags=0x04 lost=0
2026-09-04T18:13:11.542+00:00 seq=20177 state=ACTIVE energy=    2409 frames=  38720000 flags=0x04 lost=0
2026-09-04T18:13:11.543+00:00 seq=20178 state=ACTIVE energy=    2387 frames=  38720256 flags=0x04 lost=0
2026-09-04T18:13:11.543+00:00 seq=20179 state=ACTIVE energy=    1183 frames=  38720512 flags=0x04 lost=0
2026-09-04T18:13:11.543+00:00 seq=20180 state=ACTIVE energy=     992 frames=  38720768 flags=0x04 lost=0
2026-09-04T18:13:11.543+00:00 seq=20181 state=ACTIVE energy=    1400 frames=  38721024 flags=0x04 lost=0
2026-09-04T18:13:11.543+00:00 seq=20182 state=ACTIVE energy=    1125 frames=  38721280 flags=0x04 lost=0
2026-09-04T18:13:11.543+00:00 seq=20183 state=ACTIVE energy=    2868 frames=  38721536 flags=0x04 lost=0
2026-09-04T18:13:11.543+00:00 seq=20184 state=ACTIVE energy=    5943 frames=  38721792 flags=0x04 lost=0
2026-09-04T18:13:11.543+00:00 seq=20185 state=ACTIVE energy=    8797 frames=  38722048 flags=0x04 lost=0
2026-09-04T18:13:11.639+00:00 seq=20186 state=ACTIVE energy=   14234 frames=  38722304 flags=0x04 lost=0
2026-09-04T18:13:11.639+00:00 seq=20187 state=ACTIVE energy=   16040 frames=  38722560 flags=0x04 lost=0
2026-09-04T18:13:11.639+00:00 seq=20188 state=ACTIVE energy=   14547 frames=  38722816 flags=0x04 lost=0
2026-09-04T18:13:11.639+00:00 seq=20189 state=ACTIVE energy=   11773 frames=  38723072 flags=0x04 lost=0
2026-09-04T18:13:11.639+00:00 seq=20190 state=ACTIVE energy=   10117 frames=  38723328 flags=0x04 lost=0
2026-09-04T18:13:11.639+00:00 seq=20191 state=ACTIVE energy=    8283 frames=  38723584 flags=0x04 lost=0
2026-09-04T18:13:11.640+00:00 seq=20192 state=ACTIVE energy=    8492 frames=  38723840 flags=0x04 lost=0
2026-09-04T18:13:11.640+00:00 seq=20193 state=ACTIVE energy=    7406 frames=  38724096 flags=0x04 lost=0
2026-09-04T18:13:11.640+00:00 seq=20194 state=ACTIVE energy=    5340 frames=  38724352 flags=0x04 lost=0
2026-09-04T18:13:11.640+00:00 seq=20195 state=ACTIVE energy=    3747 frames=  38724608 flags=0x04 lost=0
2026-09-04T18:13:11.640+00:00 seq=20196 state=ACTIVE energy=    4377 frames=  38724864 flags=0x04 lost=0
2026-09-04T18:13:11.640+00:00 seq=20197 state=ACTIVE energy=    3197 frames=  38725120 flags=0x04 lost=0
2026-09-04T18:13:11.640+00:00 seq=20198 state=ACTIVE energy=    2113 frames=  38725376 flags=0x04 lost=0
2026-09-04T18:13:11.640+00:00 seq=20199 state=ACTIVE energy=    9323 frames=  38725632 flags=0x04 lost=0
2026-09-04T18:13:11.641+00:00 seq=20200 state=ACTIVE energy=   10451 frames=  38725888 flags=0x04 lost=0
2026-09-04T18:13:11.641+00:00 seq=20201 state=ACTIVE energy=   11890 frames=  38726144 flags=0x04 lost=0
2026-09-04T18:13:11.736+00:00 seq=20202 state=ACTIVE energy=   11182 frames=  38726400 flags=0x04 lost=0
2026-09-04T18:13:11.736+00:00 seq=20203 state=ACTIVE energy=   10846 frames=  38726656 flags=0x04 lost=0
2026-09-04T18:13:11.736+00:00 seq=20204 state=ACTIVE energy=   10055 frames=  38726912 flags=0x04 lost=0
2026-09-04T18:13:11.736+00:00 seq=20205 state=ACTIVE energy=   10002 frames=  38727168 flags=0x04 lost=0
2026-09-04T18:13:11.736+00:00 seq=20206 state=ACTIVE energy=    8543 frames=  38727424 flags=0x04 lost=0
2026-09-04T18:13:11.736+00:00 seq=20207 state=ACTIVE energy=    8668 frames=  38727680 flags=0x04 lost=0
2026-09-04T18:13:11.737+00:00 seq=20208 state=ACTIVE energy=    7229 frames=  38727936 flags=0x04 lost=0
2026-09-04T18:13:11.737+00:00 seq=20209 state=ACTIVE energy=    8186 frames=  38728192 flags=0x04 lost=0
2026-09-04T18:13:11.737+00:00 seq=20210 state=ACTIVE energy=    8787 frames=  38728448 flags=0x04 lost=0
2026-09-04T18:13:11.737+00:00 seq=20211 state=ACTIVE energy=   10086 frames=  38728704 flags=0x04 lost=0
2026-09-04T18:13:11.737+00:00 seq=20212 state=ACTIVE energy=    8631 frames=  38728960 flags=0x04 lost=0
2026-09-04T18:13:11.737+00:00 seq=20213 state=ACTIVE energy=    9082 frames=  38729216 flags=0x04 lost=0
2026-09-04T18:13:11.737+00:00 seq=20214 state=ACTIVE energy=    8667 frames=  38729472 flags=0x04 lost=0
2026-09-04T18:13:11.737+00:00 seq=20215 state=ACTIVE energy=    7757 frames=  38729728 flags=0x04 lost=0
2026-09-04T18:13:11.738+00:00 seq=20216 state=ACTIVE energy=    8507 frames=  38729984 flags=0x04 lost=0
2026-09-04T18:13:11.738+00:00 seq=20217 state=ACTIVE energy=    7947 frames=  38730240 flags=0x04 lost=0
2026-09-04T18:13:11.833+00:00 seq=20218 state=ACTIVE energy=    6035 frames=  38730496 flags=0x04 lost=0
2026-09-04T18:13:11.833+00:00 seq=20219 state=ACTIVE energy=    8116 frames=  38730752 flags=0x04 lost=0
2026-09-04T18:13:11.833+00:00 seq=20220 state=ACTIVE energy=    8519 frames=  38731008 flags=0x04 lost=0
2026-09-04T18:13:11.833+00:00 seq=20221 state=ACTIVE energy=    7778 frames=  38731264 flags=0x04 lost=0
2026-09-04T18:13:11.833+00:00 seq=20222 state=ACTIVE energy=    7146 frames=  38731520 flags=0x04 lost=0
2026-09-04T18:13:11.833+00:00 seq=20223 state=ACTIVE energy=    6193 frames=  38731776 flags=0x04 lost=0
2026-09-04T18:13:11.834+00:00 seq=20224 state=ACTIVE energy=    6648 frames=  38732032 flags=0x04 lost=0
2026-09-04T18:13:11.834+00:00 seq=20225 state=ACTIVE energy=    7204 frames=  38732288 flags=0x04 lost=0
2026-09-04T18:13:11.834+00:00 seq=20226 state=ACTIVE energy=    5362 frames=  38732544 flags=0x04 lost=0
2026-09-04T18:13:11.834+00:00 seq=20227 state=ACTIVE energy=    5412 frames=  38732800 flags=0x04 lost=0
2026-09-04T18:13:11.834+00:00 seq=20228 state=ACTIVE energy=    4565 frames=  38733056 flags=0x04 lost=0
2026-09-04T18:13:11.834+00:00 seq=20229 state=ACTIVE energy=    3218 frames=  38733312 flags=0x04 lost=0
2026-09-04T18:13:11.834+00:00 seq=20230 state=ACTIVE energy=    2951 frames=  38733568 flags=0x04 lost=0
2026-09-04T18:13:11.834+00:00 seq=20231 state=ACTIVE energy=    2295 frames=  38733824 flags=0x04 lost=0
2026-09-04T18:13:11.835+00:00 seq=20232 state=ACTIVE energy=    1233 frames=  38734080 flags=0x04 lost=0
2026-09-04T18:13:11.835+00:00 seq=20233 state=ACTIVE energy=    5085 frames=  38734336 flags=0x04 lost=0
2026-09-04T18:13:11.930+00:00 seq=20234 state=ACTIVE energy=    6671 frames=  38734592 flags=0x04 lost=0
2026-09-04T18:13:11.930+00:00 seq=20235 state=ACTIVE energy=    7237 frames=  38734848 flags=0x04 lost=0
2026-09-04T18:13:11.930+00:00 seq=20236 state=ACTIVE energy=    6931 frames=  38735104 flags=0x04 lost=0
2026-09-04T18:13:11.930+00:00 seq=20237 state=ACTIVE energy=    7189 frames=  38735360 flags=0x04 lost=0
2026-09-04T18:13:11.930+00:00 seq=20238 state=ACTIVE energy=    6526 frames=  38735616 flags=0x04 lost=0
2026-09-04T18:13:11.931+00:00 seq=20239 state=ACTIVE energy=    6157 frames=  38735872 flags=0x04 lost=0
2026-09-04T18:13:11.931+00:00 seq=20240 state=ACTIVE energy=    5024 frames=  38736128 flags=0x04 lost=0
2026-09-04T18:13:11.931+00:00 seq=20241 state=ACTIVE energy=    3103 frames=  38736384 flags=0x04 lost=0
2026-09-04T18:13:11.931+00:00 seq=20242 state=ACTIVE energy=    5074 frames=  38736640 flags=0x04 lost=0
2026-09-04T18:13:11.931+00:00 seq=20243 state=ACTIVE energy=    4877 frames=  38736896 flags=0x04 lost=0
2026-09-04T18:13:11.931+00:00 seq=20244 state=ACTIVE energy=    2194 frames=  38737152 flags=0x04 lost=0
2026-09-04T18:13:11.931+00:00 seq=20245 state=ACTIVE energy=    2880 frames=  38737408 flags=0x04 lost=0
2026-09-04T18:13:11.931+00:00 seq=20246 state=ACTIVE energy=    3423 frames=  38737664 flags=0x04 lost=0
2026-09-04T18:13:11.932+00:00 seq=20247 state=ACTIVE energy=    5208 frames=  38737920 flags=0x04 lost=0
2026-09-04T18:13:11.932+00:00 seq=20248 state=ACTIVE energy=    4366 frames=  38738176 flags=0x04 lost=0
2026-09-04T18:13:11.932+00:00 seq=20249 state=ACTIVE energy=    2201 frames=  38738432 flags=0x04 lost=0
2026-09-04T18:13:12.027+00:00 seq=20250 state=ACTIVE energy=    1087 frames=  38738688 flags=0x04 lost=0
2026-09-04T18:13:12.027+00:00 seq=20251 state=ACTIVE energy=    1905 frames=  38738944 flags=0x04 lost=0
2026-09-04T18:13:12.027+00:00 seq=20252 state=ACTIVE energy=    1978 frames=  38739200 flags=0x04 lost=0
2026-09-04T18:13:12.027+00:00 seq=20253 state=ACTIVE energy=    2260 frames=  38739456 flags=0x04 lost=0
2026-09-04T18:13:12.027+00:00 seq=20254 state=ACTIVE energy=    2197 frames=  38739712 flags=0x04 lost=0
2026-09-04T18:13:12.028+00:00 seq=20255 state=ACTIVE energy=    2434 frames=  38739968 flags=0x04 lost=0
2026-09-04T18:13:12.028+00:00 seq=20256 state=ACTIVE energy=    4070 frames=  38740224 flags=0x04 lost=0
2026-09-04T18:13:12.028+00:00 seq=20257 state=ACTIVE energy=    3379 frames=  38740480 flags=0x04 lost=0
2026-09-04T18:13:12.028+00:00 seq=20258 state=ACTIVE energy=    1977 frames=  38740736 flags=0x04 lost=0
2026-09-04T18:13:12.028+00:00 seq=20259 state=ACTIVE energy=    1607 frames=  38740992 flags=0x04 lost=0
2026-09-04T18:13:12.028+00:00 seq=20260 state=ACTIVE energy=    3292 frames=  38741248 flags=0x04 lost=0
2026-09-04T18:13:12.028+00:00 seq=20261 state=ACTIVE energy=    3165 frames=  38741504 flags=0x04 lost=0
2026-09-04T18:13:12.028+00:00 seq=20262 state=ACTIVE energy=    3410 frames=  38741760 flags=0x04 lost=0
2026-09-04T18:13:12.029+00:00 seq=20263 state=ACTIVE energy=    2654 frames=  38742016 flags=0x04 lost=0
2026-09-04T18:13:12.029+00:00 seq=20264 state=ACTIVE energy=    4333 frames=  38742272 flags=0x04 lost=0
2026-09-04T18:13:12.029+00:00 seq=20265 state=ACTIVE energy=    5749 frames=  38742528 flags=0x04 lost=0
2026-09-04T18:13:12.124+00:00 seq=20266 state=ACTIVE energy=    5069 frames=  38742784 flags=0x04 lost=0
2026-09-04T18:13:12.124+00:00 seq=20267 state=ACTIVE energy=    2910 frames=  38743040 flags=0x04 lost=0
2026-09-04T18:13:12.124+00:00 seq=20268 state=ACTIVE energy=    4790 frames=  38743296 flags=0x04 lost=0
2026-09-04T18:13:12.124+00:00 seq=20269 state=ACTIVE energy=    3514 frames=  38743552 flags=0x04 lost=0
2026-09-04T18:13:12.125+00:00 seq=20270 state=ACTIVE energy=    2461 frames=  38743808 flags=0x04 lost=0
2026-09-04T18:13:12.125+00:00 seq=20271 state=ACTIVE energy=    1997 frames=  38744064 flags=0x04 lost=0
2026-09-04T18:13:12.125+00:00 seq=20272 state=ACTIVE energy=    1395 frames=  38744320 flags=0x04 lost=0
2026-09-04T18:13:12.125+00:00 seq=20273 state=ACTIVE energy=     866 frames=  38744576 flags=0x04 lost=0
2026-09-04T18:13:12.125+00:00 seq=20274 state=ACTIVE energy=    1345 frames=  38744832 flags=0x04 lost=0
2026-09-04T18:13:12.125+00:00 seq=20275 state=ACTIVE energy=    2154 frames=  38745088 flags=0x04 lost=0
2026-09-04T18:13:12.125+00:00 seq=20276 state=ACTIVE energy=    1384 frames=  38745344 flags=0x04 lost=0
2026-09-04T18:13:12.125+00:00 seq=20277 state=ACTIVE energy=    1006 frames=  38745600 flags=0x04 lost=0
2026-09-04T18:13:12.125+00:00 seq=20278 state=ACTIVE energy=    2028 frames=  38745856 flags=0x04 lost=0
2026-09-04T18:13:12.126+00:00 seq=20279 state=ACTIVE energy=    3754 frames=  38746112 flags=0x04 lost=0
2026-09-04T18:13:12.126+00:00 seq=20280 state=ACTIVE energy=    2503 frames=  38746368 flags=0x04 lost=0
2026-09-04T18:13:12.126+00:00 seq=20281 state=ACTIVE energy=    2496 frames=  38746624 flags=0x04 lost=0
2026-09-04T18:13:12.221+00:00 seq=20282 state=ACTIVE energy=    4734 frames=  38746880 flags=0x04 lost=0
2026-09-04T18:13:12.221+00:00 seq=20283 state=ACTIVE energy=    5837 frames=  38747136 flags=0x04 lost=0
2026-09-04T18:13:12.221+00:00 seq=20284 state=ACTIVE energy=    8115 frames=  38747392 flags=0x04 lost=0
2026-09-04T18:13:12.221+00:00 seq=20285 state=ACTIVE energy=    7820 frames=  38747648 flags=0x04 lost=0
2026-09-04T18:13:12.222+00:00 seq=20286 state=ACTIVE energy=    5144 frames=  38747904 flags=0x04 lost=0
2026-09-04T18:13:12.222+00:00 seq=20287 state=ACTIVE energy=    2415 frames=  38748160 flags=0x04 lost=0
2026-09-04T18:13:12.222+00:00 seq=20288 state=ACTIVE energy=    2509 frames=  38748416 flags=0x04 lost=0
2026-09-04T18:13:12.222+00:00 seq=20289 state=ACTIVE energy=    2864 frames=  38748672 flags=0x04 lost=0
2026-09-04T18:13:12.222+00:00 seq=20290 state=ACTIVE energy=    5339 frames=  38748928 flags=0x04 lost=0
2026-09-04T18:13:12.222+00:00 seq=20291 state=ACTIVE energy=    4143 frames=  38749184 flags=0x04 lost=0
2026-09-04T18:13:12.222+00:00 seq=20292 state=ACTIVE energy=    3747 frames=  38749440 flags=0x04 lost=0
2026-09-04T18:13:12.222+00:00 seq=20293 state=ACTIVE energy=    3792 frames=  38749696 flags=0x04 lost=0
2026-09-04T18:13:12.223+00:00 seq=20294 state=ACTIVE energy=    2892 frames=  38749952 flags=0x04 lost=0
2026-09-04T18:13:12.223+00:00 seq=20295 state=ACTIVE energy=    3611 frames=  38750208 flags=0x04 lost=0
2026-09-04T18:13:12.223+00:00 seq=20296 state=ACTIVE energy=    3314 frames=  38750464 flags=0x04 lost=0
2026-09-04T18:13:12.223+00:00 seq=20297 state=ACTIVE energy=    4167 frames=  38750720 flags=0x04 lost=0
2026-09-04T18:13:12.318+00:00 seq=20298 state=ACTIVE energy=    3704 frames=  38750976 flags=0x04 lost=0
2026-09-04T18:13:12.318+00:00 seq=20299 state=ACTIVE energy=    2643 frames=  38751232 flags=0x04 lost=0
2026-09-04T18:13:12.318+00:00 seq=20300 state=ACTIVE energy=    3477 frames=  38751488 flags=0x04 lost=0
2026-09-04T18:13:12.319+00:00 seq=20301 state=ACTIVE energy=    1781 frames=  38751744 flags=0x04 lost=0
2026-09-04T18:13:12.319+00:00 seq=20302 state=ACTIVE energy=    1258 frames=  38752000 flags=0x04 lost=0
2026-09-04T18:13:12.319+00:00 seq=20303 state=ACTIVE energy=     989 frames=  38752256 flags=0x04 lost=0
2026-09-04T18:13:12.319+00:00 seq=20304 state=ACTIVE energy=    1597 frames=  38752512 flags=0x04 lost=0
2026-09-04T18:13:12.319+00:00 seq=20305 state=ACTIVE energy=    1590 frames=  38752768 flags=0x04 lost=0
2026-09-04T18:13:12.319+00:00 seq=20306 state=ACTIVE energy=    1819 frames=  38753024 flags=0x04 lost=0
2026-09-04T18:13:12.319+00:00 seq=20307 state=ACTIVE energy=    1418 frames=  38753280 flags=0x04 lost=0
2026-09-04T18:13:12.319+00:00 seq=20308 state=ACTIVE energy=    1153 frames=  38753536 flags=0x04 lost=0
2026-09-04T18:13:12.320+00:00 seq=20309 state=ACTIVE energy=     965 frames=  38753792 flags=0x04 lost=0
2026-09-04T18:13:12.320+00:00 seq=20310 state=ACTIVE energy=    3043 frames=  38754048 flags=0x04 lost=0
2026-09-04T18:13:12.320+00:00 seq=20311 state=ACTIVE energy=    3099 frames=  38754304 flags=0x04 lost=0
2026-09-04T18:13:12.320+00:00 seq=20312 state=ACTIVE energy=    5332 frames=  38754560 flags=0x04 lost=0
2026-09-04T18:13:12.320+00:00 seq=20313 state=ACTIVE energy=    4797 frames=  38754816 flags=0x04 lost=0
2026-09-04T18:13:12.415+00:00 seq=20314 state=ACTIVE energy=    3982 frames=  38755072 flags=0x04 lost=0
2026-09-04T18:13:12.415+00:00 seq=20315 state=ACTIVE energy=    6304 frames=  38755328 flags=0x04 lost=0
2026-09-04T18:13:12.416+00:00 seq=20316 state=ACTIVE energy=    5283 frames=  38755584 flags=0x04 lost=0
2026-09-04T18:13:12.416+00:00 seq=20317 state=ACTIVE energy=    6164 frames=  38755840 flags=0x04 lost=0
2026-09-04T18:13:12.416+00:00 seq=20318 state=ACTIVE energy=    5265 frames=  38756096 flags=0x04 lost=0
2026-09-04T18:13:12.416+00:00 seq=20319 state=ACTIVE energy=    4910 frames=  38756352 flags=0x04 lost=0
2026-09-04T18:13:12.416+00:00 seq=20320 state=ACTIVE energy=    2996 frames=  38756608 flags=0x04 lost=0
2026-09-04T18:13:12.416+00:00 seq=20321 state=ACTIVE energy=    3540 frames=  38756864 flags=0x04 lost=0
2026-09-04T18:13:12.416+00:00 seq=20322 state=ACTIVE energy=    2446 frames=  38757120 flags=0x04 lost=0
2026-09-04T18:13:12.416+00:00 seq=20323 state=ACTIVE energy=    3061 frames=  38757376 flags=0x04 lost=0
2026-09-04T18:13:12.416+00:00 seq=20324 state=ACTIVE energy=    4087 frames=  38757632 flags=0x04 lost=0
2026-09-04T18:13:12.417+00:00 seq=20325 state=ACTIVE energy=    2051 frames=  38757888 flags=0x04 lost=0
2026-09-04T18:13:12.417+00:00 seq=20326 state=ACTIVE energy=    3696 frames=  38758144 flags=0x04 lost=0
2026-09-04T18:13:12.417+00:00 seq=20327 state=ACTIVE energy=    4052 frames=  38758400 flags=0x04 lost=0
2026-09-04T18:13:12.417+00:00 seq=20328 state=ACTIVE energy=    1907 frames=  38758656 flags=0x04 lost=0
2026-09-04T18:13:12.417+00:00 seq=20329 state=ACTIVE energy=    1889 frames=  38758912 flags=0x04 lost=0
2026-09-04T18:13:12.512+00:00 seq=20330 state=ACTIVE energy=    1760 frames=  38759168 flags=0x04 lost=0
2026-09-04T18:13:12.513+00:00 seq=20331 state=ACTIVE energy=    2446 frames=  38759424 flags=0x04 lost=0
2026-09-04T18:13:12.513+00:00 seq=20332 state=ACTIVE energy=    3799 frames=  38759680 flags=0x04 lost=0
2026-09-04T18:13:12.513+00:00 seq=20333 state=ACTIVE energy=    5625 frames=  38759936 flags=0x04 lost=0
2026-09-04T18:13:12.513+00:00 seq=20334 state=ACTIVE energy=    6767 frames=  38760192 flags=0x04 lost=0
2026-09-04T18:13:12.513+00:00 seq=20335 state=ACTIVE energy=    5219 frames=  38760448 flags=0x04 lost=0
2026-09-04T18:13:12.513+00:00 seq=20336 state=ACTIVE energy=    5617 frames=  38760704 flags=0x04 lost=0
2026-09-04T18:13:12.513+00:00 seq=20337 state=ACTIVE energy=    6808 frames=  38760960 flags=0x04 lost=0
2026-09-04T18:13:12.513+00:00 seq=20338 state=ACTIVE energy=    4234 frames=  38761216 flags=0x04 lost=0
2026-09-04T18:13:12.514+00:00 seq=20339 state=ACTIVE energy=    2442 frames=  38761472 flags=0x04 lost=0
2026-09-04T18:13:12.514+00:00 seq=20340 state=ACTIVE energy=    1830 frames=  38761728 flags=0x04 lost=0
2026-09-04T18:13:12.514+00:00 seq=20341 state=ACTIVE energy=    2021 frames=  38761984 flags=0x04 lost=0
2026-09-04T18:13:12.514+00:00 seq=20342 state=ACTIVE energy=    1311 frames=  38762240 flags=0x04 lost=0
2026-09-04T18:13:12.514+00:00 seq=20343 state=ACTIVE energy=    1027 frames=  38762496 flags=0x04 lost=0
2026-09-04T18:13:12.514+00:00 seq=20344 state=ACTIVE energy=     886 frames=  38762752 flags=0x04 lost=0
2026-09-04T18:13:12.514+00:00 seq=20345 state=ACTIVE energy=    1343 frames=  38763008 flags=0x04 lost=0
2026-09-04T18:13:12.609+00:00 seq=20346 state=ACTIVE energy=    2424 frames=  38763264 flags=0x04 lost=0
2026-09-04T18:13:12.610+00:00 seq=20347 state=ACTIVE energy=    4039 frames=  38763520 flags=0x04 lost=0
2026-09-04T18:13:12.610+00:00 seq=20348 state=ACTIVE energy=    2793 frames=  38763776 flags=0x04 lost=0
2026-09-04T18:13:12.610+00:00 seq=20349 state=ACTIVE energy=    2157 frames=  38764032 flags=0x04 lost=0
2026-09-04T18:13:12.610+00:00 seq=20350 state=ACTIVE energy=    2460 frames=  38764288 flags=0x04 lost=0
2026-09-04T18:13:12.610+00:00 seq=20351 state=ACTIVE energy=    2980 frames=  38764544 flags=0x04 lost=0
2026-09-04T18:13:12.610+00:00 seq=20352 state=ACTIVE energy=    1948 frames=  38764800 flags=0x04 lost=0
2026-09-04T18:13:12.610+00:00 seq=20353 state=ACTIVE energy=    4488 frames=  38765056 flags=0x04 lost=0
2026-09-04T18:13:12.610+00:00 seq=20354 state=ACTIVE energy=    6332 frames=  38765312 flags=0x04 lost=0
2026-09-04T18:13:12.611+00:00 seq=20355 state=ACTIVE energy=    9796 frames=  38765568 flags=0x04 lost=0
2026-09-04T18:13:12.611+00:00 seq=20356 state=ACTIVE energy=   13654 frames=  38765824 flags=0x04 lost=0
2026-09-04T18:13:12.611+00:00 seq=20357 state=ACTIVE energy=   14930 frames=  38766080 flags=0x04 lost=0
2026-09-04T18:13:12.611+00:00 seq=20358 state=ACTIVE energy=   13533 frames=  38766336 flags=0x04 lost=0
2026-09-04T18:13:12.611+00:00 seq=20359 state=ACTIVE energy=   13206 frames=  38766592 flags=0x04 lost=0
2026-09-04T18:13:12.611+00:00 seq=20360 state=ACTIVE energy=   12925 frames=  38766848 flags=0x04 lost=0
2026-09-04T18:13:12.611+00:00 seq=20361 state=ACTIVE energy=   10137 frames=  38767104 flags=0x04 lost=0
2026-09-04T18:13:12.707+00:00 seq=20362 state=ACTIVE energy=    6427 frames=  38767360 flags=0x04 lost=0
2026-09-04T18:13:12.707+00:00 seq=20363 state=ACTIVE energy=    4383 frames=  38767616 flags=0x04 lost=0
2026-09-04T18:13:12.707+00:00 seq=20364 state=ACTIVE energy=    2977 frames=  38767872 flags=0x04 lost=0
2026-09-04T18:13:12.707+00:00 seq=20365 state=ACTIVE energy=    1749 frames=  38768128 flags=0x04 lost=0
2026-09-04T18:13:12.707+00:00 seq=20366 state=ACTIVE energy=    1316 frames=  38768384 flags=0x04 lost=0
2026-09-04T18:13:12.707+00:00 seq=20367 state=ACTIVE energy=    5305 frames=  38768640 flags=0x04 lost=0
2026-09-04T18:13:12.707+00:00 seq=20368 state=ACTIVE energy=   11117 frames=  38768896 flags=0x04 lost=0
2026-09-04T18:13:12.707+00:00 seq=20369 state=ACTIVE energy=   12619 frames=  38769152 flags=0x04 lost=0
2026-09-04T18:13:12.708+00:00 seq=20370 state=ACTIVE energy=   15025 frames=  38769408 flags=0x04 lost=0
2026-09-04T18:13:12.708+00:00 seq=20371 state=ACTIVE energy=   15314 frames=  38769664 flags=0x04 lost=0
2026-09-04T18:13:12.708+00:00 seq=20372 state=ACTIVE energy=   17046 frames=  38769920 flags=0x04 lost=0
2026-09-04T18:13:12.708+00:00 seq=20373 state=ACTIVE energy=   13713 frames=  38770176 flags=0x04 lost=0
2026-09-04T18:13:12.708+00:00 seq=20374 state=ACTIVE energy=   11639 frames=  38770432 flags=0x04 lost=0
2026-09-04T18:13:12.708+00:00 seq=20375 state=ACTIVE energy=    8134 frames=  38770688 flags=0x04 lost=0
2026-09-04T18:13:12.708+00:00 seq=20376 state=ACTIVE energy=    6354 frames=  38770944 flags=0x04 lost=0
2026-09-04T18:13:12.708+00:00 seq=20377 state=ACTIVE energy=    6329 frames=  38771200 flags=0x04 lost=0
2026-09-04T18:13:12.804+00:00 seq=20378 state=ACTIVE energy=    6976 frames=  38771456 flags=0x04 lost=0
2026-09-04T18:13:12.804+00:00 seq=20379 state=ACTIVE energy=    7491 frames=  38771712 flags=0x04 lost=0
2026-09-04T18:13:12.804+00:00 seq=20380 state=ACTIVE energy=    7570 frames=  38771968 flags=0x04 lost=0
2026-09-04T18:13:12.804+00:00 seq=20381 state=ACTIVE energy=    8206 frames=  38772224 flags=0x04 lost=0
2026-09-04T18:13:12.804+00:00 seq=20382 state=ACTIVE energy=    6001 frames=  38772480 flags=0x04 lost=0
2026-09-04T18:13:12.804+00:00 seq=20383 state=ACTIVE energy=    4404 frames=  38772736 flags=0x04 lost=0
2026-09-04T18:13:12.804+00:00 seq=20384 state=ACTIVE energy=    2921 frames=  38772992 flags=0x04 lost=0
2026-09-04T18:13:12.805+00:00 seq=20385 state=ACTIVE energy=    4240 frames=  38773248 flags=0x04 lost=0
2026-09-04T18:13:12.805+00:00 seq=20386 state=ACTIVE energy=    2964 frames=  38773504 flags=0x04 lost=0
2026-09-04T18:13:12.805+00:00 seq=20387 state=ACTIVE energy=    3311 frames=  38773760 flags=0x04 lost=0
2026-09-04T18:13:12.805+00:00 seq=20388 state=ACTIVE energy=    4599 frames=  38774016 flags=0x04 lost=0
2026-09-04T18:13:12.805+00:00 seq=20389 state=ACTIVE energy=    2976 frames=  38774272 flags=0x04 lost=0
2026-09-04T18:13:12.805+00:00 seq=20390 state=ACTIVE energy=    2745 frames=  38774528 flags=0x04 lost=0
2026-09-04T18:13:12.805+00:00 seq=20391 state=ACTIVE energy=    1978 frames=  38774784 flags=0x04 lost=0
2026-09-04T18:13:12.805+00:00 seq=20392 state=ACTIVE energy=    2456 frames=  38775040 flags=0x04 lost=0
2026-09-04T18:13:12.805+00:00 seq=20393 state=ACTIVE energy=    2279 frames=  38775296 flags=0x04 lost=0
2026-09-04T18:13:12.901+00:00 seq=20394 state=ACTIVE energy=    1426 frames=  38775552 flags=0x04 lost=0
2026-09-04T18:13:12.901+00:00 seq=20395 state=ACTIVE energy=    1524 frames=  38775808 flags=0x04 lost=0
2026-09-04T18:13:12.901+00:00 seq=20396 state=ACTIVE energy=    2492 frames=  38776064 flags=0x04 lost=0
2026-09-04T18:13:12.901+00:00 seq=20397 state=ACTIVE energy=    3735 frames=  38776320 flags=0x04 lost=0
2026-09-04T18:13:12.901+00:00 seq=20398 state=ACTIVE energy=    5812 frames=  38776576 flags=0x04 lost=0
2026-09-04T18:13:12.901+00:00 seq=20399 state=ACTIVE energy=    3700 frames=  38776832 flags=0x04 lost=0
2026-09-04T18:13:12.901+00:00 seq=20400 state=ACTIVE energy=    1860 frames=  38777088 flags=0x04 lost=0
2026-09-04T18:13:12.902+00:00 seq=20401 state=ACTIVE energy=    1135 frames=  38777344 flags=0x04 lost=0
2026-09-04T18:13:12.902+00:00 seq=20402 state=ACTIVE energy=    1128 frames=  38777600 flags=0x04 lost=0
2026-09-04T18:13:12.902+00:00 seq=20403 state=ACTIVE energy=    1041 frames=  38777856 flags=0x04 lost=0
2026-09-04T18:13:12.902+00:00 seq=20404 state=ACTIVE energy=    1359 frames=  38778112 flags=0x04 lost=0
2026-09-04T18:13:12.902+00:00 seq=20405 state=ACTIVE energy=     940 frames=  38778368 flags=0x04 lost=0
2026-09-04T18:13:12.902+00:00 seq=20406 state=ACTIVE energy=    2796 frames=  38778624 flags=0x04 lost=0
2026-09-04T18:13:12.902+00:00 seq=20407 state=ACTIVE energy=    1547 frames=  38778880 flags=0x04 lost=0
2026-09-04T18:13:12.902+00:00 seq=20408 state=ACTIVE energy=     941 frames=  38779136 flags=0x04 lost=0
2026-09-04T18:13:12.903+00:00 seq=20409 state=ACTIVE energy=    1940 frames=  38779392 flags=0x04 lost=0
2026-09-04T18:13:12.998+00:00 seq=20410 state=ACTIVE energy=    1492 frames=  38779648 flags=0x04 lost=0
2026-09-04T18:13:12.998+00:00 seq=20411 state=ACTIVE energy=    1201 frames=  38779904 flags=0x04 lost=0
2026-09-04T18:13:12.998+00:00 seq=20412 state=ACTIVE energy=    1870 frames=  38780160 flags=0x04 lost=0
2026-09-04T18:13:12.998+00:00 seq=20413 state=ACTIVE energy=    1524 frames=  38780416 flags=0x04 lost=0
2026-09-04T18:13:12.998+00:00 seq=20414 state=ACTIVE energy=    2192 frames=  38780672 flags=0x04 lost=0
2026-09-04T18:13:12.999+00:00 seq=20415 state=ACTIVE energy=    2710 frames=  38780928 flags=0x04 lost=0
2026-09-04T18:13:12.999+00:00 seq=20416 state=ACTIVE energy=    2704 frames=  38781184 flags=0x04 lost=0
2026-09-04T18:13:12.999+00:00 seq=20417 state=ACTIVE energy=    1785 frames=  38781440 flags=0x04 lost=0
2026-09-04T18:13:12.999+00:00 seq=20418 state=ACTIVE energy=    1416 frames=  38781696 flags=0x04 lost=0
2026-09-04T18:13:12.999+00:00 seq=20419 state=ACTIVE energy=    1826 frames=  38781952 flags=0x04 lost=0
2026-09-04T18:13:12.999+00:00 seq=20420 state=ACTIVE energy=     893 frames=  38782208 flags=0x04 lost=0
2026-09-04T18:13:12.999+00:00 seq=20421 state=ACTIVE energy=    1662 frames=  38782464 flags=0x04 lost=0
2026-09-04T18:13:12.999+00:00 seq=20422 state=ACTIVE energy=    1422 frames=  38782720 flags=0x04 lost=0
2026-09-04T18:13:12.999+00:00 seq=20423 state=ACTIVE energy=    1504 frames=  38782976 flags=0x04 lost=0
2026-09-04T18:13:13.000+00:00 seq=20424 state=ACTIVE energy=     930 frames=  38783232 flags=0x04 lost=0
2026-09-04T18:13:13.000+00:00 seq=20425 state=ACTIVE energy=    2082 frames=  38783488 flags=0x04 lost=0
2026-09-04T18:13:13.095+00:00 seq=20426 state=ACTIVE energy=    3529 frames=  38783744 flags=0x04 lost=0
2026-09-04T18:13:13.095+00:00 seq=20427 state=ACTIVE energy=    4309 frames=  38784000 flags=0x04 lost=0
2026-09-04T18:13:13.095+00:00 seq=20428 state=ACTIVE energy=    4827 frames=  38784256 flags=0x04 lost=0
2026-09-04T18:13:13.095+00:00 seq=20429 state=ACTIVE energy=    5071 frames=  38784512 flags=0x04 lost=0
2026-09-04T18:13:13.095+00:00 seq=20430 state=ACTIVE energy=    5246 frames=  38784768 flags=0x04 lost=0
2026-09-04T18:13:13.096+00:00 seq=20431 state=ACTIVE energy=    4668 frames=  38785024 flags=0x04 lost=0
2026-09-04T18:13:13.096+00:00 seq=20432 state=ACTIVE energy=    5112 frames=  38785280 flags=0x04 lost=0
2026-09-04T18:13:13.096+00:00 seq=20433 state=ACTIVE energy=    4269 frames=  38785536 flags=0x04 lost=0
2026-09-04T18:13:13.096+00:00 seq=20434 state=ACTIVE energy=    2811 frames=  38785792 flags=0x04 lost=0
2026-09-04T18:13:13.096+00:00 seq=20435 state=ACTIVE energy=    1435 frames=  38786048 flags=0x04 lost=0
2026-09-04T18:13:13.096+00:00 seq=20436 state=ACTIVE energy=    3370 frames=  38786304 flags=0x04 lost=0
2026-09-04T18:13:13.096+00:00 seq=20437 state=ACTIVE energy=    3887 frames=  38786560 flags=0x04 lost=0
2026-09-04T18:13:13.096+00:00 seq=20438 state=ACTIVE energy=    6306 frames=  38786816 flags=0x04 lost=0
2026-09-04T18:13:13.097+00:00 seq=20439 state=ACTIVE energy=    9190 frames=  38787072 flags=0x04 lost=0
2026-09-04T18:13:13.097+00:00 seq=20440 state=ACTIVE energy=    8546 frames=  38787328 flags=0x04 lost=0
2026-09-04T18:13:13.097+00:00 seq=20441 state=ACTIVE energy=    6704 frames=  38787584 flags=0x04 lost=0
2026-09-04T18:13:13.192+00:00 seq=20442 state=ACTIVE energy=    3544 frames=  38787840 flags=0x04 lost=0
2026-09-04T18:13:13.192+00:00 seq=20443 state=ACTIVE energy=    1636 frames=  38788096 flags=0x04 lost=0
2026-09-04T18:13:13.192+00:00 seq=20444 state=ACTIVE energy=    2787 frames=  38788352 flags=0x04 lost=0
2026-09-04T18:13:13.192+00:00 seq=20445 state=ACTIVE energy=    4361 frames=  38788608 flags=0x04 lost=0
2026-09-04T18:13:13.192+00:00 seq=20446 state=ACTIVE energy=    3490 frames=  38788864 flags=0x04 lost=0
2026-09-04T18:13:13.192+00:00 seq=20447 state=ACTIVE energy=    4431 frames=  38789120 flags=0x04 lost=0
2026-09-04T18:13:13.192+00:00 seq=20448 state=ACTIVE energy=    5209 frames=  38789376 flags=0x04 lost=0
2026-09-04T18:13:13.193+00:00 seq=20449 state=ACTIVE energy=    4825 frames=  38789632 flags=0x04 lost=0
2026-09-04T18:13:13.193+00:00 seq=20450 state=ACTIVE energy=    4430 frames=  38789888 flags=0x04 lost=0
2026-09-04T18:13:13.193+00:00 seq=20451 state=ACTIVE energy=    4991 frames=  38790144 flags=0x04 lost=0
2026-09-04T18:13:13.193+00:00 seq=20452 state=ACTIVE energy=    3039 frames=  38790400 flags=0x04 lost=0
2026-09-04T18:13:13.193+00:00 seq=20453 state=ACTIVE energy=     988 frames=  38790656 flags=0x04 lost=0
2026-09-04T18:13:13.193+00:00 seq=20454 state=ACTIVE energy=    1424 frames=  38790912 flags=0x04 lost=0
2026-09-04T18:13:13.193+00:00 seq=20455 state=ACTIVE energy=    1218 frames=  38791168 flags=0x04 lost=0
2026-09-04T18:13:13.193+00:00 seq=20456 state=ACTIVE energy=    2831 frames=  38791424 flags=0x04 lost=0
2026-09-04T18:13:13.193+00:00 seq=20457 state=ACTIVE energy=    4193 frames=  38791680 flags=0x04 lost=0
2026-09-04T18:13:13.289+00:00 seq=20458 state=ACTIVE energy=    5160 frames=  38791936 flags=0x04 lost=0
2026-09-04T18:13:13.289+00:00 seq=20459 state=ACTIVE energy=    4419 frames=  38792192 flags=0x04 lost=0
2026-09-04T18:13:13.289+00:00 seq=20460 state=ACTIVE energy=    3958 frames=  38792448 flags=0x04 lost=0
2026-09-04T18:13:13.289+00:00 seq=20461 state=ACTIVE energy=    3726 frames=  38792704 flags=0x04 lost=0
2026-09-04T18:13:13.290+00:00 seq=20462 state=ACTIVE energy=    5057 frames=  38792960 flags=0x04 lost=0
2026-09-04T18:13:13.290+00:00 seq=20463 state=ACTIVE energy=    8171 frames=  38793216 flags=0x04 lost=0
2026-09-04T18:13:13.290+00:00 seq=20464 state=ACTIVE energy=   14295 frames=  38793472 flags=0x04 lost=0
2026-09-04T18:13:13.290+00:00 seq=20465 state=ACTIVE energy=   17951 frames=  38793728 flags=0x04 lost=0
2026-09-04T18:13:13.290+00:00 seq=20466 state=ACTIVE energy=   18678 frames=  38793984 flags=0x04 lost=0
2026-09-04T18:13:13.290+00:00 seq=20467 state=ACTIVE energy=   18333 frames=  38794240 flags=0x04 lost=0
2026-09-04T18:13:13.290+00:00 seq=20468 state=ACTIVE energy=   17618 frames=  38794496 flags=0x04 lost=0
2026-09-04T18:13:13.291+00:00 seq=20469 state=ACTIVE energy=   15781 frames=  38794752 flags=0x04 lost=0
2026-09-04T18:13:13.291+00:00 seq=20470 state=ACTIVE energy=   13796 frames=  38795008 flags=0x04 lost=0
2026-09-04T18:13:13.291+00:00 seq=20471 state=ACTIVE energy=   13311 frames=  38795264 flags=0x04 lost=0
2026-09-04T18:13:13.291+00:00 seq=20472 state=ACTIVE energy=   12191 frames=  38795520 flags=0x04 lost=0
2026-09-04T18:13:13.291+00:00 seq=20473 state=ACTIVE energy=   12689 frames=  38795776 flags=0x04 lost=0
2026-09-04T18:13:13.386+00:00 seq=20474 state=ACTIVE energy=   11358 frames=  38796032 flags=0x04 lost=0
2026-09-04T18:13:13.386+00:00 seq=20475 state=ACTIVE energy=    9308 frames=  38796288 flags=0x04 lost=0
2026-09-04T18:13:13.386+00:00 seq=20476 state=ACTIVE energy=    7814 frames=  38796544 flags=0x04 lost=0
2026-09-04T18:13:13.387+00:00 seq=20477 state=ACTIVE energy=    7112 frames=  38796800 flags=0x04 lost=0
2026-09-04T18:13:13.387+00:00 seq=20478 state=ACTIVE energy=    5379 frames=  38797056 flags=0x04 lost=0
2026-09-04T18:13:13.387+00:00 seq=20479 state=ACTIVE energy=    4876 frames=  38797312 flags=0x04 lost=0
2026-09-04T18:13:13.387+00:00 seq=20480 state=ACTIVE energy=    5543 frames=  38797568 flags=0x04 lost=0
2026-09-04T18:13:13.387+00:00 seq=20481 state=ACTIVE energy=    6438 frames=  38797824 flags=0x04 lost=0
2026-09-04T18:13:13.387+00:00 seq=20482 state=ACTIVE energy=    5263 frames=  38798080 flags=0x04 lost=0
2026-09-04T18:13:13.387+00:00 seq=20483 state=ACTIVE energy=    5180 frames=  38798336 flags=0x04 lost=0
2026-09-04T18:13:13.387+00:00 seq=20484 state=ACTIVE energy=    3548 frames=  38798592 flags=0x04 lost=0
2026-09-04T18:13:13.388+00:00 seq=20485 state=ACTIVE energy=    2752 frames=  38798848 flags=0x04 lost=0
2026-09-04T18:13:13.388+00:00 seq=20486 state=ACTIVE energy=    3488 frames=  38799104 flags=0x04 lost=0
2026-09-04T18:13:13.388+00:00 seq=20487 state=ACTIVE energy=    1530 frames=  38799360 flags=0x04 lost=0
2026-09-04T18:13:13.388+00:00 seq=20488 state=ACTIVE energy=    1853 frames=  38799616 flags=0x04 lost=0
2026-09-04T18:13:13.388+00:00 seq=20489 state=ACTIVE energy=    3935 frames=  38799872 flags=0x04 lost=0
2026-09-04T18:13:13.483+00:00 seq=20490 state=ACTIVE energy=    3831 frames=  38800128 flags=0x04 lost=0
2026-09-04T18:13:13.484+00:00 seq=20491 state=ACTIVE energy=    4742 frames=  38800384 flags=0x04 lost=0
2026-09-04T18:13:13.484+00:00 seq=20492 state=ACTIVE energy=    5628 frames=  38800640 flags=0x04 lost=0
2026-09-04T18:13:13.484+00:00 seq=20493 state=ACTIVE energy=   11028 frames=  38800896 flags=0x04 lost=0
2026-09-04T18:13:13.484+00:00 seq=20494 state=ACTIVE energy=   14880 frames=  38801152 flags=0x04 lost=0
2026-09-04T18:13:13.484+00:00 seq=20495 state=ACTIVE energy=   16850 frames=  38801408 flags=0x04 lost=0
2026-09-04T18:13:13.484+00:00 seq=20496 state=ACTIVE energy=   17823 frames=  38801664 flags=0x04 lost=0
2026-09-04T18:13:13.484+00:00 seq=20497 state=ACTIVE energy=   15736 frames=  38801920 flags=0x04 lost=0
2026-09-04T18:13:13.484+00:00 seq=20498 state=ACTIVE energy=   12369 frames=  38802176 flags=0x04 lost=0
2026-09-04T18:13:13.485+00:00 seq=20499 state=ACTIVE energy=   10465 frames=  38802432 flags=0x04 lost=0
2026-09-04T18:13:13.485+00:00 seq=20500 state=ACTIVE energy=    9079 frames=  38802688 flags=0x04 lost=0
2026-09-04T18:13:13.485+00:00 seq=20501 state=ACTIVE energy=    9648 frames=  38802944 flags=0x04 lost=0
2026-09-04T18:13:13.485+00:00 seq=20502 state=ACTIVE energy=    8603 frames=  38803200 flags=0x04 lost=0
2026-09-04T18:13:13.485+00:00 seq=20503 state=ACTIVE energy=    8219 frames=  38803456 flags=0x04 lost=0
2026-09-04T18:13:13.485+00:00 seq=20504 state=ACTIVE energy=    8225 frames=  38803712 flags=0x04 lost=0
2026-09-04T18:13:13.485+00:00 seq=20505 state=ACTIVE energy=    6926 frames=  38803968 flags=0x04 lost=0
2026-09-04T18:13:13.580+00:00 seq=20506 state=ACTIVE energy=    4670 frames=  38804224 flags=0x04 lost=0
2026-09-04T18:13:13.581+00:00 seq=20507 state=ACTIVE energy=    4968 frames=  38804480 flags=0x04 lost=0
2026-09-04T18:13:13.581+00:00 seq=20508 state=ACTIVE energy=    4413 frames=  38804736 flags=0x04 lost=0
2026-09-04T18:13:13.581+00:00 seq=20509 state=ACTIVE energy=    3306 frames=  38804992 flags=0x04 lost=0
2026-09-04T18:13:13.581+00:00 seq=20510 state=ACTIVE energy=    2073 frames=  38805248 flags=0x04 lost=0
2026-09-04T18:13:13.581+00:00 seq=20511 state=ACTIVE energy=    1989 frames=  38805504 flags=0x04 lost=0
2026-09-04T18:13:13.581+00:00 seq=20512 state=ACTIVE energy=    1837 frames=  38805760 flags=0x04 lost=0
2026-09-04T18:13:13.581+00:00 seq=20513 state=ACTIVE energy=    1305 frames=  38806016 flags=0x04 lost=0
2026-09-04T18:13:13.581+00:00 seq=20514 state=ACTIVE energy=    1034 frames=  38806272 flags=0x04 lost=0
2026-09-04T18:13:13.582+00:00 seq=20515 state=ACTIVE energy=    2451 frames=  38806528 flags=0x04 lost=0
2026-09-04T18:13:13.582+00:00 seq=20516 state=ACTIVE energy=    3457 frames=  38806784 flags=0x04 lost=0
2026-09-04T18:13:13.582+00:00 seq=20517 state=ACTIVE energy=    1107 frames=  38807040 flags=0x04 lost=0
2026-09-04T18:13:13.582+00:00 seq=20518 state=ACTIVE energy=    1670 frames=  38807296 flags=0x04 lost=0
2026-09-04T18:13:13.582+00:00 seq=20519 state=ACTIVE energy=    4591 frames=  38807552 flags=0x04 lost=0
2026-09-04T18:13:13.582+00:00 seq=20520 state=ACTIVE energy=    3389 frames=  38807808 flags=0x04 lost=0
2026-09-04T18:13:13.582+00:00 seq=20521 state=ACTIVE energy=    2509 frames=  38808064 flags=0x04 lost=0
2026-09-04T18:13:13.677+00:00 seq=20522 state=ACTIVE energy=    2256 frames=  38808320 flags=0x04 lost=0
2026-09-04T18:13:13.677+00:00 seq=20523 state=ACTIVE energy=    1053 frames=  38808576 flags=0x04 lost=0
2026-09-04T18:13:13.677+00:00 seq=20524 state=ACTIVE energy=    1030 frames=  38808832 flags=0x04 lost=0
2026-09-04T18:13:13.678+00:00 seq=20525 state=ACTIVE energy=    2771 frames=  38809088 flags=0x04 lost=0
2026-09-04T18:13:13.678+00:00 seq=20526 state=ACTIVE energy=    3305 frames=  38809344 flags=0x04 lost=0
2026-09-04T18:13:13.678+00:00 seq=20527 state=ACTIVE energy=    3136 frames=  38809600 flags=0x04 lost=0
2026-09-04T18:13:13.678+00:00 seq=20528 state=ACTIVE energy=    1725 frames=  38809856 flags=0x04 lost=0
2026-09-04T18:13:13.678+00:00 seq=20529 state=ACTIVE energy=    2846 frames=  38810112 flags=0x04 lost=0
2026-09-04T18:13:13.678+00:00 seq=20530 state=ACTIVE energy=    2451 frames=  38810368 flags=0x04 lost=0
2026-09-04T18:13:13.678+00:00 seq=20531 state=ACTIVE energy=    3379 frames=  38810624 flags=0x04 lost=0
2026-09-04T18:13:13.678+00:00 seq=20532 state=ACTIVE energy=    2981 frames=  38810880 flags=0x04 lost=0
2026-09-04T18:13:13.678+00:00 seq=20533 state=ACTIVE energy=    4396 frames=  38811136 flags=0x04 lost=0
2026-09-04T18:13:13.679+00:00 seq=20534 state=ACTIVE energy=    2174 frames=  38811392 flags=0x04 lost=0
2026-09-04T18:13:13.679+00:00 seq=20535 state=ACTIVE energy=    1389 frames=  38811648 flags=0x04 lost=0
2026-09-04T18:13:13.679+00:00 seq=20536 state=ACTIVE energy=    1431 frames=  38811904 flags=0x04 lost=0
2026-09-04T18:13:13.679+00:00 seq=20537 state=ACTIVE energy=    1191 frames=  38812160 flags=0x04 lost=0
2026-09-04T18:13:13.775+00:00 seq=20538 state=ACTIVE energy=    1701 frames=  38812416 flags=0x04 lost=0
2026-09-04T18:13:13.775+00:00 seq=20539 state=ACTIVE energy=    3761 frames=  38812672 flags=0x04 lost=0
2026-09-04T18:13:13.775+00:00 seq=20540 state=ACTIVE energy=    4151 frames=  38812928 flags=0x04 lost=0
2026-09-04T18:13:13.775+00:00 seq=20541 state=ACTIVE energy=    3725 frames=  38813184 flags=0x04 lost=0
2026-09-04T18:13:13.775+00:00 seq=20542 state=ACTIVE energy=    3943 frames=  38813440 flags=0x04 lost=0
2026-09-04T18:13:13.775+00:00 seq=20543 state=ACTIVE energy=    3181 frames=  38813696 flags=0x04 lost=0
2026-09-04T18:13:13.775+00:00 seq=20544 state=ACTIVE energy=    4599 frames=  38813952 flags=0x04 lost=0
2026-09-04T18:13:13.775+00:00 seq=20545 state=ACTIVE energy=    5821 frames=  38814208 flags=0x04 lost=0
2026-09-04T18:13:13.776+00:00 seq=20546 state=ACTIVE energy=    5676 frames=  38814464 flags=0x04 lost=0
2026-09-04T18:13:13.776+00:00 seq=20547 state=ACTIVE energy=    5078 frames=  38814720 flags=0x04 lost=0
2026-09-04T18:13:13.776+00:00 seq=20548 state=ACTIVE energy=    4830 frames=  38814976 flags=0x04 lost=0
2026-09-04T18:13:13.776+00:00 seq=20549 state=ACTIVE energy=    4191 frames=  38815232 flags=0x04 lost=0
2026-09-04T18:13:13.776+00:00 seq=20550 state=ACTIVE energy=    5000 frames=  38815488 flags=0x04 lost=0
2026-09-04T18:13:13.776+00:00 seq=20551 state=ACTIVE energy=    5734 frames=  38815744 flags=0x04 lost=0
2026-09-04T18:13:13.776+00:00 seq=20552 state=ACTIVE energy=    6108 frames=  38816000 flags=0x04 lost=0
2026-09-04T18:13:13.776+00:00 seq=20553 state=ACTIVE energy=    6271 frames=  38816256 flags=0x04 lost=0
2026-09-04T18:13:13.872+00:00 seq=20554 state=ACTIVE energy=    5479 frames=  38816512 flags=0x04 lost=0
2026-09-04T18:13:13.872+00:00 seq=20555 state=ACTIVE energy=    7141 frames=  38816768 flags=0x04 lost=0
2026-09-04T18:13:13.872+00:00 seq=20556 state=ACTIVE energy=    6891 frames=  38817024 flags=0x04 lost=0
2026-09-04T18:13:13.872+00:00 seq=20557 state=ACTIVE energy=    5977 frames=  38817280 flags=0x04 lost=0
2026-09-04T18:13:13.872+00:00 seq=20558 state=ACTIVE energy=    5310 frames=  38817536 flags=0x04 lost=0
2026-09-04T18:13:13.872+00:00 seq=20559 state=ACTIVE energy=    4209 frames=  38817792 flags=0x04 lost=0
2026-09-04T18:13:13.872+00:00 seq=20560 state=ACTIVE energy=    4889 frames=  38818048 flags=0x04 lost=0
2026-09-04T18:13:13.873+00:00 seq=20561 state=ACTIVE energy=    4256 frames=  38818304 flags=0x04 lost=0
2026-09-04T18:13:13.873+00:00 seq=20562 state=ACTIVE energy=    3556 frames=  38818560 flags=0x04 lost=0
2026-09-04T18:13:13.873+00:00 seq=20563 state=ACTIVE energy=    3363 frames=  38818816 flags=0x04 lost=0
2026-09-04T18:13:13.873+00:00 seq=20564 state=ACTIVE energy=    4022 frames=  38819072 flags=0x04 lost=0
2026-09-04T18:13:13.873+00:00 seq=20565 state=ACTIVE energy=    4704 frames=  38819328 flags=0x04 lost=0
2026-09-04T18:13:13.873+00:00 seq=20566 state=ACTIVE energy=    2573 frames=  38819584 flags=0x04 lost=0
2026-09-04T18:13:13.873+00:00 seq=20567 state=ACTIVE energy=    2559 frames=  38819840 flags=0x04 lost=0
2026-09-04T18:13:13.873+00:00 seq=20568 state=ACTIVE energy=    4197 frames=  38820096 flags=0x04 lost=0
2026-09-04T18:13:13.874+00:00 seq=20569 state=ACTIVE energy=    3536 frames=  38820352 flags=0x04 lost=0
2026-09-04T18:13:13.969+00:00 seq=20570 state=ACTIVE energy=    2936 frames=  38820608 flags=0x04 lost=0
2026-09-04T18:13:13.969+00:00 seq=20571 state=ACTIVE energy=    2687 frames=  38820864 flags=0x04 lost=0
2026-09-04T18:13:13.969+00:00 seq=20572 state=ACTIVE energy=    2338 frames=  38821120 flags=0x04 lost=0
2026-09-04T18:13:13.969+00:00 seq=20573 state=ACTIVE energy=    1379 frames=  38821376 flags=0x04 lost=0
2026-09-04T18:13:13.969+00:00 seq=20574 state=ACTIVE energy=    1561 frames=  38821632 flags=0x04 lost=0
2026-09-04T18:13:13.969+00:00 seq=20575 state=ACTIVE energy=    1037 frames=  38821888 flags=0x04 lost=0
2026-09-04T18:13:13.969+00:00 seq=20576 state=ACTIVE energy=    1548 frames=  38822144 flags=0x04 lost=0
2026-09-04T18:13:13.970+00:00 seq=20577 state=ACTIVE energy=    3712 frames=  38822400 flags=0x04 lost=0
2026-09-04T18:13:13.970+00:00 seq=20578 state=ACTIVE energy=    4711 frames=  38822656 flags=0x04 lost=0
2026-09-04T18:13:13.970+00:00 seq=20579 state=ACTIVE energy=    5140 frames=  38822912 flags=0x04 lost=0
2026-09-04T18:13:13.970+00:00 seq=20580 state=ACTIVE energy=    4071 frames=  38823168 flags=0x04 lost=0
2026-09-04T18:13:13.970+00:00 seq=20581 state=ACTIVE energy=    5021 frames=  38823424 flags=0x04 lost=0
2026-09-04T18:13:13.970+00:00 seq=20582 state=ACTIVE energy=    3493 frames=  38823680 flags=0x04 lost=0
2026-09-04T18:13:13.970+00:00 seq=20583 state=ACTIVE energy=    4517 frames=  38823936 flags=0x04 lost=0
2026-09-04T18:13:13.970+00:00 seq=20584 state=ACTIVE energy=    3898 frames=  38824192 flags=0x04 lost=0
2026-09-04T18:13:13.971+00:00 seq=20585 state=ACTIVE energy=    1859 frames=  38824448 flags=0x04 lost=0
2026-09-04T18:13:14.066+00:00 seq=20586 state=ACTIVE energy=    2331 frames=  38824704 flags=0x04 lost=0
2026-09-04T18:13:14.066+00:00 seq=20587 state=ACTIVE energy=    3558 frames=  38824960 flags=0x04 lost=0
2026-09-04T18:13:14.066+00:00 seq=20588 state=ACTIVE energy=    2359 frames=  38825216 flags=0x04 lost=0
2026-09-04T18:13:14.066+00:00 seq=20589 state=ACTIVE energy=    3856 frames=  38825472 flags=0x04 lost=0
2026-09-04T18:13:14.066+00:00 seq=20590 state=ACTIVE energy=    2008 frames=  38825728 flags=0x04 lost=0
2026-09-04T18:13:14.067+00:00 seq=20591 state=ACTIVE energy=    1300 frames=  38825984 flags=0x04 lost=0
2026-09-04T18:13:14.067+00:00 seq=20592 state=ACTIVE energy=    1432 frames=  38826240 flags=0x04 lost=0
2026-09-04T18:13:14.067+00:00 seq=20593 state=ACTIVE energy=    2035 frames=  38826496 flags=0x04 lost=0
2026-09-04T18:13:14.067+00:00 seq=20594 state=ACTIVE energy=     970 frames=  38826752 flags=0x04 lost=0
2026-09-04T18:13:14.067+00:00 seq=20595 state=ACTIVE energy=    1565 frames=  38827008 flags=0x04 lost=0
2026-09-04T18:13:14.067+00:00 seq=20596 state=ACTIVE energy=    4309 frames=  38827264 flags=0x04 lost=0
2026-09-04T18:13:14.067+00:00 seq=20597 state=ACTIVE energy=    5691 frames=  38827520 flags=0x04 lost=0
2026-09-04T18:13:14.067+00:00 seq=20598 state=ACTIVE energy=    7135 frames=  38827776 flags=0x04 lost=0
2026-09-04T18:13:14.067+00:00 seq=20599 state=ACTIVE energy=    5315 frames=  38828032 flags=0x04 lost=0
2026-09-04T18:13:14.068+00:00 seq=20600 state=ACTIVE energy=    3932 frames=  38828288 flags=0x04 lost=0
2026-09-04T18:13:14.068+00:00 seq=20601 state=ACTIVE energy=    2819 frames=  38828544 flags=0x04 lost=0
2026-09-04T18:13:14.163+00:00 seq=20602 state=ACTIVE energy=    2812 frames=  38828800 flags=0x04 lost=0
2026-09-04T18:13:14.163+00:00 seq=20603 state=ACTIVE energy=    1850 frames=  38829056 flags=0x04 lost=0
2026-09-04T18:13:14.163+00:00 seq=20604 state=ACTIVE energy=    3887 frames=  38829312 flags=0x04 lost=0
2026-09-04T18:13:14.163+00:00 seq=20605 state=ACTIVE energy=    3479 frames=  38829568 flags=0x04 lost=0
2026-09-04T18:13:14.163+00:00 seq=20606 state=ACTIVE energy=    2271 frames=  38829824 flags=0x04 lost=0
2026-09-04T18:13:14.164+00:00 seq=20607 state=ACTIVE energy=    2240 frames=  38830080 flags=0x04 lost=0
2026-09-04T18:13:14.164+00:00 seq=20608 state=ACTIVE energy=    2375 frames=  38830336 flags=0x04 lost=0
2026-09-04T18:13:14.164+00:00 seq=20609 state=ACTIVE energy=    1760 frames=  38830592 flags=0x04 lost=0
2026-09-04T18:13:14.164+00:00 seq=20610 state=ACTIVE energy=    2759 frames=  38830848 flags=0x04 lost=0
2026-09-04T18:13:14.164+00:00 seq=20611 state=ACTIVE energy=    3259 frames=  38831104 flags=0x04 lost=0
2026-09-04T18:13:14.164+00:00 seq=20612 state=ACTIVE energy=    1691 frames=  38831360 flags=0x04 lost=0
2026-09-04T18:13:14.164+00:00 seq=20613 state=ACTIVE energy=    2042 frames=  38831616 flags=0x04 lost=0
2026-09-04T18:13:14.164+00:00 seq=20614 state=ACTIVE energy=    3249 frames=  38831872 flags=0x04 lost=0
2026-09-04T18:13:14.165+00:00 seq=20615 state=ACTIVE energy=    4393 frames=  38832128 flags=0x04 lost=0
2026-09-04T18:13:14.165+00:00 seq=20616 state=ACTIVE energy=    5442 frames=  38832384 flags=0x04 lost=0
2026-09-04T18:13:14.165+00:00 seq=20617 state=ACTIVE energy=    5036 frames=  38832640 flags=0x04 lost=0
2026-09-04T18:13:14.260+00:00 seq=20618 state=ACTIVE energy=    4093 frames=  38832896 flags=0x04 lost=0
2026-09-04T18:13:14.260+00:00 seq=20619 state=ACTIVE energy=    2942 frames=  38833152 flags=0x04 lost=0
2026-09-04T18:13:14.260+00:00 seq=20620 state=ACTIVE energy=    1662 frames=  38833408 flags=0x04 lost=0
2026-09-04T18:13:14.260+00:00 seq=20621 state=ACTIVE energy=    4087 frames=  38833664 flags=0x04 lost=0
2026-09-04T18:13:14.261+00:00 seq=20622 state=ACTIVE energy=    3639 frames=  38833920 flags=0x04 lost=0
2026-09-04T18:13:14.261+00:00 seq=20623 state=ACTIVE energy=    4309 frames=  38834176 flags=0x04 lost=0
2026-09-04T18:13:14.261+00:00 seq=20624 state=ACTIVE energy=    4536 frames=  38834432 flags=0x04 lost=0
2026-09-04T18:13:14.261+00:00 seq=20625 state=ACTIVE energy=    4386 frames=  38834688 flags=0x04 lost=0
2026-09-04T18:13:14.261+00:00 seq=20626 state=ACTIVE energy=    3777 frames=  38834944 flags=0x04 lost=0
2026-09-04T18:13:14.261+00:00 seq=20627 state=ACTIVE energy=    3502 frames=  38835200 flags=0x04 lost=0
2026-09-04T18:13:14.261+00:00 seq=20628 state=ACTIVE energy=    2883 frames=  38835456 flags=0x04 lost=0
2026-09-04T18:13:14.261+00:00 seq=20629 state=ACTIVE energy=    3036 frames=  38835712 flags=0x04 lost=0
2026-09-04T18:13:14.261+00:00 seq=20630 state=ACTIVE energy=    3644 frames=  38835968 flags=0x04 lost=0
2026-09-04T18:13:14.262+00:00 seq=20631 state=ACTIVE energy=    2187 frames=  38836224 flags=0x04 lost=0
2026-09-04T18:13:14.262+00:00 seq=20632 state=ACTIVE energy=    2168 frames=  38836480 flags=0x04 lost=0
2026-09-04T18:13:14.262+00:00 seq=20633 state=ACTIVE energy=    2629 frames=  38836736 flags=0x04 lost=0
2026-09-04T18:13:14.357+00:00 seq=20634 state=ACTIVE energy=    1344 frames=  38836992 flags=0x04 lost=0
2026-09-04T18:13:14.357+00:00 seq=20635 state=ACTIVE energy=    1048 frames=  38837248 flags=0x04 lost=0
2026-09-04T18:13:14.357+00:00 seq=20636 state=ACTIVE energy=    2343 frames=  38837504 flags=0x04 lost=0
2026-09-04T18:13:14.358+00:00 seq=20637 state=ACTIVE energy=    5149 frames=  38837760 flags=0x04 lost=0
2026-09-04T18:13:14.358+00:00 seq=20638 state=ACTIVE energy=    6103 frames=  38838016 flags=0x04 lost=0
2026-09-04T18:13:14.358+00:00 seq=20639 state=ACTIVE energy=    4935 frames=  38838272 flags=0x04 lost=0
2026-09-04T18:13:14.358+00:00 seq=20640 state=ACTIVE energy=    4924 frames=  38838528 flags=0x04 lost=0
2026-09-04T18:13:14.358+00:00 seq=20641 state=ACTIVE energy=    5759 frames=  38838784 flags=0x04 lost=0
2026-09-04T18:13:14.358+00:00 seq=20642 state=ACTIVE energy=    4066 frames=  38839040 flags=0x04 lost=0
2026-09-04T18:13:14.358+00:00 seq=20643 state=ACTIVE energy=    3765 frames=  38839296 flags=0x04 lost=0
2026-09-04T18:13:14.358+00:00 seq=20644 state=ACTIVE energy=    5929 frames=  38839552 flags=0x04 lost=0
2026-09-04T18:13:14.359+00:00 seq=20645 state=ACTIVE energy=    5565 frames=  38839808 flags=0x04 lost=0
2026-09-04T18:13:14.359+00:00 seq=20646 state=ACTIVE energy=    6670 frames=  38840064 flags=0x04 lost=0
2026-09-04T18:13:14.359+00:00 seq=20647 state=ACTIVE energy=    7092 frames=  38840320 flags=0x04 lost=0
2026-09-04T18:13:14.359+00:00 seq=20648 state=ACTIVE energy=    5036 frames=  38840576 flags=0x04 lost=0
2026-09-04T18:13:14.359+00:00 seq=20649 state=ACTIVE energy=    4924 frames=  38840832 flags=0x04 lost=0
2026-09-04T18:13:14.454+00:00 seq=20650 state=ACTIVE energy=    3267 frames=  38841088 flags=0x04 lost=0
2026-09-04T18:13:14.454+00:00 seq=20651 state=ACTIVE energy=    3017 frames=  38841344 flags=0x04 lost=0
2026-09-04T18:13:14.455+00:00 seq=20652 state=ACTIVE energy=    2296 frames=  38841600 flags=0x04 lost=0
2026-09-04T18:13:14.455+00:00 seq=20653 state=ACTIVE energy=    1817 frames=  38841856 flags=0x04 lost=0
2026-09-04T18:13:14.455+00:00 seq=20654 state=ACTIVE energy=    3667 frames=  38842112 flags=0x04 lost=0
2026-09-04T18:13:14.455+00:00 seq=20655 state=ACTIVE energy=    4387 frames=  38842368 flags=0x04 lost=0
2026-09-04T18:13:14.455+00:00 seq=20656 state=ACTIVE energy=    5521 frames=  38842624 flags=0x04 lost=0
2026-09-04T18:13:14.455+00:00 seq=20657 state=ACTIVE energy=    7010 frames=  38842880 flags=0x04 lost=0
2026-09-04T18:13:14.455+00:00 seq=20658 state=ACTIVE energy=    7014 frames=  38843136 flags=0x04 lost=0
2026-09-04T18:13:14.455+00:00 seq=20659 state=ACTIVE energy=    4515 frames=  38843392 flags=0x04 lost=0
2026-09-04T18:13:14.455+00:00 seq=20660 state=ACTIVE energy=    5423 frames=  38843648 flags=0x04 lost=0
2026-09-04T18:13:14.456+00:00 seq=20661 state=ACTIVE energy=    5051 frames=  38843904 flags=0x04 lost=0
2026-09-04T18:13:14.456+00:00 seq=20662 state=ACTIVE energy=    3624 frames=  38844160 flags=0x04 lost=0
2026-09-04T18:13:14.456+00:00 seq=20663 state=ACTIVE energy=    2344 frames=  38844416 flags=0x04 lost=0
2026-09-04T18:13:14.456+00:00 seq=20664 state=ACTIVE energy=    4945 frames=  38844672 flags=0x04 lost=0
2026-09-04T18:13:14.456+00:00 seq=20665 state=ACTIVE energy=    5702 frames=  38844928 flags=0x04 lost=0
2026-09-04T18:13:14.551+00:00 seq=20666 state=ACTIVE energy=    2981 frames=  38845184 flags=0x04 lost=0
2026-09-04T18:13:14.551+00:00 seq=20667 state=ACTIVE energy=    2177 frames=  38845440 flags=0x04 lost=0
2026-09-04T18:13:14.552+00:00 seq=20668 state=ACTIVE energy=    1789 frames=  38845696 flags=0x04 lost=0
2026-09-04T18:13:14.552+00:00 seq=20669 state=ACTIVE energy=    3988 frames=  38845952 flags=0x04 lost=0
2026-09-04T18:13:14.552+00:00 seq=20670 state=ACTIVE energy=    4302 frames=  38846208 flags=0x04 lost=0
2026-09-04T18:13:14.552+00:00 seq=20671 state=ACTIVE energy=    2366 frames=  38846464 flags=0x04 lost=0
2026-09-04T18:13:14.552+00:00 seq=20672 state=ACTIVE energy=    1466 frames=  38846720 flags=0x04 lost=0
2026-09-04T18:13:14.552+00:00 seq=20673 state=ACTIVE energy=    3437 frames=  38846976 flags=0x04 lost=0
2026-09-04T18:13:14.552+00:00 seq=20674 state=ACTIVE energy=    2860 frames=  38847232 flags=0x04 lost=0
2026-09-04T18:13:14.552+00:00 seq=20675 state=ACTIVE energy=    3914 frames=  38847488 flags=0x04 lost=0
2026-09-04T18:13:14.553+00:00 seq=20676 state=ACTIVE energy=    4821 frames=  38847744 flags=0x04 lost=0
2026-09-04T18:13:14.553+00:00 seq=20677 state=ACTIVE energy=    5398 frames=  38848000 flags=0x04 lost=0
2026-09-04T18:13:14.553+00:00 seq=20678 state=ACTIVE energy=    5336 frames=  38848256 flags=0x04 lost=0
2026-09-04T18:13:14.553+00:00 seq=20679 state=ACTIVE energy=    5363 frames=  38848512 flags=0x04 lost=0
2026-09-04T18:13:14.553+00:00 seq=20680 state=ACTIVE energy=    5154 frames=  38848768 flags=0x04 lost=0
2026-09-04T18:13:14.553+00:00 seq=20681 state=ACTIVE energy=    4325 frames=  38849024 flags=0x04 lost=0
2026-09-04T18:13:14.648+00:00 seq=20682 state=ACTIVE energy=    4549 frames=  38849280 flags=0x04 lost=0
2026-09-04T18:13:14.649+00:00 seq=20683 state=ACTIVE energy=    3625 frames=  38849536 flags=0x04 lost=0
2026-09-04T18:13:14.649+00:00 seq=20684 state=ACTIVE energy=    1115 frames=  38849792 flags=0x04 lost=0
2026-09-04T18:13:14.649+00:00 seq=20685 state=ACTIVE energy=    1386 frames=  38850048 flags=0x04 lost=0
2026-09-04T18:13:14.649+00:00 seq=20686 state=ACTIVE energy=     879 frames=  38850304 flags=0x04 lost=0
2026-09-04T18:13:14.649+00:00 seq=20687 state=ACTIVE energy=     786 frames=  38850560 flags=0x04 lost=0
2026-09-04T18:13:14.649+00:00 seq=20688 state=ACTIVE energy=    2660 frames=  38850816 flags=0x04 lost=0
2026-09-04T18:13:14.649+00:00 seq=20689 state=ACTIVE energy=    4083 frames=  38851072 flags=0x04 lost=0
2026-09-04T18:13:14.649+00:00 seq=20690 state=ACTIVE energy=    5467 frames=  38851328 flags=0x04 lost=0
2026-09-04T18:13:14.649+00:00 seq=20691 state=ACTIVE energy=    5813 frames=  38851584 flags=0x04 lost=0
2026-09-04T18:13:14.650+00:00 seq=20692 state=ACTIVE energy=    6717 frames=  38851840 flags=0x04 lost=0
2026-09-04T18:13:14.650+00:00 seq=20693 state=ACTIVE energy=    5838 frames=  38852096 flags=0x04 lost=0
2026-09-04T18:13:14.650+00:00 seq=20694 state=ACTIVE energy=    4299 frames=  38852352 flags=0x04 lost=0
2026-09-04T18:13:14.650+00:00 seq=20695 state=ACTIVE energy=    4100 frames=  38852608 flags=0x04 lost=0
2026-09-04T18:13:14.650+00:00 seq=20696 state=ACTIVE energy=    5256 frames=  38852864 flags=0x04 lost=0
2026-09-04T18:13:14.650+00:00 seq=20697 state=ACTIVE energy=    6427 frames=  38853120 flags=0x04 lost=0
2026-09-04T18:13:14.745+00:00 seq=20698 state=ACTIVE energy=    8204 frames=  38853376 flags=0x04 lost=0
2026-09-04T18:13:14.746+00:00 seq=20699 state=ACTIVE energy=   12355 frames=  38853632 flags=0x04 lost=0
2026-09-04T18:13:14.746+00:00 seq=20700 state=ACTIVE energy=   14717 frames=  38853888 flags=0x04 lost=0
2026-09-04T18:13:14.746+00:00 seq=20701 state=ACTIVE energy=   17095 frames=  38854144 flags=0x04 lost=0
2026-09-04T18:13:14.746+00:00 seq=20702 state=ACTIVE energy=   18110 frames=  38854400 flags=0x04 lost=0
2026-09-04T18:13:14.746+00:00 seq=20703 state=ACTIVE energy=   13725 frames=  38854656 flags=0x04 lost=0
2026-09-04T18:13:14.746+00:00 seq=20704 state=ACTIVE energy=   13387 frames=  38854912 flags=0x04 lost=0
2026-09-04T18:13:14.746+00:00 seq=20705 state=ACTIVE energy=   12820 frames=  38855168 flags=0x04 lost=0
2026-09-04T18:13:14.746+00:00 seq=20706 state=ACTIVE energy=   11645 frames=  38855424 flags=0x04 lost=0
2026-09-04T18:13:14.747+00:00 seq=20707 state=ACTIVE energy=    8943 frames=  38855680 flags=0x04 lost=0
2026-09-04T18:13:14.747+00:00 seq=20708 state=ACTIVE energy=    9182 frames=  38855936 flags=0x04 lost=0
2026-09-04T18:13:14.747+00:00 seq=20709 state=ACTIVE energy=    8721 frames=  38856192 flags=0x04 lost=0
2026-09-04T18:13:14.747+00:00 seq=20710 state=ACTIVE energy=    8355 frames=  38856448 flags=0x04 lost=0
2026-09-04T18:13:14.747+00:00 seq=20711 state=ACTIVE energy=    7815 frames=  38856704 flags=0x04 lost=0
2026-09-04T18:13:14.747+00:00 seq=20712 state=ACTIVE energy=    7114 frames=  38856960 flags=0x04 lost=0
2026-09-04T18:13:14.747+00:00 seq=20713 state=ACTIVE energy=    6025 frames=  38857216 flags=0x04 lost=0
2026-09-04T18:13:14.843+00:00 seq=20714 state=ACTIVE energy=    4413 frames=  38857472 flags=0x04 lost=0
2026-09-04T18:13:14.843+00:00 seq=20715 state=ACTIVE energy=    1519 frames=  38857728 flags=0x04 lost=0
2026-09-04T18:13:14.843+00:00 seq=20716 state=ACTIVE energy=    3619 frames=  38857984 flags=0x04 lost=0
2026-09-04T18:13:14.843+00:00 seq=20717 state=ACTIVE energy=   10806 frames=  38858240 flags=0x04 lost=0
2026-09-04T18:13:14.843+00:00 seq=20718 state=ACTIVE energy=   14561 frames=  38858496 flags=0x04 lost=0
2026-09-04T18:13:14.843+00:00 seq=20719 state=ACTIVE energy=   15171 frames=  38858752 flags=0x04 lost=0
2026-09-04T18:13:14.843+00:00 seq=20720 state=ACTIVE energy=   15060 frames=  38859008 flags=0x04 lost=0
2026-09-04T18:13:14.843+00:00 seq=20721 state=ACTIVE energy=   12077 frames=  38859264 flags=0x04 lost=0
2026-09-04T18:13:14.844+00:00 seq=20722 state=ACTIVE energy=   10902 frames=  38859520 flags=0x04 lost=0
2026-09-04T18:13:14.844+00:00 seq=20723 state=ACTIVE energy=    8992 frames=  38859776 flags=0x04 lost=0
2026-09-04T18:13:14.844+00:00 seq=20724 state=ACTIVE energy=    9030 frames=  38860032 flags=0x04 lost=0
2026-09-04T18:13:14.844+00:00 seq=20725 state=ACTIVE energy=    7982 frames=  38860288 flags=0x04 lost=0
2026-09-04T18:13:14.844+00:00 seq=20726 state=ACTIVE energy=    8020 frames=  38860544 flags=0x04 lost=0
2026-09-04T18:13:14.844+00:00 seq=20727 state=ACTIVE energy=    7293 frames=  38860800 flags=0x04 lost=0
2026-09-04T18:13:14.844+00:00 seq=20728 state=ACTIVE energy=    6995 frames=  38861056 flags=0x04 lost=0
2026-09-04T18:13:14.844+00:00 seq=20729 state=ACTIVE energy=    5681 frames=  38861312 flags=0x04 lost=0
2026-09-04T18:13:14.940+00:00 seq=20730 state=ACTIVE energy=    5895 frames=  38861568 flags=0x04 lost=0
2026-09-04T18:13:14.940+00:00 seq=20731 state=ACTIVE energy=    6443 frames=  38861824 flags=0x04 lost=0
2026-09-04T18:13:14.940+00:00 seq=20732 state=ACTIVE energy=    4658 frames=  38862080 flags=0x04 lost=0
2026-09-04T18:13:14.940+00:00 seq=20733 state=ACTIVE energy=    3656 frames=  38862336 flags=0x04 lost=0
2026-09-04T18:13:14.940+00:00 seq=20734 state=ACTIVE energy=    3158 frames=  38862592 flags=0x04 lost=0
2026-09-04T18:13:14.940+00:00 seq=20735 state=ACTIVE energy=    2979 frames=  38862848 flags=0x04 lost=0
2026-09-04T18:13:14.940+00:00 seq=20736 state=ACTIVE energy=    1401 frames=  38863104 flags=0x04 lost=0
2026-09-04T18:13:14.941+00:00 seq=20737 state=ACTIVE energy=    2694 frames=  38863360 flags=0x04 lost=0
2026-09-04T18:13:14.941+00:00 seq=20738 state=ACTIVE energy=    9668 frames=  38863616 flags=0x04 lost=0
2026-09-04T18:13:14.941+00:00 seq=20739 state=ACTIVE energy=   16799 frames=  38863872 flags=0x04 lost=0
2026-09-04T18:13:14.941+00:00 seq=20740 state=ACTIVE energy=   21956 frames=  38864128 flags=0x04 lost=0
2026-09-04T18:13:14.941+00:00 seq=20741 state=ACTIVE energy=   23469 frames=  38864384 flags=0x04 lost=0
2026-09-04T18:13:14.941+00:00 seq=20742 state=ACTIVE energy=   23854 frames=  38864640 flags=0x04 lost=0
2026-09-04T18:13:14.941+00:00 seq=20743 state=ACTIVE energy=   22609 frames=  38864896 flags=0x04 lost=0
2026-09-04T18:13:14.941+00:00 seq=20744 state=ACTIVE energy=   21272 frames=  38865152 flags=0x04 lost=0
2026-09-04T18:13:14.941+00:00 seq=20745 state=ACTIVE energy=   19541 frames=  38865408 flags=0x04 lost=0
2026-09-04T18:13:15.037+00:00 seq=20746 state=ACTIVE energy=   16281 frames=  38865664 flags=0x04 lost=0
2026-09-04T18:13:15.037+00:00 seq=20747 state=ACTIVE energy=   13605 frames=  38865920 flags=0x04 lost=0
2026-09-04T18:13:15.037+00:00 seq=20748 state=ACTIVE energy=   11597 frames=  38866176 flags=0x04 lost=0
2026-09-04T18:13:15.037+00:00 seq=20749 state=ACTIVE energy=    7104 frames=  38866432 flags=0x04 lost=0
2026-09-04T18:13:15.037+00:00 seq=20750 state=ACTIVE energy=    4931 frames=  38866688 flags=0x04 lost=0
2026-09-04T18:13:15.037+00:00 seq=20751 state=ACTIVE energy=    1580 frames=  38866944 flags=0x04 lost=0
2026-09-04T18:13:15.037+00:00 seq=20752 state=ACTIVE energy=    3108 frames=  38867200 flags=0x04 lost=0
2026-09-04T18:13:15.038+00:00 seq=20753 state=ACTIVE energy=    3478 frames=  38867456 flags=0x04 lost=0
2026-09-04T18:13:15.038+00:00 seq=20754 state=ACTIVE energy=    3797 frames=  38867712 flags=0x04 lost=0
2026-09-04T18:13:15.038+00:00 seq=20755 state=ACTIVE energy=    3607 frames=  38867968 flags=0x04 lost=0
2026-09-04T18:13:15.038+00:00 seq=20756 state=ACTIVE energy=    3727 frames=  38868224 flags=0x04 lost=0
2026-09-04T18:13:15.038+00:00 seq=20757 state=ACTIVE energy=    5175 frames=  38868480 flags=0x04 lost=0
2026-09-04T18:13:15.038+00:00 seq=20758 state=ACTIVE energy=    9181 frames=  38868736 flags=0x04 lost=0
2026-09-04T18:13:15.038+00:00 seq=20759 state=ACTIVE energy=   12507 frames=  38868992 flags=0x04 lost=0
2026-09-04T18:13:15.038+00:00 seq=20760 state=ACTIVE energy=   13529 frames=  38869248 flags=0x04 lost=0
2026-09-04T18:13:15.039+00:00 seq=20761 state=ACTIVE energy=   13946 frames=  38869504 flags=0x04 lost=0
2026-09-04T18:13:15.134+00:00 seq=20762 state=ACTIVE energy=   14704 frames=  38869760 flags=0x04 lost=0
2026-09-04T18:13:15.134+00:00 seq=20763 state=ACTIVE energy=   13150 frames=  38870016 flags=0x04 lost=0
2026-09-04T18:13:15.134+00:00 seq=20764 state=ACTIVE energy=   11448 frames=  38870272 flags=0x04 lost=0
2026-09-04T18:13:15.134+00:00 seq=20765 state=ACTIVE energy=   10661 frames=  38870528 flags=0x04 lost=0
2026-09-04T18:13:15.134+00:00 seq=20766 state=ACTIVE energy=   10947 frames=  38870784 flags=0x04 lost=0
2026-09-04T18:13:15.135+00:00 seq=20767 state=ACTIVE energy=   10555 frames=  38871040 flags=0x04 lost=0
2026-09-04T18:13:15.135+00:00 seq=20768 state=ACTIVE energy=    9048 frames=  38871296 flags=0x04 lost=0
2026-09-04T18:13:15.135+00:00 seq=20769 state=ACTIVE energy=    7571 frames=  38871552 flags=0x04 lost=0
2026-09-04T18:13:15.135+00:00 seq=20770 state=ACTIVE energy=    6460 frames=  38871808 flags=0x04 lost=0
2026-09-04T18:13:15.135+00:00 seq=20771 state=ACTIVE energy=    6032 frames=  38872064 flags=0x04 lost=0
2026-09-04T18:13:15.135+00:00 seq=20772 state=ACTIVE energy=    4639 frames=  38872320 flags=0x04 lost=0
2026-09-04T18:13:15.135+00:00 seq=20773 state=ACTIVE energy=    5745 frames=  38872576 flags=0x04 lost=0
2026-09-04T18:13:15.135+00:00 seq=20774 state=ACTIVE energy=    6829 frames=  38872832 flags=0x04 lost=0
2026-09-04T18:13:15.135+00:00 seq=20775 state=ACTIVE energy=    5405 frames=  38873088 flags=0x04 lost=0
2026-09-04T18:13:15.136+00:00 seq=20776 state=ACTIVE energy=    6928 frames=  38873344 flags=0x04 lost=0
2026-09-04T18:13:15.136+00:00 seq=20777 state=ACTIVE energy=    5761 frames=  38873600 flags=0x04 lost=0
2026-09-04T18:13:15.231+00:00 seq=20778 state=ACTIVE energy=    4644 frames=  38873856 flags=0x04 lost=0
2026-09-04T18:13:15.231+00:00 seq=20779 state=ACTIVE energy=    4350 frames=  38874112 flags=0x04 lost=0
2026-09-04T18:13:15.231+00:00 seq=20780 state=ACTIVE energy=    3990 frames=  38874368 flags=0x04 lost=0
2026-09-04T18:13:15.231+00:00 seq=20781 state=ACTIVE energy=    3617 frames=  38874624 flags=0x04 lost=0
2026-09-04T18:13:15.231+00:00 seq=20782 state=ACTIVE energy=    1942 frames=  38874880 flags=0x04 lost=0
2026-09-04T18:13:15.232+00:00 seq=20783 state=ACTIVE energy=    2321 frames=  38875136 flags=0x04 lost=0
2026-09-04T18:13:15.232+00:00 seq=20784 state=ACTIVE energy=    1764 frames=  38875392 flags=0x04 lost=0
2026-09-04T18:13:15.232+00:00 seq=20785 state=ACTIVE energy=    1069 frames=  38875648 flags=0x04 lost=0
2026-09-04T18:13:15.232+00:00 seq=20786 state=ACTIVE energy=    1905 frames=  38875904 flags=0x04 lost=0
2026-09-04T18:13:15.232+00:00 seq=20787 state=ACTIVE energy=    3997 frames=  38876160 flags=0x04 lost=0
2026-09-04T18:13:15.232+00:00 seq=20788 state=ACTIVE energy=    4305 frames=  38876416 flags=0x04 lost=0
2026-09-04T18:13:15.232+00:00 seq=20789 state=ACTIVE energy=    2415 frames=  38876672 flags=0x04 lost=0
2026-09-04T18:13:15.232+00:00 seq=20790 state=ACTIVE energy=    1716 frames=  38876928 flags=0x04 lost=0
2026-09-04T18:13:15.233+00:00 seq=20791 state=ACTIVE energy=    1592 frames=  38877184 flags=0x04 lost=0
2026-09-04T18:13:15.233+00:00 seq=20792 state=ACTIVE energy=    1762 frames=  38877440 flags=0x04 lost=0
2026-09-04T18:13:15.233+00:00 seq=20793 state=ACTIVE energy=    3869 frames=  38877696 flags=0x04 lost=0
2026-09-04T18:13:15.328+00:00 seq=20794 state=ACTIVE energy=    2657 frames=  38877952 flags=0x04 lost=0
2026-09-04T18:13:15.328+00:00 seq=20795 state=ACTIVE energy=    2965 frames=  38878208 flags=0x04 lost=0
2026-09-04T18:13:15.328+00:00 seq=20796 state=ACTIVE energy=    2021 frames=  38878464 flags=0x04 lost=0
2026-09-04T18:13:15.328+00:00 seq=20797 state=ACTIVE energy=    2120 frames=  38878720 flags=0x04 lost=0
2026-09-04T18:13:15.328+00:00 seq=20798 state=ACTIVE energy=    1685 frames=  38878976 flags=0x04 lost=0
2026-09-04T18:13:15.329+00:00 seq=20799 state=ACTIVE energy=    5952 frames=  38879232 flags=0x04 lost=0
2026-09-04T18:13:15.329+00:00 seq=20800 state=ACTIVE energy=   12412 frames=  38879488 flags=0x04 lost=0
2026-09-04T18:13:15.329+00:00 seq=20801 state=ACTIVE energy=   16158 frames=  38879744 flags=0x04 lost=0
2026-09-04T18:13:15.329+00:00 seq=20802 state=ACTIVE energy=   18994 frames=  38880000 flags=0x04 lost=0
2026-09-04T18:13:15.329+00:00 seq=20803 state=ACTIVE energy=   21859 frames=  38880256 flags=0x04 lost=0
2026-09-04T18:13:15.329+00:00 seq=20804 state=ACTIVE energy=   20795 frames=  38880512 flags=0x04 lost=0
2026-09-04T18:13:15.329+00:00 seq=20805 state=ACTIVE energy=   18642 frames=  38880768 flags=0x04 lost=0
2026-09-04T18:13:15.329+00:00 seq=20806 state=ACTIVE energy=   14433 frames=  38881024 flags=0x04 lost=0
2026-09-04T18:13:15.330+00:00 seq=20807 state=ACTIVE energy=   11366 frames=  38881280 flags=0x04 lost=0
2026-09-04T18:13:15.330+00:00 seq=20808 state=ACTIVE energy=    8614 frames=  38881536 flags=0x04 lost=0
2026-09-04T18:13:15.330+00:00 seq=20809 state=ACTIVE energy=    6205 frames=  38881792 flags=0x04 lost=0
2026-09-04T18:13:15.425+00:00 seq=20810 state=ACTIVE energy=    6003 frames=  38882048 flags=0x04 lost=0
2026-09-04T18:13:15.425+00:00 seq=20811 state=ACTIVE energy=    2187 frames=  38882304 flags=0x04 lost=0
2026-09-04T18:13:15.425+00:00 seq=20812 state=ACTIVE energy=    1412 frames=  38882560 flags=0x04 lost=0
2026-09-04T18:13:15.425+00:00 seq=20813 state=ACTIVE energy=    3827 frames=  38882816 flags=0x04 lost=0
2026-09-04T18:13:15.426+00:00 seq=20814 state=ACTIVE energy=    9801 frames=  38883072 flags=0x04 lost=0
2026-09-04T18:13:15.426+00:00 seq=20815 state=ACTIVE energy=   10200 frames=  38883328 flags=0x04 lost=0
2026-09-04T18:13:15.426+00:00 seq=20816 state=ACTIVE energy=   11205 frames=  38883584 flags=0x04 lost=0
2026-09-04T18:13:15.426+00:00 seq=20817 state=ACTIVE energy=   10749 frames=  38883840 flags=0x04 lost=0
2026-09-04T18:13:15.426+00:00 seq=20818 state=ACTIVE energy=    9882 frames=  38884096 flags=0x04 lost=0
2026-09-04T18:13:15.426+00:00 seq=20819 state=ACTIVE energy=    9191 frames=  38884352 flags=0x04 lost=0
2026-09-04T18:13:15.426+00:00 seq=20820 state=ACTIVE energy=    8736 frames=  38884608 flags=0x04 lost=0
2026-09-04T18:13:15.426+00:00 seq=20821 state=ACTIVE energy=    7947 frames=  38884864 flags=0x04 lost=0
2026-09-04T18:13:15.427+00:00 seq=20822 state=ACTIVE energy=    6932 frames=  38885120 flags=0x04 lost=0
2026-09-04T18:13:15.427+00:00 seq=20823 state=ACTIVE energy=    3772 frames=  38885376 flags=0x04 lost=0
2026-09-04T18:13:15.427+00:00 seq=20824 state=ACTIVE energy=    2600 frames=  38885632 flags=0x04 lost=0
2026-09-04T18:13:15.427+00:00 seq=20825 state=ACTIVE energy=    3135 frames=  38885888 flags=0x04 lost=0
2026-09-04T18:13:15.522+00:00 seq=20826 state=ACTIVE energy=    1538 frames=  38886144 flags=0x04 lost=0
2026-09-04T18:13:15.522+00:00 seq=20827 state=ACTIVE energy=     958 frames=  38886400 flags=0x04 lost=0
2026-09-04T18:13:15.522+00:00 seq=20828 state=ACTIVE energy=    1125 frames=  38886656 flags=0x04 lost=0
2026-09-04T18:13:15.523+00:00 seq=20829 state=ACTIVE energy=    3592 frames=  38886912 flags=0x04 lost=0
2026-09-04T18:13:15.523+00:00 seq=20830 state=ACTIVE energy=   12140 frames=  38887168 flags=0x04 lost=0
2026-09-04T18:13:15.523+00:00 seq=20831 state=ACTIVE energy=   15867 frames=  38887424 flags=0x04 lost=0
2026-09-04T18:13:15.523+00:00 seq=20832 state=ACTIVE energy=   14445 frames=  38887680 flags=0x04 lost=0
2026-09-04T18:13:15.523+00:00 seq=20833 state=ACTIVE energy=   14884 frames=  38887936 flags=0x04 lost=0
2026-09-04T18:13:15.523+00:00 seq=20834 state=ACTIVE energy=   13130 frames=  38888192 flags=0x04 lost=0
2026-09-04T18:13:15.523+00:00 seq=20835 state=ACTIVE energy=   12805 frames=  38888448 flags=0x04 lost=0
2026-09-04T18:13:15.523+00:00 seq=20836 state=ACTIVE energy=   11777 frames=  38888704 flags=0x04 lost=0
2026-09-04T18:13:15.524+00:00 seq=20837 state=ACTIVE energy=   10881 frames=  38888960 flags=0x04 lost=0
2026-09-04T18:13:15.524+00:00 seq=20838 state=ACTIVE energy=   10981 frames=  38889216 flags=0x04 lost=0
2026-09-04T18:13:15.524+00:00 seq=20839 state=ACTIVE energy=   10268 frames=  38889472 flags=0x04 lost=0
2026-09-04T18:13:15.524+00:00 seq=20840 state=ACTIVE energy=    8328 frames=  38889728 flags=0x04 lost=0
2026-09-04T18:13:15.524+00:00 seq=20841 state=ACTIVE energy=    5248 frames=  38889984 flags=0x04 lost=0
2026-09-04T18:13:15.619+00:00 seq=20842 state=ACTIVE energy=    5680 frames=  38890240 flags=0x04 lost=0
2026-09-04T18:13:15.619+00:00 seq=20843 state=ACTIVE energy=    5097 frames=  38890496 flags=0x04 lost=0
2026-09-04T18:13:15.620+00:00 seq=20844 state=ACTIVE energy=    6474 frames=  38890752 flags=0x04 lost=0
2026-09-04T18:13:15.620+00:00 seq=20845 state=ACTIVE energy=    5864 frames=  38891008 flags=0x04 lost=0
2026-09-04T18:13:15.620+00:00 seq=20846 state=ACTIVE energy=    2919 frames=  38891264 flags=0x04 lost=0
2026-09-04T18:13:15.620+00:00 seq=20847 state=ACTIVE energy=    1237 frames=  38891520 flags=0x04 lost=0
2026-09-04T18:13:15.620+00:00 seq=20848 state=ACTIVE energy=    1061 frames=  38891776 flags=0x04 lost=0
2026-09-04T18:13:15.620+00:00 seq=20849 state=ACTIVE energy=    4020 frames=  38892032 flags=0x04 lost=0
2026-09-04T18:13:15.620+00:00 seq=20850 state=ACTIVE energy=    4075 frames=  38892288 flags=0x04 lost=0
2026-09-04T18:13:15.620+00:00 seq=20851 state=ACTIVE energy=    5106 frames=  38892544 flags=0x04 lost=0
2026-09-04T18:13:15.621+00:00 seq=20852 state=ACTIVE energy=    4717 frames=  38892800 flags=0x04 lost=0
2026-09-04T18:13:15.621+00:00 seq=20853 state=ACTIVE energy=    6730 frames=  38893056 flags=0x04 lost=0
2026-09-04T18:13:15.621+00:00 seq=20854 state=ACTIVE energy=   12167 frames=  38893312 flags=0x04 lost=0
2026-09-04T18:13:15.621+00:00 seq=20855 state=ACTIVE energy=   15823 frames=  38893568 flags=0x04 lost=0
2026-09-04T18:13:15.621+00:00 seq=20856 state=ACTIVE energy=   18091 frames=  38893824 flags=0x04 lost=0
2026-09-04T18:13:15.621+00:00 seq=20857 state=ACTIVE energy=   17098 frames=  38894080 flags=0x04 lost=0
2026-09-04T18:13:15.716+00:00 seq=20858 state=ACTIVE energy=   16122 frames=  38894336 flags=0x04 lost=0
2026-09-04T18:13:15.717+00:00 seq=20859 state=ACTIVE energy=   14623 frames=  38894592 flags=0x04 lost=0
2026-09-04T18:13:15.717+00:00 seq=20860 state=ACTIVE energy=   11980 frames=  38894848 flags=0x04 lost=0
2026-09-04T18:13:15.717+00:00 seq=20861 state=ACTIVE energy=    9935 frames=  38895104 flags=0x04 lost=0
2026-09-04T18:13:15.717+00:00 seq=20862 state=ACTIVE energy=    9176 frames=  38895360 flags=0x04 lost=0
2026-09-04T18:13:15.717+00:00 seq=20863 state=ACTIVE energy=    8235 frames=  38895616 flags=0x04 lost=0
2026-09-04T18:13:15.717+00:00 seq=20864 state=ACTIVE energy=    6707 frames=  38895872 flags=0x04 lost=0
2026-09-04T18:13:15.717+00:00 seq=20865 state=ACTIVE energy=    7439 frames=  38896128 flags=0x04 lost=0
2026-09-04T18:13:15.717+00:00 seq=20866 state=ACTIVE energy=    8825 frames=  38896384 flags=0x04 lost=0
2026-09-04T18:13:15.717+00:00 seq=20867 state=ACTIVE energy=    6955 frames=  38896640 flags=0x04 lost=0
2026-09-04T18:13:15.718+00:00 seq=20868 state=ACTIVE energy=    7740 frames=  38896896 flags=0x04 lost=0
2026-09-04T18:13:15.718+00:00 seq=20869 state=ACTIVE energy=    6980 frames=  38897152 flags=0x04 lost=0
2026-09-04T18:13:15.718+00:00 seq=20870 state=ACTIVE energy=    4600 frames=  38897408 flags=0x04 lost=0
2026-09-04T18:13:15.718+00:00 seq=20871 state=ACTIVE energy=    4994 frames=  38897664 flags=0x04 lost=0
2026-09-04T18:13:15.718+00:00 seq=20872 state=ACTIVE energy=    4840 frames=  38897920 flags=0x04 lost=0
2026-09-04T18:13:15.718+00:00 seq=20873 state=ACTIVE energy=    5216 frames=  38898176 flags=0x04 lost=0
2026-09-04T18:13:15.813+00:00 seq=20874 state=ACTIVE energy=    3947 frames=  38898432 flags=0x04 lost=0
2026-09-04T18:13:15.814+00:00 seq=20875 state=ACTIVE energy=    3802 frames=  38898688 flags=0x04 lost=0
2026-09-04T18:13:15.814+00:00 seq=20876 state=ACTIVE energy=    1709 frames=  38898944 flags=0x04 lost=0
2026-09-04T18:13:15.814+00:00 seq=20877 state=ACTIVE energy=    2995 frames=  38899200 flags=0x04 lost=0
2026-09-04T18:13:15.814+00:00 seq=20878 state=ACTIVE energy=    4045 frames=  38899456 flags=0x04 lost=0
2026-09-04T18:13:15.814+00:00 seq=20879 state=ACTIVE energy=    2030 frames=  38899712 flags=0x04 lost=0
2026-09-04T18:13:15.814+00:00 seq=20880 state=ACTIVE energy=    1969 frames=  38899968 flags=0x04 lost=0
2026-09-04T18:13:15.814+00:00 seq=20881 state=ACTIVE energy=    1816 frames=  38900224 flags=0x04 lost=0
2026-09-04T18:13:15.815+00:00 seq=20882 state=ACTIVE energy=    1121 frames=  38900480 flags=0x04 lost=0
2026-09-04T18:13:15.815+00:00 seq=20883 state=ACTIVE energy=     832 frames=  38900736 flags=0x04 lost=0
2026-09-04T18:13:15.815+00:00 seq=20884 state=ACTIVE energy=    2364 frames=  38900992 flags=0x04 lost=0
2026-09-04T18:13:15.815+00:00 seq=20885 state=ACTIVE energy=    1331 frames=  38901248 flags=0x04 lost=0
2026-09-04T18:13:15.815+00:00 seq=20886 state=ACTIVE energy=    1961 frames=  38901504 flags=0x04 lost=0
2026-09-04T18:13:15.815+00:00 seq=20887 state=ACTIVE energy=    5065 frames=  38901760 flags=0x04 lost=0
2026-09-04T18:13:15.815+00:00 seq=20888 state=ACTIVE energy=    3605 frames=  38902016 flags=0x04 lost=0
2026-09-04T18:13:15.815+00:00 seq=20889 state=ACTIVE energy=    4148 frames=  38902272 flags=0x04 lost=0
2026-09-04T18:13:15.911+00:00 seq=20890 state=ACTIVE energy=    4072 frames=  38902528 flags=0x04 lost=0
2026-09-04T18:13:15.911+00:00 seq=20891 state=ACTIVE energy=    3869 frames=  38902784 flags=0x04 lost=0
2026-09-04T18:13:15.911+00:00 seq=20892 state=ACTIVE energy=    3806 frames=  38903040 flags=0x04 lost=0
2026-09-04T18:13:15.911+00:00 seq=20893 state=ACTIVE energy=    4945 frames=  38903296 flags=0x04 lost=0
2026-09-04T18:13:15.911+00:00 seq=20894 state=ACTIVE energy=    5057 frames=  38903552 flags=0x04 lost=0
2026-09-04T18:13:15.911+00:00 seq=20895 state=ACTIVE energy=    7646 frames=  38903808 flags=0x04 lost=0
2026-09-04T18:13:15.911+00:00 seq=20896 state=ACTIVE energy=   11882 frames=  38904064 flags=0x04 lost=0
2026-09-04T18:13:15.911+00:00 seq=20897 state=ACTIVE energy=   17222 frames=  38904320 flags=0x04 lost=0
2026-09-04T18:13:15.912+00:00 seq=20898 state=ACTIVE energy=   21330 frames=  38904576 flags=0x04 lost=0
2026-09-04T18:13:15.912+00:00 seq=20899 state=ACTIVE energy=   20836 frames=  38904832 flags=0x04 lost=0
2026-09-04T18:13:15.912+00:00 seq=20900 state=ACTIVE energy=   19123 frames=  38905088 flags=0x04 lost=0
2026-09-04T18:13:15.912+00:00 seq=20901 state=ACTIVE energy=   16298 frames=  38905344 flags=0x04 lost=0
2026-09-04T18:13:15.912+00:00 seq=20902 state=ACTIVE energy=   12164 frames=  38905600 flags=0x04 lost=0
2026-09-04T18:13:15.912+00:00 seq=20903 state=ACTIVE energy=    8952 frames=  38905856 flags=0x04 lost=0
2026-09-04T18:13:15.912+00:00 seq=20904 state=ACTIVE energy=    7349 frames=  38906112 flags=0x04 lost=0
2026-09-04T18:13:15.912+00:00 seq=20905 state=ACTIVE energy=    8096 frames=  38906368 flags=0x04 lost=0
2026-09-04T18:13:16.008+00:00 seq=20906 state=ACTIVE energy=    5991 frames=  38906624 flags=0x04 lost=0
2026-09-04T18:13:16.008+00:00 seq=20907 state=ACTIVE energy=    5061 frames=  38906880 flags=0x04 lost=0
2026-09-04T18:13:16.008+00:00 seq=20908 state=ACTIVE energy=    3972 frames=  38907136 flags=0x04 lost=0
2026-09-04T18:13:16.008+00:00 seq=20909 state=ACTIVE energy=    2539 frames=  38907392 flags=0x04 lost=0
2026-09-04T18:13:16.008+00:00 seq=20910 state=ACTIVE energy=    1999 frames=  38907648 flags=0x04 lost=0
2026-09-04T18:13:16.008+00:00 seq=20911 state=ACTIVE energy=    1489 frames=  38907904 flags=0x04 lost=0
2026-09-04T18:13:16.008+00:00 seq=20912 state=ACTIVE energy=    2748 frames=  38908160 flags=0x04 lost=0
2026-09-04T18:13:16.008+00:00 seq=20913 state=ACTIVE energy=    9031 frames=  38908416 flags=0x04 lost=0
2026-09-04T18:13:16.009+00:00 seq=20914 state=ACTIVE energy=   14468 frames=  38908672 flags=0x04 lost=0
2026-09-04T18:13:16.009+00:00 seq=20915 state=ACTIVE energy=   14488 frames=  38908928 flags=0x04 lost=0
2026-09-04T18:13:16.009+00:00 seq=20916 state=ACTIVE energy=   12123 frames=  38909184 flags=0x04 lost=0
2026-09-04T18:13:16.009+00:00 seq=20917 state=ACTIVE energy=    9006 frames=  38909440 flags=0x04 lost=0
2026-09-04T18:13:16.009+00:00 seq=20918 state=ACTIVE energy=   10066 frames=  38909696 flags=0x04 lost=0
2026-09-04T18:13:16.009+00:00 seq=20919 state=ACTIVE energy=    9404 frames=  38909952 flags=0x04 lost=0
2026-09-04T18:13:16.009+00:00 seq=20920 state=ACTIVE energy=    8021 frames=  38910208 flags=0x04 lost=0
2026-09-04T18:13:16.009+00:00 seq=20921 state=ACTIVE energy=    4737 frames=  38910464 flags=0x04 lost=0
2026-09-04T18:13:16.105+00:00 seq=20922 state=ACTIVE energy=    4941 frames=  38910720 flags=0x04 lost=0
2026-09-04T18:13:16.105+00:00 seq=20923 state=ACTIVE energy=    4676 frames=  38910976 flags=0x04 lost=0
2026-09-04T18:13:16.105+00:00 seq=20924 state=ACTIVE energy=    4242 frames=  38911232 flags=0x04 lost=0
2026-09-04T18:13:16.105+00:00 seq=20925 state=ACTIVE energy=    3521 frames=  38911488 flags=0x04 lost=0
2026-09-04T18:13:16.105+00:00 seq=20926 state=ACTIVE energy=    3491 frames=  38911744 flags=0x04 lost=0
2026-09-04T18:13:16.105+00:00 seq=20927 state=ACTIVE energy=    3458 frames=  38912000 flags=0x04 lost=0
2026-09-04T18:13:16.105+00:00 seq=20928 state=ACTIVE energy=    2984 frames=  38912256 flags=0x04 lost=0
2026-09-04T18:13:16.106+00:00 seq=20929 state=ACTIVE energy=    3932 frames=  38912512 flags=0x04 lost=0
2026-09-04T18:13:16.106+00:00 seq=20930 state=ACTIVE energy=    3422 frames=  38912768 flags=0x04 lost=0
2026-09-04T18:13:16.106+00:00 seq=20931 state=ACTIVE energy=    2704 frames=  38913024 flags=0x04 lost=0
2026-09-04T18:13:16.106+00:00 seq=20932 state=ACTIVE energy=    1158 frames=  38913280 flags=0x04 lost=0
2026-09-04T18:13:16.106+00:00 seq=20933 state=ACTIVE energy=    1209 frames=  38913536 flags=0x04 lost=0
2026-09-04T18:13:16.106+00:00 seq=20934 state=ACTIVE energy=    1111 frames=  38913792 flags=0x04 lost=0
2026-09-04T18:13:16.106+00:00 seq=20935 state=ACTIVE energy=    3621 frames=  38914048 flags=0x04 lost=0
2026-09-04T18:13:16.106+00:00 seq=20936 state=ACTIVE energy=    8384 frames=  38914304 flags=0x04 lost=0
2026-09-04T18:13:16.107+00:00 seq=20937 state=ACTIVE energy=   14590 frames=  38914560 flags=0x04 lost=0
2026-09-04T18:13:16.202+00:00 seq=20938 state=ACTIVE energy=   16236 frames=  38914816 flags=0x04 lost=0
2026-09-04T18:13:16.205+00:00 seq=20939 state=ACTIVE energy=   13629 frames=  38915072 flags=0x04 lost=0
2026-09-04T18:13:16.205+00:00 seq=20940 state=ACTIVE energy=   13902 frames=  38915328 flags=0x04 lost=0
2026-09-04T18:13:16.205+00:00 seq=20941 state=ACTIVE energy=   12463 frames=  38915584 flags=0x04 lost=0
2026-09-04T18:13:16.205+00:00 seq=20942 state=ACTIVE energy=   11856 frames=  38915840 flags=0x04 lost=0
2026-09-04T18:13:16.205+00:00 seq=20943 state=ACTIVE energy=   11641 frames=  38916096 flags=0x04 lost=0
2026-09-04T18:13:16.205+00:00 seq=20944 state=ACTIVE energy=   10790 frames=  38916352 flags=0x04 lost=0
2026-09-04T18:13:16.205+00:00 seq=20945 state=ACTIVE energy=    8338 frames=  38916608 flags=0x04 lost=0
2026-09-04T18:13:16.206+00:00 seq=20946 state=ACTIVE energy=    6371 frames=  38916864 flags=0x04 lost=0
2026-09-04T18:13:16.206+00:00 seq=20947 state=ACTIVE energy=    5622 frames=  38917120 flags=0x04 lost=0
2026-09-04T18:13:16.206+00:00 seq=20948 state=ACTIVE energy=    6170 frames=  38917376 flags=0x04 lost=0
2026-09-04T18:13:16.206+00:00 seq=20949 state=ACTIVE energy=    2729 frames=  38917632 flags=0x04 lost=0
2026-09-04T18:13:16.206+00:00 seq=20950 state=ACTIVE energy=    1785 frames=  38917888 flags=0x04 lost=0
2026-09-04T18:13:16.206+00:00 seq=20951 state=ACTIVE energy=    7112 frames=  38918144 flags=0x04 lost=0
2026-09-04T18:13:16.206+00:00 seq=20952 state=ACTIVE energy=   11042 frames=  38918400 flags=0x04 lost=0
2026-09-04T18:13:16.206+00:00 seq=20953 state=ACTIVE energy=   11974 frames=  38918656 flags=0x04 lost=0
2026-09-04T18:13:16.299+00:00 seq=20954 state=ACTIVE energy=   12452 frames=  38918912 flags=0x04 lost=0
2026-09-04T18:13:16.299+00:00 seq=20955 state=ACTIVE energy=   10952 frames=  38919168 flags=0x04 lost=0
2026-09-04T18:13:16.299+00:00 seq=20956 state=ACTIVE energy=   10030 frames=  38919424 flags=0x04 lost=0
2026-09-04T18:13:16.299+00:00 seq=20957 state=ACTIVE energy=    9415 frames=  38919680 flags=0x04 lost=0
2026-09-04T18:13:16.299+00:00 seq=20958 state=ACTIVE energy=    8300 frames=  38919936 flags=0x04 lost=0
2026-09-04T18:13:16.300+00:00 seq=20959 state=ACTIVE energy=    8663 frames=  38920192 flags=0x04 lost=0
2026-09-04T18:13:16.300+00:00 seq=20960 state=ACTIVE energy=    9092 frames=  38920448 flags=0x04 lost=0
2026-09-04T18:13:16.300+00:00 seq=20961 state=ACTIVE energy=    5960 frames=  38920704 flags=0x04 lost=0
2026-09-04T18:13:16.300+00:00 seq=20962 state=ACTIVE energy=    6696 frames=  38920960 flags=0x04 lost=0
2026-09-04T18:13:16.300+00:00 seq=20963 state=ACTIVE energy=    4902 frames=  38921216 flags=0x04 lost=0
2026-09-04T18:13:16.300+00:00 seq=20964 state=ACTIVE energy=    4126 frames=  38921472 flags=0x04 lost=0
2026-09-04T18:13:16.300+00:00 seq=20965 state=ACTIVE energy=    2739 frames=  38921728 flags=0x04 lost=0
2026-09-04T18:13:16.300+00:00 seq=20966 state=ACTIVE energy=    1083 frames=  38921984 flags=0x04 lost=0
2026-09-04T18:13:16.301+00:00 seq=20967 state=ACTIVE energy=    1183 frames=  38922240 flags=0x04 lost=0
2026-09-04T18:13:16.301+00:00 seq=20968 state=ACTIVE energy=    1030 frames=  38922496 flags=0x04 lost=0
2026-09-04T18:13:16.301+00:00 seq=20969 state=ACTIVE energy=     807 frames=  38922752 flags=0x04 lost=0
2026-09-04T18:13:16.396+00:00 seq=20970 state=ACTIVE energy=    1577 frames=  38923008 flags=0x04 lost=0
2026-09-04T18:13:16.396+00:00 seq=20971 state=ACTIVE energy=    1352 frames=  38923264 flags=0x04 lost=0
2026-09-04T18:13:16.396+00:00 seq=20972 state=ACTIVE energy=    4447 frames=  38923520 flags=0x04 lost=0
2026-09-04T18:13:16.396+00:00 seq=20973 state=ACTIVE energy=   13691 frames=  38923776 flags=0x04 lost=0
2026-09-04T18:13:16.397+00:00 seq=20974 state=ACTIVE energy=   21379 frames=  38924032 flags=0x04 lost=0
2026-09-04T18:13:16.397+00:00 seq=20975 state=ACTIVE energy=   23061 frames=  38924288 flags=0x04 lost=0
2026-09-04T18:13:16.397+00:00 seq=20976 state=ACTIVE energy=   23292 frames=  38924544 flags=0x04 lost=0
2026-09-04T18:13:16.397+00:00 seq=20977 state=ACTIVE energy=   21808 frames=  38924800 flags=0x04 lost=0
2026-09-04T18:13:16.397+00:00 seq=20978 state=ACTIVE energy=   19585 frames=  38925056 flags=0x04 lost=0
2026-09-04T18:13:16.397+00:00 seq=20979 state=ACTIVE energy=   16411 frames=  38925312 flags=0x04 lost=0
2026-09-04T18:13:16.397+00:00 seq=20980 state=ACTIVE energy=   12747 frames=  38925568 flags=0x04 lost=0
2026-09-04T18:13:16.397+00:00 seq=20981 state=ACTIVE energy=    8583 frames=  38925824 flags=0x04 lost=0
2026-09-04T18:13:16.398+00:00 seq=20982 state=ACTIVE energy=    5362 frames=  38926080 flags=0x04 lost=0
2026-09-04T18:13:16.398+00:00 seq=20983 state=ACTIVE energy=    5103 frames=  38926336 flags=0x04 lost=0
2026-09-04T18:13:16.398+00:00 seq=20984 state=ACTIVE energy=    3839 frames=  38926592 flags=0x04 lost=0
2026-09-04T18:13:16.398+00:00 seq=20985 state=ACTIVE energy=    3732 frames=  38926848 flags=0x04 lost=0
2026-09-04T18:13:16.493+00:00 seq=20986 state=ACTIVE energy=    4191 frames=  38927104 flags=0x04 lost=0
2026-09-04T18:13:16.493+00:00 seq=20987 state=ACTIVE energy=    2292 frames=  38927360 flags=0x04 lost=0
2026-09-04T18:13:16.493+00:00 seq=20988 state=ACTIVE energy=    1232 frames=  38927616 flags=0x04 lost=0
2026-09-04T18:13:16.493+00:00 seq=20989 state=ACTIVE energy=    3134 frames=  38927872 flags=0x04 lost=0
2026-09-04T18:13:16.494+00:00 seq=20990 state=ACTIVE energy=    4439 frames=  38928128 flags=0x04 lost=0
2026-09-04T18:13:16.494+00:00 seq=20991 state=ACTIVE energy=    3929 frames=  38928384 flags=0x04 lost=0
2026-09-04T18:13:16.494+00:00 seq=20992 state=ACTIVE energy=    3432 frames=  38928640 flags=0x04 lost=0
2026-09-04T18:13:16.494+00:00 seq=20993 state=ACTIVE energy=    5196 frames=  38928896 flags=0x04 lost=0
2026-09-04T18:13:16.494+00:00 seq=20994 state=ACTIVE energy=   11325 frames=  38929152 flags=0x04 lost=0
2026-09-04T18:13:16.494+00:00 seq=20995 state=ACTIVE energy=   13932 frames=  38929408 flags=0x04 lost=0
2026-09-04T18:13:16.494+00:00 seq=20996 state=ACTIVE energy=   15165 frames=  38929664 flags=0x04 lost=0
2026-09-04T18:13:16.494+00:00 seq=20997 state=ACTIVE energy=   12056 frames=  38929920 flags=0x04 lost=0
2026-09-04T18:13:16.495+00:00 seq=20998 state=ACTIVE energy=   11629 frames=  38930176 flags=0x04 lost=0
2026-09-04T18:13:16.495+00:00 seq=20999 state=ACTIVE energy=   11105 frames=  38930432 flags=0x04 lost=0
2026-09-04T18:13:16.495+00:00 seq=21000 state=ACTIVE energy=    8552 frames=  38930688 flags=0x04 lost=0
2026-09-04T18:13:16.495+00:00 seq=21001 state=ACTIVE energy=    8195 frames=  38930944 flags=0x04 lost=0
2026-09-04T18:13:16.590+00:00 seq=21002 state=ACTIVE energy=    7963 frames=  38931200 flags=0x04 lost=0
2026-09-04T18:13:16.590+00:00 seq=21003 state=ACTIVE energy=    8300 frames=  38931456 flags=0x04 lost=0
2026-09-04T18:13:16.590+00:00 seq=21004 state=ACTIVE energy=    8544 frames=  38931712 flags=0x04 lost=0
2026-09-04T18:13:16.591+00:00 seq=21005 state=ACTIVE energy=    6162 frames=  38931968 flags=0x04 lost=0
2026-09-04T18:13:16.591+00:00 seq=21006 state=ACTIVE energy=    6148 frames=  38932224 flags=0x04 lost=0
2026-09-04T18:13:16.591+00:00 seq=21007 state=ACTIVE energy=    4119 frames=  38932480 flags=0x04 lost=0
2026-09-04T18:13:16.591+00:00 seq=21008 state=ACTIVE energy=    4655 frames=  38932736 flags=0x04 lost=0
2026-09-04T18:13:16.591+00:00 seq=21009 state=ACTIVE energy=    4704 frames=  38932992 flags=0x04 lost=0
2026-09-04T18:13:16.591+00:00 seq=21010 state=ACTIVE energy=    3243 frames=  38933248 flags=0x04 lost=0
2026-09-04T18:13:16.591+00:00 seq=21011 state=ACTIVE energy=    3724 frames=  38933504 flags=0x04 lost=0
2026-09-04T18:13:16.591+00:00 seq=21012 state=ACTIVE energy=    3734 frames=  38933760 flags=0x04 lost=0
2026-09-04T18:13:16.592+00:00 seq=21013 state=ACTIVE energy=    3954 frames=  38934016 flags=0x04 lost=0
2026-09-04T18:13:16.592+00:00 seq=21014 state=ACTIVE energy=    2668 frames=  38934272 flags=0x04 lost=0
2026-09-04T18:13:16.592+00:00 seq=21015 state=ACTIVE energy=    3018 frames=  38934528 flags=0x04 lost=0
2026-09-04T18:13:16.592+00:00 seq=21016 state=ACTIVE energy=    3825 frames=  38934784 flags=0x04 lost=0
2026-09-04T18:13:16.592+00:00 seq=21017 state=ACTIVE energy=    3038 frames=  38935040 flags=0x04 lost=0
2026-09-04T18:13:16.687+00:00 seq=21018 state=ACTIVE energy=    3112 frames=  38935296 flags=0x04 lost=0
2026-09-04T18:13:16.687+00:00 seq=21019 state=ACTIVE energy=    2408 frames=  38935552 flags=0x04 lost=0
2026-09-04T18:13:16.688+00:00 seq=21020 state=ACTIVE energy=    2233 frames=  38935808 flags=0x04 lost=0
2026-09-04T18:13:16.688+00:00 seq=21021 state=ACTIVE energy=    1208 frames=  38936064 flags=0x04 lost=0
2026-09-04T18:13:16.688+00:00 seq=21022 state=ACTIVE energy=    1033 frames=  38936320 flags=0x04 lost=0
2026-09-04T18:13:16.688+00:00 seq=21023 state=ACTIVE energy=     890 frames=  38936576 flags=0x04 lost=0
2026-09-04T18:13:16.688+00:00 seq=21024 state=ACTIVE energy=     885 frames=  38936832 flags=0x04 lost=0
2026-09-04T18:13:16.688+00:00 seq=21025 state=ACTIVE energy=     904 frames=  38937088 flags=0x04 lost=0
2026-09-04T18:13:16.688+00:00 seq=21026 state=ACTIVE energy=    1467 frames=  38937344 flags=0x04 lost=0
2026-09-04T18:13:16.688+00:00 seq=21027 state=ACTIVE energy=    2698 frames=  38937600 flags=0x04 lost=0
2026-09-04T18:13:16.689+00:00 seq=21028 state=ACTIVE energy=    5680 frames=  38937856 flags=0x04 lost=0
2026-09-04T18:13:16.689+00:00 seq=21029 state=ACTIVE energy=   11732 frames=  38938112 flags=0x04 lost=0
2026-09-04T18:13:16.689+00:00 seq=21030 state=ACTIVE energy=   15276 frames=  38938368 flags=0x04 lost=0
2026-09-04T18:13:16.689+00:00 seq=21031 state=ACTIVE energy=   12872 frames=  38938624 flags=0x04 lost=0
2026-09-04T18:13:16.689+00:00 seq=21032 state=ACTIVE energy=   13971 frames=  38938880 flags=0x04 lost=0
2026-09-04T18:13:16.689+00:00 seq=21033 state=ACTIVE energy=   11347 frames=  38939136 flags=0x04 lost=0
2026-09-04T18:13:16.784+00:00 seq=21034 state=ACTIVE energy=    9629 frames=  38939392 flags=0x04 lost=0
2026-09-04T18:13:16.784+00:00 seq=21035 state=ACTIVE energy=    7241 frames=  38939648 flags=0x04 lost=0
2026-09-04T18:13:16.785+00:00 seq=21036 state=ACTIVE energy=    5899 frames=  38939904 flags=0x04 lost=0
2026-09-04T18:13:16.785+00:00 seq=21037 state=ACTIVE energy=    1672 frames=  38940160 flags=0x04 lost=0
2026-09-04T18:13:16.785+00:00 seq=21038 state=ACTIVE energy=    6520 frames=  38940416 flags=0x04 lost=0
2026-09-04T18:13:16.785+00:00 seq=21039 state=ACTIVE energy=   12373 frames=  38940672 flags=0x04 lost=0
2026-09-04T18:13:16.785+00:00 seq=21040 state=ACTIVE energy=   17603 frames=  38940928 flags=0x04 lost=0
2026-09-04T18:13:16.785+00:00 seq=21041 state=ACTIVE energy=   18276 frames=  38941184 flags=0x04 lost=0
2026-09-04T18:13:16.785+00:00 seq=21042 state=ACTIVE energy=   15928 frames=  38941440 flags=0x04 lost=0
2026-09-04T18:13:16.785+00:00 seq=21043 state=ACTIVE energy=   14194 frames=  38941696 flags=0x04 lost=0
2026-09-04T18:13:16.786+00:00 seq=21044 state=ACTIVE energy=   14820 frames=  38941952 flags=0x04 lost=0
2026-09-04T18:13:16.786+00:00 seq=21045 state=ACTIVE energy=   12077 frames=  38942208 flags=0x04 lost=0
2026-09-04T18:13:16.786+00:00 seq=21046 state=ACTIVE energy=   11997 frames=  38942464 flags=0x04 lost=0
2026-09-04T18:13:16.786+00:00 seq=21047 state=ACTIVE energy=   12763 frames=  38942720 flags=0x04 lost=0
2026-09-04T18:13:16.786+00:00 seq=21048 state=ACTIVE energy=   12028 frames=  38942976 flags=0x04 lost=0
2026-09-04T18:13:16.786+00:00 seq=21049 state=ACTIVE energy=    9573 frames=  38943232 flags=0x04 lost=0
2026-09-04T18:13:16.881+00:00 seq=21050 state=ACTIVE energy=    7561 frames=  38943488 flags=0x04 lost=0
2026-09-04T18:13:16.882+00:00 seq=21051 state=ACTIVE energy=    8536 frames=  38943744 flags=0x04 lost=0
2026-09-04T18:13:16.882+00:00 seq=21052 state=ACTIVE energy=    7103 frames=  38944000 flags=0x04 lost=0
2026-09-04T18:13:16.882+00:00 seq=21053 state=ACTIVE energy=    5911 frames=  38944256 flags=0x04 lost=0
2026-09-04T18:13:16.882+00:00 seq=21054 state=ACTIVE energy=    3763 frames=  38944512 flags=0x04 lost=0
2026-09-04T18:13:16.882+00:00 seq=21055 state=ACTIVE energy=    1804 frames=  38944768 flags=0x04 lost=0
2026-09-04T18:13:16.882+00:00 seq=21056 state=ACTIVE energy=    1062 frames=  38945024 flags=0x04 lost=0
2026-09-04T18:13:16.882+00:00 seq=21057 state=ACTIVE energy=     949 frames=  38945280 flags=0x04 lost=0
2026-09-04T18:13:16.882+00:00 seq=21058 state=ACTIVE energy=    1072 frames=  38945536 flags=0x04 lost=0
2026-09-04T18:13:16.883+00:00 seq=21059 state=ACTIVE energy=    1374 frames=  38945792 flags=0x04 lost=0
2026-09-04T18:13:16.883+00:00 seq=21060 state=ACTIVE energy=    2126 frames=  38946048 flags=0x04 lost=0
2026-09-04T18:13:16.883+00:00 seq=21061 state=ACTIVE energy=    2746 frames=  38946304 flags=0x04 lost=0
2026-09-04T18:13:16.883+00:00 seq=21062 state=ACTIVE energy=    3016 frames=  38946560 flags=0x04 lost=0
2026-09-04T18:13:16.883+00:00 seq=21063 state=ACTIVE energy=    2290 frames=  38946816 flags=0x04 lost=0
2026-09-04T18:13:16.883+00:00 seq=21064 state=ACTIVE energy=    2422 frames=  38947072 flags=0x04 lost=0
2026-09-04T18:13:16.883+00:00 seq=21065 state=ACTIVE energy=    2588 frames=  38947328 flags=0x04 lost=0
2026-09-04T18:13:16.978+00:00 seq=21066 state=ACTIVE energy=     901 frames=  38947584 flags=0x04 lost=0
2026-09-04T18:13:16.979+00:00 seq=21067 state=ACTIVE energy=     942 frames=  38947840 flags=0x04 lost=0
2026-09-04T18:13:16.979+00:00 seq=21068 state=ACTIVE energy=     844 frames=  38948096 flags=0x04 lost=0
2026-09-04T18:13:16.979+00:00 seq=21069 state=ACTIVE energy=    3666 frames=  38948352 flags=0x04 lost=0
2026-09-04T18:13:16.979+00:00 seq=21070 state=ACTIVE energy=    3189 frames=  38948608 flags=0x04 lost=0
2026-09-04T18:13:16.979+00:00 seq=21071 state=ACTIVE energy=    3589 frames=  38948864 flags=0x04 lost=0
2026-09-04T18:13:16.979+00:00 seq=21072 state=ACTIVE energy=    1631 frames=  38949120 flags=0x04 lost=0
2026-09-04T18:13:16.979+00:00 seq=21073 state=ACTIVE energy=    2249 frames=  38949376 flags=0x04 lost=0
2026-09-04T18:13:16.980+00:00 seq=21074 state=ACTIVE energy=    2300 frames=  38949632 flags=0x04 lost=0
2026-09-04T18:13:16.980+00:00 seq=21075 state=ACTIVE energy=    1850 frames=  38949888 flags=0x04 lost=0
2026-09-04T18:13:16.980+00:00 seq=21076 state=ACTIVE energy=    1670 frames=  38950144 flags=0x04 lost=0
2026-09-04T18:13:16.980+00:00 seq=21077 state=ACTIVE energy=    3653 frames=  38950400 flags=0x04 lost=0
2026-09-04T18:13:16.980+00:00 seq=21078 state=ACTIVE energy=    4737 frames=  38950656 flags=0x04 lost=0
2026-09-04T18:13:16.980+00:00 seq=21079 state=ACTIVE energy=    4622 frames=  38950912 flags=0x04 lost=0
2026-09-04T18:13:16.980+00:00 seq=21080 state=ACTIVE energy=    3487 frames=  38951168 flags=0x04 lost=0
2026-09-04T18:13:16.980+00:00 seq=21081 state=ACTIVE energy=    1517 frames=  38951424 flags=0x04 lost=0
2026-09-04T18:13:17.076+00:00 seq=21082 state=ACTIVE energy=     765 frames=  38951680 flags=0x04 lost=0
2026-09-04T18:13:17.076+00:00 seq=21083 state=ACTIVE energy=    1638 frames=  38951936 flags=0x04 lost=0
2026-09-04T18:13:17.076+00:00 seq=21084 state=ACTIVE energy=    4282 frames=  38952192 flags=0x04 lost=0
2026-09-04T18:13:17.076+00:00 seq=21085 state=ACTIVE energy=    5800 frames=  38952448 flags=0x04 lost=0
2026-09-04T18:13:17.076+00:00 seq=21086 state=ACTIVE energy=    3869 frames=  38952704 flags=0x04 lost=0
2026-09-04T18:13:17.076+00:00 seq=21087 state=ACTIVE energy=    3395 frames=  38952960 flags=0x04 lost=0
2026-09-04T18:13:17.076+00:00 seq=21088 state=ACTIVE energy=    4385 frames=  38953216 flags=0x04 lost=0
2026-09-04T18:13:17.077+00:00 seq=21089 state=ACTIVE energy=    1242 frames=  38953472 flags=0x04 lost=0
2026-09-04T18:13:17.077+00:00 seq=21090 state=ACTIVE energy=    2101 frames=  38953728 flags=0x04 lost=0
2026-09-04T18:13:17.077+00:00 seq=21091 state=ACTIVE energy=    1377 frames=  38953984 flags=0x04 lost=0
2026-09-04T18:13:17.077+00:00 seq=21092 state=ACTIVE energy=    1561 frames=  38954240 flags=0x04 lost=0
2026-09-04T18:13:17.077+00:00 seq=21093 state=ACTIVE energy=    1383 frames=  38954496 flags=0x04 lost=0
2026-09-04T18:13:17.077+00:00 seq=21094 state=ACTIVE energy=    1199 frames=  38954752 flags=0x04 lost=0
2026-09-04T18:13:17.077+00:00 seq=21095 state=ACTIVE energy=    3806 frames=  38955008 flags=0x04 lost=0
2026-09-04T18:13:17.077+00:00 seq=21096 state=ACTIVE energy=    4788 frames=  38955264 flags=0x04 lost=0
2026-09-04T18:13:17.078+00:00 seq=21097 state=ACTIVE energy=    1907 frames=  38955520 flags=0x04 lost=0
2026-09-04T18:13:17.173+00:00 seq=21098 state=ACTIVE energy=     981 frames=  38955776 flags=0x04 lost=0
2026-09-04T18:13:17.173+00:00 seq=21099 state=ACTIVE energy=     973 frames=  38956032 flags=0x04 lost=0
2026-09-04T18:13:17.173+00:00 seq=21100 state=ACTIVE energy=    1307 frames=  38956288 flags=0x04 lost=0
2026-09-04T18:13:17.173+00:00 seq=21101 state=ACTIVE energy=    2036 frames=  38956544 flags=0x04 lost=0
2026-09-04T18:13:17.173+00:00 seq=21102 state=ACTIVE energy=    1954 frames=  38956800 flags=0x04 lost=0
2026-09-04T18:13:17.173+00:00 seq=21103 state=ACTIVE energy=    2982 frames=  38957056 flags=0x04 lost=0
2026-09-04T18:13:17.173+00:00 seq=21104 state=ACTIVE energy=    1634 frames=  38957312 flags=0x04 lost=0
2026-09-04T18:13:17.174+00:00 seq=21105 state=ACTIVE energy=     984 frames=  38957568 flags=0x04 lost=0
2026-09-04T18:13:17.174+00:00 seq=21106 state=ACTIVE energy=    1305 frames=  38957824 flags=0x04 lost=0
2026-09-04T18:13:17.174+00:00 seq=21107 state=ACTIVE energy=    1332 frames=  38958080 flags=0x04 lost=0
2026-09-04T18:13:17.174+00:00 seq=21108 state=ACTIVE energy=    1952 frames=  38958336 flags=0x04 lost=0
2026-09-04T18:13:17.174+00:00 seq=21109 state=ACTIVE energy=    1206 frames=  38958592 flags=0x04 lost=0
2026-09-04T18:13:17.174+00:00 seq=21110 state=ACTIVE energy=    1282 frames=  38958848 flags=0x04 lost=0
2026-09-04T18:13:17.174+00:00 seq=21111 state=ACTIVE energy=    5135 frames=  38959104 flags=0x04 lost=0
2026-09-04T18:13:17.174+00:00 seq=21112 state=ACTIVE energy=    5383 frames=  38959360 flags=0x04 lost=0
2026-09-04T18:13:17.175+00:00 seq=21113 state=ACTIVE energy=    6290 frames=  38959616 flags=0x04 lost=0
2026-09-04T18:13:17.270+00:00 seq=21114 state=ACTIVE energy=    6469 frames=  38959872 flags=0x04 lost=0
2026-09-04T18:13:17.270+00:00 seq=21115 state=ACTIVE energy=    6624 frames=  38960128 flags=0x04 lost=0
2026-09-04T18:13:17.270+00:00 seq=21116 state=ACTIVE energy=    6957 frames=  38960384 flags=0x04 lost=0
2026-09-04T18:13:17.270+00:00 seq=21117 state=ACTIVE energy=    9045 frames=  38960640 flags=0x04 lost=0
2026-09-04T18:13:17.270+00:00 seq=21118 state=ACTIVE energy=    6722 frames=  38960896 flags=0x04 lost=0
2026-09-04T18:13:17.271+00:00 seq=21119 state=ACTIVE energy=    5928 frames=  38961152 flags=0x04 lost=0
2026-09-04T18:13:17.271+00:00 seq=21120 state=ACTIVE energy=    3514 frames=  38961408 flags=0x04 lost=0
2026-09-04T18:13:17.271+00:00 seq=21121 state=ACTIVE energy=    3555 frames=  38961664 flags=0x04 lost=0
2026-09-04T18:13:17.271+00:00 seq=21122 state=ACTIVE energy=    3960 frames=  38961920 flags=0x04 lost=0
2026-09-04T18:13:17.271+00:00 seq=21123 state=ACTIVE energy=    2494 frames=  38962176 flags=0x04 lost=0
2026-09-04T18:13:17.271+00:00 seq=21124 state=ACTIVE energy=    2954 frames=  38962432 flags=0x04 lost=0
2026-09-04T18:13:17.271+00:00 seq=21125 state=ACTIVE energy=    1707 frames=  38962688 flags=0x04 lost=0
2026-09-04T18:13:17.271+00:00 seq=21126 state=ACTIVE energy=    1184 frames=  38962944 flags=0x04 lost=0
2026-09-04T18:13:17.271+00:00 seq=21127 state=ACTIVE energy=    2288 frames=  38963200 flags=0x04 lost=0
2026-09-04T18:13:17.272+00:00 seq=21128 state=ACTIVE energy=    2716 frames=  38963456 flags=0x04 lost=0
2026-09-04T18:13:17.272+00:00 seq=21129 state=ACTIVE energy=    2017 frames=  38963712 flags=0x04 lost=0
2026-09-04T18:13:17.367+00:00 seq=21130 state=ACTIVE energy=    1056 frames=  38963968 flags=0x04 lost=0
2026-09-04T18:13:17.367+00:00 seq=21131 state=ACTIVE energy=    1332 frames=  38964224 flags=0x04 lost=0
2026-09-04T18:13:17.367+00:00 seq=21132 state=ACTIVE energy=    1277 frames=  38964480 flags=0x04 lost=0
2026-09-04T18:13:17.367+00:00 seq=21133 state=ACTIVE energy=    1611 frames=  38964736 flags=0x04 lost=0
2026-09-04T18:13:17.367+00:00 seq=21134 state=ACTIVE energy=    1227 frames=  38964992 flags=0x04 lost=0
2026-09-04T18:13:17.368+00:00 seq=21135 state=ACTIVE energy=     998 frames=  38965248 flags=0x04 lost=0
2026-09-04T18:13:17.368+00:00 seq=21136 state=ACTIVE energy=    1026 frames=  38965504 flags=0x04 lost=0
2026-09-04T18:13:17.368+00:00 seq=21137 state=ACTIVE energy=    1852 frames=  38965760 flags=0x04 lost=0
2026-09-04T18:13:17.368+00:00 seq=21138 state=ACTIVE energy=    2600 frames=  38966016 flags=0x04 lost=0
2026-09-04T18:13:17.368+00:00 seq=21139 state=ACTIVE energy=    3051 frames=  38966272 flags=0x04 lost=0
2026-09-04T18:13:17.368+00:00 seq=21140 state=ACTIVE energy=    4316 frames=  38966528 flags=0x04 lost=0
2026-09-04T18:13:17.368+00:00 seq=21141 state=ACTIVE energy=    4060 frames=  38966784 flags=0x04 lost=0
2026-09-04T18:13:17.368+00:00 seq=21142 state=ACTIVE energy=    5048 frames=  38967040 flags=0x04 lost=0
2026-09-04T18:13:17.368+00:00 seq=21143 state=ACTIVE energy=    5635 frames=  38967296 flags=0x04 lost=0
2026-09-04T18:13:17.369+00:00 seq=21144 state=ACTIVE energy=    5228 frames=  38967552 flags=0x04 lost=0
2026-09-04T18:13:17.369+00:00 seq=21145 state=ACTIVE energy=    3418 frames=  38967808 flags=0x04 lost=0
2026-09-04T18:13:17.464+00:00 seq=21146 state=ACTIVE energy=    2232 frames=  38968064 flags=0x04 lost=0
2026-09-04T18:13:17.464+00:00 seq=21147 state=ACTIVE energy=    1391 frames=  38968320 flags=0x04 lost=0
2026-09-04T18:13:17.464+00:00 seq=21148 state=ACTIVE energy=    3048 frames=  38968576 flags=0x04 lost=0
2026-09-04T18:13:17.465+00:00 seq=21149 state=ACTIVE energy=    3323 frames=  38968832 flags=0x04 lost=0
2026-09-04T18:13:17.465+00:00 seq=21150 state=ACTIVE energy=    2079 frames=  38969088 flags=0x04 lost=0
2026-09-04T18:13:17.465+00:00 seq=21151 state=ACTIVE energy=    1154 frames=  38969344 flags=0x04 lost=0
2026-09-04T18:13:17.465+00:00 seq=21152 state=ACTIVE energy=     904 frames=  38969600 flags=0x04 lost=0
2026-09-04T18:13:17.465+00:00 seq=21153 state=ACTIVE energy=    2327 frames=  38969856 flags=0x04 lost=0
2026-09-04T18:13:17.465+00:00 seq=21154 state=ACTIVE energy=    1498 frames=  38970112 flags=0x04 lost=0
2026-09-04T18:13:17.465+00:00 seq=21155 state=ACTIVE energy=    2501 frames=  38970368 flags=0x04 lost=0
2026-09-04T18:13:17.465+00:00 seq=21156 state=ACTIVE energy=    3156 frames=  38970624 flags=0x04 lost=0
2026-09-04T18:13:17.466+00:00 seq=21157 state=ACTIVE energy=    3062 frames=  38970880 flags=0x04 lost=0
2026-09-04T18:13:17.466+00:00 seq=21158 state=ACTIVE energy=    3059 frames=  38971136 flags=0x04 lost=0
2026-09-04T18:13:17.466+00:00 seq=21159 state=ACTIVE energy=    1899 frames=  38971392 flags=0x04 lost=0
2026-09-04T18:13:17.466+00:00 seq=21160 state=ACTIVE energy=    1532 frames=  38971648 flags=0x04 lost=0
2026-09-04T18:13:17.466+00:00 seq=21161 state=ACTIVE energy=    1877 frames=  38971904 flags=0x04 lost=0
2026-09-04T18:13:17.561+00:00 seq=21162 state=ACTIVE energy=    3129 frames=  38972160 flags=0x04 lost=0
2026-09-04T18:13:17.561+00:00 seq=21163 state=ACTIVE energy=    3058 frames=  38972416 flags=0x04 lost=0
2026-09-04T18:13:17.561+00:00 seq=21164 state=ACTIVE energy=    3228 frames=  38972672 flags=0x04 lost=0
2026-09-04T18:13:17.562+00:00 seq=21165 state=ACTIVE energy=    1539 frames=  38972928 flags=0x04 lost=0
2026-09-04T18:13:17.562+00:00 seq=21166 state=ACTIVE energy=    1079 frames=  38973184 flags=0x04 lost=0
2026-09-04T18:13:17.562+00:00 seq=21167 state=ACTIVE energy=    1899 frames=  38973440 flags=0x04 lost=0
2026-09-04T18:13:17.562+00:00 seq=21168 state=ACTIVE energy=    2538 frames=  38973696 flags=0x04 lost=0
2026-09-04T18:13:17.562+00:00 seq=21169 state=ACTIVE energy=    3023 frames=  38973952 flags=0x04 lost=0
2026-09-04T18:13:17.562+00:00 seq=21170 state=ACTIVE energy=    2651 frames=  38974208 flags=0x04 lost=0
2026-09-04T18:13:17.562+00:00 seq=21171 state=ACTIVE energy=    1411 frames=  38974464 flags=0x04 lost=0
2026-09-04T18:13:17.562+00:00 seq=21172 state=ACTIVE energy=    1484 frames=  38974720 flags=0x04 lost=0
2026-09-04T18:13:17.563+00:00 seq=21173 state=ACTIVE energy=    1515 frames=  38974976 flags=0x04 lost=0
2026-09-04T18:13:17.563+00:00 seq=21174 state=ACTIVE energy=    1145 frames=  38975232 flags=0x04 lost=0
2026-09-04T18:13:17.563+00:00 seq=21175 state=ACTIVE energy=    3563 frames=  38975488 flags=0x04 lost=0
2026-09-04T18:13:17.563+00:00 seq=21176 state=ACTIVE energy=    2892 frames=  38975744 flags=0x04 lost=0
2026-09-04T18:13:17.563+00:00 seq=21177 state=ACTIVE energy=    2074 frames=  38976000 flags=0x04 lost=0
2026-09-04T18:13:17.658+00:00 seq=21178 state=ACTIVE energy=    1160 frames=  38976256 flags=0x04 lost=0
2026-09-04T18:13:17.658+00:00 seq=21179 state=ACTIVE energy=    2659 frames=  38976512 flags=0x04 lost=0
2026-09-04T18:13:17.658+00:00 seq=21180 state=ACTIVE energy=    1727 frames=  38976768 flags=0x04 lost=0
2026-09-04T18:13:17.659+00:00 seq=21181 state=ACTIVE energy=    1153 frames=  38977024 flags=0x04 lost=0
2026-09-04T18:13:17.659+00:00 seq=21182 state=ACTIVE energy=    1236 frames=  38977280 flags=0x04 lost=0
2026-09-04T18:13:17.659+00:00 seq=21183 state=ACTIVE energy=    3253 frames=  38977536 flags=0x04 lost=0
2026-09-04T18:13:17.659+00:00 seq=21184 state=ACTIVE energy=    2101 frames=  38977792 flags=0x04 lost=0
2026-09-04T18:13:17.659+00:00 seq=21185 state=ACTIVE energy=    1672 frames=  38978048 flags=0x04 lost=0
2026-09-04T18:13:17.659+00:00 seq=21186 state=ACTIVE energy=    4548 frames=  38978304 flags=0x04 lost=0
2026-09-04T18:13:17.659+00:00 seq=21187 state=ACTIVE energy=    5202 frames=  38978560 flags=0x04 lost=0
2026-09-04T18:13:17.659+00:00 seq=21188 state=ACTIVE energy=    5235 frames=  38978816 flags=0x04 lost=0
2026-09-04T18:13:17.660+00:00 seq=21189 state=ACTIVE energy=    7914 frames=  38979072 flags=0x04 lost=0
2026-09-04T18:13:17.660+00:00 seq=21190 state=ACTIVE energy=   12654 frames=  38979328 flags=0x04 lost=0
2026-09-04T18:13:17.660+00:00 seq=21191 state=ACTIVE energy=   15421 frames=  38979584 flags=0x04 lost=0
2026-09-04T18:13:17.660+00:00 seq=21192 state=ACTIVE energy=   15491 frames=  38979840 flags=0x04 lost=0
2026-09-04T18:13:17.660+00:00 seq=21193 state=ACTIVE energy=   15093 frames=  38980096 flags=0x04 lost=0
2026-09-04T18:13:17.755+00:00 seq=21194 state=ACTIVE energy=   13303 frames=  38980352 flags=0x04 lost=0
2026-09-04T18:13:17.755+00:00 seq=21195 state=ACTIVE energy=   10746 frames=  38980608 flags=0x04 lost=0
2026-09-04T18:13:17.756+00:00 seq=21196 state=ACTIVE energy=    7797 frames=  38980864 flags=0x04 lost=0
2026-09-04T18:13:17.756+00:00 seq=21197 state=ACTIVE energy=    6821 frames=  38981120 flags=0x04 lost=0
2026-09-04T18:13:17.756+00:00 seq=21198 state=ACTIVE energy=    6591 frames=  38981376 flags=0x04 lost=0
2026-09-04T18:13:17.756+00:00 seq=21199 state=ACTIVE energy=    5292 frames=  38981632 flags=0x04 lost=0
2026-09-04T18:13:17.756+00:00 seq=21200 state=ACTIVE energy=    3575 frames=  38981888 flags=0x04 lost=0
2026-09-04T18:13:17.756+00:00 seq=21201 state=ACTIVE energy=    1084 frames=  38982144 flags=0x04 lost=0
2026-09-04T18:13:17.756+00:00 seq=21202 state=ACTIVE energy=    4962 frames=  38982400 flags=0x04 lost=0
2026-09-04T18:13:17.756+00:00 seq=21203 state=ACTIVE energy=   11164 frames=  38982656 flags=0x04 lost=0
2026-09-04T18:13:17.756+00:00 seq=21204 state=ACTIVE energy=   13325 frames=  38982912 flags=0x04 lost=0
2026-09-04T18:13:17.757+00:00 seq=21205 state=ACTIVE energy=   16177 frames=  38983168 flags=0x04 lost=0
2026-09-04T18:13:17.757+00:00 seq=21206 state=ACTIVE energy=   16249 frames=  38983424 flags=0x04 lost=0
2026-09-04T18:13:17.757+00:00 seq=21207 state=ACTIVE energy=   16126 frames=  38983680 flags=0x04 lost=0
2026-09-04T18:13:17.757+00:00 seq=21208 state=ACTIVE energy=   13018 frames=  38983936 flags=0x04 lost=0
2026-09-04T18:13:17.757+00:00 seq=21209 state=ACTIVE energy=   12102 frames=  38984192 flags=0x04 lost=0
2026-09-04T18:13:17.852+00:00 seq=21210 state=ACTIVE energy=   10794 frames=  38984448 flags=0x04 lost=0
2026-09-04T18:13:17.853+00:00 seq=21211 state=ACTIVE energy=   11227 frames=  38984704 flags=0x04 lost=0
2026-09-04T18:13:17.853+00:00 seq=21212 state=ACTIVE energy=   11267 frames=  38984960 flags=0x04 lost=0
2026-09-04T18:13:17.853+00:00 seq=21213 state=ACTIVE energy=    9563 frames=  38985216 flags=0x04 lost=0
2026-09-04T18:13:17.853+00:00 seq=21214 state=ACTIVE energy=   10038 frames=  38985472 flags=0x04 lost=0
2026-09-04T18:13:17.853+00:00 seq=21215 state=ACTIVE energy=    9452 frames=  38985728 flags=0x04 lost=0
2026-09-04T18:13:17.853+00:00 seq=21216 state=ACTIVE energy=    8753 frames=  38985984 flags=0x04 lost=0
2026-09-04T18:13:17.853+00:00 seq=21217 state=ACTIVE energy=    8544 frames=  38986240 flags=0x04 lost=0
2026-09-04T18:13:17.853+00:00 seq=21218 state=ACTIVE energy=    8028 frames=  38986496 flags=0x04 lost=0
2026-09-04T18:13:17.854+00:00 seq=21219 state=ACTIVE energy=    7130 frames=  38986752 flags=0x04 lost=0
2026-09-04T18:13:17.854+00:00 seq=21220 state=ACTIVE energy=    8790 frames=  38987008 flags=0x04 lost=0
2026-09-04T18:13:17.854+00:00 seq=21221 state=ACTIVE energy=    7532 frames=  38987264 flags=0x04 lost=0
2026-09-04T18:13:17.854+00:00 seq=21222 state=ACTIVE energy=    6861 frames=  38987520 flags=0x04 lost=0
2026-09-04T18:13:17.854+00:00 seq=21223 state=ACTIVE energy=    7215 frames=  38987776 flags=0x04 lost=0
2026-09-04T18:13:17.854+00:00 seq=21224 state=ACTIVE energy=    8342 frames=  38988032 flags=0x04 lost=0
2026-09-04T18:13:17.854+00:00 seq=21225 state=ACTIVE energy=    6659 frames=  38988288 flags=0x04 lost=0
2026-09-04T18:13:17.949+00:00 seq=21226 state=ACTIVE energy=    5722 frames=  38988544 flags=0x04 lost=0
2026-09-04T18:13:17.950+00:00 seq=21227 state=ACTIVE energy=    7504 frames=  38988800 flags=0x04 lost=0
2026-09-04T18:13:17.950+00:00 seq=21228 state=ACTIVE energy=    7751 frames=  38989056 flags=0x04 lost=0
2026-09-04T18:13:17.950+00:00 seq=21229 state=ACTIVE energy=    5928 frames=  38989312 flags=0x04 lost=0
2026-09-04T18:13:17.950+00:00 seq=21230 state=ACTIVE energy=    5143 frames=  38989568 flags=0x04 lost=0
2026-09-04T18:13:17.950+00:00 seq=21231 state=ACTIVE energy=    6358 frames=  38989824 flags=0x04 lost=0
2026-09-04T18:13:17.950+00:00 seq=21232 state=ACTIVE energy=    6254 frames=  38990080 flags=0x04 lost=0
2026-09-04T18:13:17.950+00:00 seq=21233 state=ACTIVE energy=    4758 frames=  38990336 flags=0x04 lost=0
2026-09-04T18:13:17.951+00:00 seq=21234 state=ACTIVE energy=    5183 frames=  38990592 flags=0x04 lost=0
2026-09-04T18:13:17.951+00:00 seq=21235 state=ACTIVE energy=    4052 frames=  38990848 flags=0x04 lost=0
2026-09-04T18:13:17.951+00:00 seq=21236 state=ACTIVE energy=    2130 frames=  38991104 flags=0x04 lost=0
2026-09-04T18:13:17.951+00:00 seq=21237 state=ACTIVE energy=    1940 frames=  38991360 flags=0x04 lost=0
2026-09-04T18:13:17.951+00:00 seq=21238 state=ACTIVE energy=    1024 frames=  38991616 flags=0x04 lost=0
2026-09-04T18:13:17.951+00:00 seq=21239 state=ACTIVE energy=     919 frames=  38991872 flags=0x04 lost=0
2026-09-04T18:13:17.951+00:00 seq=21240 state=ACTIVE energy=    1374 frames=  38992128 flags=0x04 lost=0
2026-09-04T18:13:17.951+00:00 seq=21241 state=ACTIVE energy=    1050 frames=  38992384 flags=0x04 lost=0
2026-09-04T18:13:18.047+00:00 seq=21242 state=ACTIVE energy=    4776 frames=  38992640 flags=0x04 lost=0
2026-09-04T18:13:18.047+00:00 seq=21243 state=ACTIVE energy=    7812 frames=  38992896 flags=0x04 lost=0
2026-09-04T18:13:18.047+00:00 seq=21244 state=ACTIVE energy=   11383 frames=  38993152 flags=0x04 lost=0
2026-09-04T18:13:18.047+00:00 seq=21245 state=ACTIVE energy=   11730 frames=  38993408 flags=0x04 lost=0
2026-09-04T18:13:18.047+00:00 seq=21246 state=ACTIVE energy=   13245 frames=  38993664 flags=0x04 lost=0
2026-09-04T18:13:18.048+00:00 seq=21247 state=ACTIVE energy=   18527 frames=  38993920 flags=0x04 lost=0
2026-09-04T18:13:18.048+00:00 seq=21248 state=ACTIVE energy=   26077 frames=  38994176 flags=0x04 lost=0
2026-09-04T18:13:18.048+00:00 seq=21249 state=ACTIVE energy=   28132 frames=  38994432 flags=0x04 lost=0
2026-09-04T18:13:18.048+00:00 seq=21250 state=ACTIVE energy=   30002 frames=  38994688 flags=0x04 lost=0
2026-09-04T18:13:18.048+00:00 seq=21251 state=ACTIVE energy=   30501 frames=  38994944 flags=0x04 lost=0
2026-09-04T18:13:18.048+00:00 seq=21252 state=ACTIVE energy=   29651 frames=  38995200 flags=0x04 lost=0
2026-09-04T18:13:18.048+00:00 seq=21253 state=ACTIVE energy=   30617 frames=  38995456 flags=0x04 lost=0
2026-09-04T18:13:18.049+00:00 seq=21254 state=ACTIVE energy=   27994 frames=  38995712 flags=0x04 lost=0
2026-09-04T18:13:18.049+00:00 seq=21255 state=ACTIVE energy=   26636 frames=  38995968 flags=0x04 lost=0
2026-09-04T18:13:18.049+00:00 seq=21256 state=ACTIVE energy=   25230 frames=  38996224 flags=0x04 lost=0
2026-09-04T18:13:18.049+00:00 seq=21257 state=ACTIVE energy=   23425 frames=  38996480 flags=0x04 lost=0
2026-09-04T18:13:18.144+00:00 seq=21258 state=ACTIVE energy=   21850 frames=  38996736 flags=0x04 lost=0
2026-09-04T18:13:18.144+00:00 seq=21259 state=ACTIVE energy=   21723 frames=  38996992 flags=0x04 lost=0
2026-09-04T18:13:18.144+00:00 seq=21260 state=ACTIVE energy=   19709 frames=  38997248 flags=0x04 lost=0
2026-09-04T18:13:18.144+00:00 seq=21261 state=ACTIVE energy=   17661 frames=  38997504 flags=0x04 lost=0
2026-09-04T18:13:18.144+00:00 seq=21262 state=ACTIVE energy=   15776 frames=  38997760 flags=0x04 lost=0
2026-09-04T18:13:18.144+00:00 seq=21263 state=ACTIVE energy=   13891 frames=  38998016 flags=0x04 lost=0
2026-09-04T18:13:18.144+00:00 seq=21264 state=ACTIVE energy=   11336 frames=  38998272 flags=0x04 lost=0
2026-09-04T18:13:18.145+00:00 seq=21265 state=ACTIVE energy=    9349 frames=  38998528 flags=0x04 lost=0
2026-09-04T18:13:18.145+00:00 seq=21266 state=ACTIVE energy=    7435 frames=  38998784 flags=0x04 lost=0
2026-09-04T18:13:18.145+00:00 seq=21267 state=ACTIVE energy=    7144 frames=  38999040 flags=0x04 lost=0
2026-09-04T18:13:18.145+00:00 seq=21268 state=ACTIVE energy=    9150 frames=  38999296 flags=0x04 lost=0
2026-09-04T18:13:18.145+00:00 seq=21269 state=ACTIVE energy=    7746 frames=  38999552 flags=0x04 lost=0
2026-09-04T18:13:18.145+00:00 seq=21270 state=ACTIVE energy=    6097 frames=  38999808 flags=0x04 lost=0
2026-09-04T18:13:18.145+00:00 seq=21271 state=ACTIVE energy=    5765 frames=  39000064 flags=0x04 lost=0
2026-09-04T18:13:18.145+00:00 seq=21272 state=ACTIVE energy=    4090 frames=  39000320 flags=0x04 lost=0
2026-09-04T18:13:18.145+00:00 seq=21273 state=ACTIVE energy=    2465 frames=  39000576 flags=0x04 lost=0
2026-09-04T18:13:18.241+00:00 seq=21274 state=ACTIVE energy=    3334 frames=  39000832 flags=0x04 lost=0
2026-09-04T18:13:18.241+00:00 seq=21275 state=ACTIVE energy=    4741 frames=  39001088 flags=0x04 lost=0
2026-09-04T18:13:18.241+00:00 seq=21276 state=ACTIVE energy=    4729 frames=  39001344 flags=0x04 lost=0
2026-09-04T18:13:18.241+00:00 seq=21277 state=ACTIVE energy=    4295 frames=  39001600 flags=0x04 lost=0
2026-09-04T18:13:18.241+00:00 seq=21278 state=ACTIVE energy=    3398 frames=  39001856 flags=0x04 lost=0
2026-09-04T18:13:18.241+00:00 seq=21279 state=ACTIVE energy=    4901 frames=  39002112 flags=0x04 lost=0
2026-09-04T18:13:18.241+00:00 seq=21280 state=ACTIVE energy=    5332 frames=  39002368 flags=0x04 lost=0
2026-09-04T18:13:18.242+00:00 seq=21281 state=ACTIVE energy=    5513 frames=  39002624 flags=0x04 lost=0
2026-09-04T18:13:18.242+00:00 seq=21282 state=ACTIVE energy=    6041 frames=  39002880 flags=0x04 lost=0
2026-09-04T18:13:18.242+00:00 seq=21283 state=ACTIVE energy=    7079 frames=  39003136 flags=0x04 lost=0
2026-09-04T18:13:18.242+00:00 seq=21284 state=ACTIVE energy=    7200 frames=  39003392 flags=0x04 lost=0
2026-09-04T18:13:18.242+00:00 seq=21285 state=ACTIVE energy=    4707 frames=  39003648 flags=0x04 lost=0
2026-09-04T18:13:18.242+00:00 seq=21286 state=ACTIVE energy=    5727 frames=  39003904 flags=0x04 lost=0
2026-09-04T18:13:18.242+00:00 seq=21287 state=ACTIVE energy=    7592 frames=  39004160 flags=0x04 lost=0
2026-09-04T18:13:18.242+00:00 seq=21288 state=ACTIVE energy=    8680 frames=  39004416 flags=0x04 lost=0
2026-09-04T18:13:18.243+00:00 seq=21289 state=ACTIVE energy=    7219 frames=  39004672 flags=0x04 lost=0
2026-09-04T18:13:18.338+00:00 seq=21290 state=ACTIVE energy=    6214 frames=  39004928 flags=0x04 lost=0
2026-09-04T18:13:18.338+00:00 seq=21291 state=ACTIVE energy=    6939 frames=  39005184 flags=0x04 lost=0
2026-09-04T18:13:18.338+00:00 seq=21292 state=ACTIVE energy=    9551 frames=  39005440 flags=0x04 lost=0
2026-09-04T18:13:18.338+00:00 seq=21293 state=ACTIVE energy=   15135 frames=  39005696 flags=0x04 lost=0
2026-09-04T18:13:18.338+00:00 seq=21294 state=ACTIVE energy=   18011 frames=  39005952 flags=0x04 lost=0
2026-09-04T18:13:18.339+00:00 seq=21295 state=ACTIVE energy=   18652 frames=  39006208 flags=0x04 lost=0
2026-09-04T18:13:18.339+00:00 seq=21296 state=ACTIVE energy=   17826 frames=  39006464 flags=0x04 lost=0
2026-09-04T18:13:18.339+00:00 seq=21297 state=ACTIVE energy=   16181 frames=  39006720 flags=0x04 lost=0
2026-09-04T18:13:18.339+00:00 seq=21298 state=ACTIVE energy=   13114 frames=  39006976 flags=0x04 lost=0
2026-09-04T18:13:18.339+00:00 seq=21299 state=ACTIVE energy=   12699 frames=  39007232 flags=0x04 lost=0
2026-09-04T18:13:18.339+00:00 seq=21300 state=ACTIVE energy=   14097 frames=  39007488 flags=0x04 lost=0
2026-09-04T18:13:18.339+00:00 seq=21301 state=ACTIVE energy=   12709 frames=  39007744 flags=0x04 lost=0
2026-09-04T18:13:18.339+00:00 seq=21302 state=ACTIVE energy=   11134 frames=  39008000 flags=0x04 lost=0
2026-09-04T18:13:18.339+00:00 seq=21303 state=ACTIVE energy=   12784 frames=  39008256 flags=0x04 lost=0
2026-09-04T18:13:18.340+00:00 seq=21304 state=ACTIVE energy=   16295 frames=  39008512 flags=0x04 lost=0
2026-09-04T18:13:18.340+00:00 seq=21305 state=ACTIVE energy=   19168 frames=  39008768 flags=0x04 lost=0
2026-09-04T18:13:18.435+00:00 seq=21306 state=ACTIVE energy=   17994 frames=  39009024 flags=0x04 lost=0
2026-09-04T18:13:18.435+00:00 seq=21307 state=ACTIVE energy=   16924 frames=  39009280 flags=0x04 lost=0
2026-09-04T18:13:18.435+00:00 seq=21308 state=ACTIVE energy=   18400 frames=  39009536 flags=0x04 lost=0
2026-09-04T18:13:18.435+00:00 seq=21309 state=ACTIVE energy=   17758 frames=  39009792 flags=0x04 lost=0
2026-09-04T18:13:18.435+00:00 seq=21310 state=ACTIVE energy=   15844 frames=  39010048 flags=0x04 lost=0
2026-09-04T18:13:18.435+00:00 seq=21311 state=ACTIVE energy=   17972 frames=  39010304 flags=0x04 lost=0
2026-09-04T18:13:18.435+00:00 seq=21312 state=ACTIVE energy=   19065 frames=  39010560 flags=0x04 lost=0
2026-09-04T18:13:18.435+00:00 seq=21313 state=ACTIVE energy=   19159 frames=  39010816 flags=0x04 lost=0
2026-09-04T18:13:18.436+00:00 seq=21314 state=ACTIVE energy=   18274 frames=  39011072 flags=0x04 lost=0
2026-09-04T18:13:18.436+00:00 seq=21315 state=ACTIVE energy=   19298 frames=  39011328 flags=0x04 lost=0
2026-09-04T18:13:18.436+00:00 seq=21316 state=ACTIVE energy=   19211 frames=  39011584 flags=0x04 lost=0
2026-09-04T18:13:18.436+00:00 seq=21317 state=ACTIVE energy=   18527 frames=  39011840 flags=0x04 lost=0
2026-09-04T18:13:18.436+00:00 seq=21318 state=ACTIVE energy=   19365 frames=  39012096 flags=0x04 lost=0
2026-09-04T18:13:18.436+00:00 seq=21319 state=ACTIVE energy=   17561 frames=  39012352 flags=0x04 lost=0
2026-09-04T18:13:18.436+00:00 seq=21320 state=ACTIVE energy=   17348 frames=  39012608 flags=0x04 lost=0
2026-09-04T18:13:18.436+00:00 seq=21321 state=ACTIVE energy=   16362 frames=  39012864 flags=0x04 lost=0
2026-09-04T18:13:18.532+00:00 seq=21322 state=ACTIVE energy=   14473 frames=  39013120 flags=0x04 lost=0
2026-09-04T18:13:18.532+00:00 seq=21323 state=ACTIVE energy=   11941 frames=  39013376 flags=0x04 lost=0
2026-09-04T18:13:18.532+00:00 seq=21324 state=ACTIVE energy=   10659 frames=  39013632 flags=0x04 lost=0
2026-09-04T18:13:18.532+00:00 seq=21325 state=ACTIVE energy=   11177 frames=  39013888 flags=0x04 lost=0
2026-09-04T18:13:18.533+00:00 seq=21326 state=ACTIVE energy=   10996 frames=  39014144 flags=0x04 lost=0
2026-09-04T18:13:18.533+00:00 seq=21327 state=ACTIVE energy=    9440 frames=  39014400 flags=0x04 lost=0
2026-09-04T18:13:18.533+00:00 seq=21328 state=ACTIVE energy=    8326 frames=  39014656 flags=0x04 lost=0
2026-09-04T18:13:18.533+00:00 seq=21329 state=ACTIVE energy=    8006 frames=  39014912 flags=0x04 lost=0
2026-09-04T18:13:18.533+00:00 seq=21330 state=ACTIVE energy=    6365 frames=  39015168 flags=0x04 lost=0
2026-09-04T18:13:18.533+00:00 seq=21331 state=ACTIVE energy=    5978 frames=  39015424 flags=0x04 lost=0
2026-09-04T18:13:18.533+00:00 seq=21332 state=ACTIVE energy=    5506 frames=  39015680 flags=0x04 lost=0
2026-09-04T18:13:18.533+00:00 seq=21333 state=ACTIVE energy=    5629 frames=  39015936 flags=0x04 lost=0
2026-09-04T18:13:18.534+00:00 seq=21334 state=ACTIVE energy=    4065 frames=  39016192 flags=0x04 lost=0
2026-09-04T18:13:18.534+00:00 seq=21335 state=ACTIVE energy=    4126 frames=  39016448 flags=0x04 lost=0
2026-09-04T18:13:18.534+00:00 seq=21336 state=ACTIVE energy=    3311 frames=  39016704 flags=0x04 lost=0
2026-09-04T18:13:18.534+00:00 seq=21337 state=ACTIVE energy=    3401 frames=  39016960 flags=0x04 lost=0
2026-09-04T18:13:18.629+00:00 seq=21338 state=ACTIVE energy=    3910 frames=  39017216 flags=0x04 lost=0
2026-09-04T18:13:18.629+00:00 seq=21339 state=ACTIVE energy=    2997 frames=  39017472 flags=0x04 lost=0
2026-09-04T18:13:18.629+00:00 seq=21340 state=ACTIVE energy=    4109 frames=  39017728 flags=0x04 lost=0
2026-09-04T18:13:18.629+00:00 seq=21341 state=ACTIVE energy=    4745 frames=  39017984 flags=0x04 lost=0
2026-09-04T18:13:18.630+00:00 seq=21342 state=ACTIVE energy=    5193 frames=  39018240 flags=0x04 lost=0
2026-09-04T18:13:18.630+00:00 seq=21343 state=ACTIVE energy=    5613 frames=  39018496 flags=0x04 lost=0
2026-09-04T18:13:18.630+00:00 seq=21344 state=ACTIVE energy=    4454 frames=  39018752 flags=0x04 lost=0
2026-09-04T18:13:18.630+00:00 seq=21345 state=ACTIVE energy=    2025 frames=  39019008 flags=0x04 lost=0
2026-09-04T18:13:18.630+00:00 seq=21346 state=ACTIVE energy=    1261 frames=  39019264 flags=0x04 lost=0
2026-09-04T18:13:18.630+00:00 seq=21347 state=ACTIVE energy=    3692 frames=  39019520 flags=0x04 lost=0
2026-09-04T18:13:18.630+00:00 seq=21348 state=ACTIVE energy=   12135 frames=  39019776 flags=0x04 lost=0
2026-09-04T18:13:18.630+00:00 seq=21349 state=ACTIVE energy=   16887 frames=  39020032 flags=0x04 lost=0
2026-09-04T18:13:18.631+00:00 seq=21350 state=ACTIVE energy=   19849 frames=  39020288 flags=0x04 lost=0
2026-09-04T18:13:18.631+00:00 seq=21351 state=ACTIVE energy=   20965 frames=  39020544 flags=0x04 lost=0
2026-09-04T18:13:18.631+00:00 seq=21352 state=ACTIVE energy=   22674 frames=  39020800 flags=0x04 lost=0
2026-09-04T18:13:18.631+00:00 seq=21353 state=ACTIVE energy=   21511 frames=  39021056 flags=0x04 lost=0
2026-09-04T18:13:18.726+00:00 seq=21354 state=ACTIVE energy=   19821 frames=  39021312 flags=0x04 lost=0
2026-09-04T18:13:18.726+00:00 seq=21355 state=ACTIVE energy=   19783 frames=  39021568 flags=0x04 lost=0
2026-09-04T18:13:18.726+00:00 seq=21356 state=ACTIVE energy=   19580 frames=  39021824 flags=0x04 lost=0
2026-09-04T18:13:18.727+00:00 seq=21357 state=ACTIVE energy=   19027 frames=  39022080 flags=0x04 lost=0
2026-09-04T18:13:18.727+00:00 seq=21358 state=ACTIVE energy=   17416 frames=  39022336 flags=0x04 lost=0
2026-09-04T18:13:18.727+00:00 seq=21359 state=ACTIVE energy=   15492 frames=  39022592 flags=0x04 lost=0
2026-09-04T18:13:18.727+00:00 seq=21360 state=ACTIVE energy=   13407 frames=  39022848 flags=0x04 lost=0
2026-09-04T18:13:18.727+00:00 seq=21361 state=ACTIVE energy=   12611 frames=  39023104 flags=0x04 lost=0
2026-09-04T18:13:18.727+00:00 seq=21362 state=ACTIVE energy=   11535 frames=  39023360 flags=0x04 lost=0
2026-09-04T18:13:18.727+00:00 seq=21363 state=ACTIVE energy=   11049 frames=  39023616 flags=0x04 lost=0
2026-09-04T18:13:18.727+00:00 seq=21364 state=ACTIVE energy=    9339 frames=  39023872 flags=0x04 lost=0
2026-09-04T18:13:18.728+00:00 seq=21365 state=ACTIVE energy=    7214 frames=  39024128 flags=0x04 lost=0
2026-09-04T18:13:18.728+00:00 seq=21366 state=ACTIVE energy=    4484 frames=  39024384 flags=0x04 lost=0
2026-09-04T18:13:18.728+00:00 seq=21367 state=ACTIVE energy=    3189 frames=  39024640 flags=0x04 lost=0
2026-09-04T18:13:18.728+00:00 seq=21368 state=ACTIVE energy=    4725 frames=  39024896 flags=0x04 lost=0
2026-09-04T18:13:18.728+00:00 seq=21369 state=ACTIVE energy=    5520 frames=  39025152 flags=0x04 lost=0
2026-09-04T18:13:18.823+00:00 seq=21370 state=ACTIVE energy=    3475 frames=  39025408 flags=0x04 lost=0
2026-09-04T18:13:18.823+00:00 seq=21371 state=ACTIVE energy=    1331 frames=  39025664 flags=0x04 lost=0
2026-09-04T18:13:18.824+00:00 seq=21372 state=ACTIVE energy=    1646 frames=  39025920 flags=0x04 lost=0
2026-09-04T18:13:18.824+00:00 seq=21373 state=ACTIVE energy=    4373 frames=  39026176 flags=0x04 lost=0
2026-09-04T18:13:18.824+00:00 seq=21374 state=ACTIVE energy=    2957 frames=  39026432 flags=0x04 lost=0
2026-09-04T18:13:18.824+00:00 seq=21375 state=ACTIVE energy=    3344 frames=  39026688 flags=0x04 lost=0
2026-09-04T18:13:18.824+00:00 seq=21376 state=ACTIVE energy=    3577 frames=  39026944 flags=0x04 lost=0
2026-09-04T18:13:18.824+00:00 seq=21377 state=ACTIVE energy=    1846 frames=  39027200 flags=0x04 lost=0
2026-09-04T18:13:18.824+00:00 seq=21378 state=ACTIVE energy=    4052 frames=  39027456 flags=0x04 lost=0
2026-09-04T18:13:18.824+00:00 seq=21379 state=ACTIVE energy=    5525 frames=  39027712 flags=0x04 lost=0
2026-09-04T18:13:18.824+00:00 seq=21380 state=ACTIVE energy=    5386 frames=  39027968 flags=0x04 lost=0
2026-09-04T18:13:18.825+00:00 seq=21381 state=ACTIVE energy=    7414 frames=  39028224 flags=0x04 lost=0
2026-09-04T18:13:18.825+00:00 seq=21382 state=ACTIVE energy=    7031 frames=  39028480 flags=0x04 lost=0
2026-09-04T18:13:18.825+00:00 seq=21383 state=ACTIVE energy=    7671 frames=  39028736 flags=0x04 lost=0
2026-09-04T18:13:18.825+00:00 seq=21384 state=ACTIVE energy=    8225 frames=  39028992 flags=0x04 lost=0
2026-09-04T18:13:18.825+00:00 seq=21385 state=ACTIVE energy=    6988 frames=  39029248 flags=0x04 lost=0
2026-09-04T18:13:18.920+00:00 seq=21386 state=ACTIVE energy=    6437 frames=  39029504 flags=0x04 lost=0
2026-09-04T18:13:18.920+00:00 seq=21387 state=ACTIVE energy=    6855 frames=  39029760 flags=0x04 lost=0
2026-09-04T18:13:18.921+00:00 seq=21388 state=ACTIVE energy=    5614 frames=  39030016 flags=0x04 lost=0
2026-09-04T18:13:18.921+00:00 seq=21389 state=ACTIVE energy=    7563 frames=  39030272 flags=0x04 lost=0
2026-09-04T18:13:18.921+00:00 seq=21390 state=ACTIVE energy=   10590 frames=  39030528 flags=0x04 lost=0
2026-09-04T18:13:18.921+00:00 seq=21391 state=ACTIVE energy=   17621 frames=  39030784 flags=0x04 lost=0
2026-09-04T18:13:18.921+00:00 seq=21392 state=ACTIVE energy=   22865 frames=  39031040 flags=0x04 lost=0
2026-09-04T18:13:18.921+00:00 seq=21393 state=ACTIVE energy=   24109 frames=  39031296 flags=0x04 lost=0
2026-09-04T18:13:18.921+00:00 seq=21394 state=ACTIVE energy=   25283 frames=  39031552 flags=0x04 lost=0
2026-09-04T18:13:18.921+00:00 seq=21395 state=ACTIVE energy=   25186 frames=  39031808 flags=0x04 lost=0
2026-09-04T18:13:18.922+00:00 seq=21396 state=ACTIVE energy=   22572 frames=  39032064 flags=0x04 lost=0
2026-09-04T18:13:18.922+00:00 seq=21397 state=ACTIVE energy=   17762 frames=  39032320 flags=0x04 lost=0
2026-09-04T18:13:18.922+00:00 seq=21398 state=ACTIVE energy=   15287 frames=  39032576 flags=0x04 lost=0
2026-09-04T18:13:18.922+00:00 seq=21399 state=ACTIVE energy=   11756 frames=  39032832 flags=0x04 lost=0
2026-09-04T18:13:18.922+00:00 seq=21400 state=ACTIVE energy=   10639 frames=  39033088 flags=0x04 lost=0
2026-09-04T18:13:18.922+00:00 seq=21401 state=ACTIVE energy=    9500 frames=  39033344 flags=0x04 lost=0
2026-09-04T18:13:19.017+00:00 seq=21402 state=ACTIVE energy=    5647 frames=  39033600 flags=0x04 lost=0
2026-09-04T18:13:19.018+00:00 seq=21403 state=ACTIVE energy=    7257 frames=  39033856 flags=0x04 lost=0
2026-09-04T18:13:19.018+00:00 seq=21404 state=ACTIVE energy=    5764 frames=  39034112 flags=0x04 lost=0
2026-09-04T18:13:19.018+00:00 seq=21405 state=ACTIVE energy=    3106 frames=  39034368 flags=0x04 lost=0
2026-09-04T18:13:19.018+00:00 seq=21406 state=ACTIVE energy=    1056 frames=  39034624 flags=0x04 lost=0
2026-09-04T18:13:19.018+00:00 seq=21407 state=ACTIVE energy=    1941 frames=  39034880 flags=0x04 lost=0
2026-09-04T18:13:19.018+00:00 seq=21408 state=ACTIVE energy=    5609 frames=  39035136 flags=0x04 lost=0
2026-09-04T18:13:19.018+00:00 seq=21409 state=ACTIVE energy=    9263 frames=  39035392 flags=0x04 lost=0
2026-09-04T18:13:19.018+00:00 seq=21410 state=ACTIVE energy=   11210 frames=  39035648 flags=0x04 lost=0
2026-09-04T18:13:19.019+00:00 seq=21411 state=ACTIVE energy=   11586 frames=  39035904 flags=0x04 lost=0
2026-09-04T18:13:19.019+00:00 seq=21412 state=ACTIVE energy=    9996 frames=  39036160 flags=0x04 lost=0
2026-09-04T18:13:19.019+00:00 seq=21413 state=ACTIVE energy=    9363 frames=  39036416 flags=0x04 lost=0
2026-09-04T18:13:19.019+00:00 seq=21414 state=ACTIVE energy=    6603 frames=  39036672 flags=0x04 lost=0
2026-09-04T18:13:19.019+00:00 seq=21415 state=ACTIVE energy=    4824 frames=  39036928 flags=0x04 lost=0
2026-09-04T18:13:19.019+00:00 seq=21416 state=ACTIVE energy=    6359 frames=  39037184 flags=0x04 lost=0
2026-09-04T18:13:19.019+00:00 seq=21417 state=ACTIVE energy=    5862 frames=  39037440 flags=0x04 lost=0
2026-09-04T18:13:19.115+00:00 seq=21418 state=ACTIVE energy=    3888 frames=  39037696 flags=0x04 lost=0
2026-09-04T18:13:19.115+00:00 seq=21419 state=ACTIVE energy=    4123 frames=  39037952 flags=0x04 lost=0
2026-09-04T18:13:19.115+00:00 seq=21420 state=ACTIVE energy=    4464 frames=  39038208 flags=0x04 lost=0
2026-09-04T18:13:19.115+00:00 seq=21421 state=ACTIVE energy=    2597 frames=  39038464 flags=0x04 lost=0
2026-09-04T18:13:19.115+00:00 seq=21422 state=ACTIVE energy=    2584 frames=  39038720 flags=0x04 lost=0
2026-09-04T18:13:19.115+00:00 seq=21423 state=ACTIVE energy=    3026 frames=  39038976 flags=0x04 lost=0
2026-09-04T18:13:19.115+00:00 seq=21424 state=ACTIVE energy=    2640 frames=  39039232 flags=0x04 lost=0
2026-09-04T18:13:19.116+00:00 seq=21425 state=ACTIVE energy=    2602 frames=  39039488 flags=0x04 lost=0
2026-09-04T18:13:19.116+00:00 seq=21426 state=ACTIVE energy=    2462 frames=  39039744 flags=0x04 lost=0
2026-09-04T18:13:19.116+00:00 seq=21427 state=ACTIVE energy=    2495 frames=  39040000 flags=0x04 lost=0
2026-09-04T18:13:19.116+00:00 seq=21428 state=ACTIVE energy=    2356 frames=  39040256 flags=0x04 lost=0
2026-09-04T18:13:19.116+00:00 seq=21429 state=ACTIVE energy=    1355 frames=  39040512 flags=0x04 lost=0
2026-09-04T18:13:19.116+00:00 seq=21430 state=ACTIVE energy=    1727 frames=  39040768 flags=0x04 lost=0
2026-09-04T18:13:19.116+00:00 seq=21431 state=ACTIVE energy=    1024 frames=  39041024 flags=0x04 lost=0
2026-09-04T18:13:19.116+00:00 seq=21432 state=ACTIVE energy=     965 frames=  39041280 flags=0x04 lost=0
2026-09-04T18:13:19.116+00:00 seq=21433 state=ACTIVE energy=    4021 frames=  39041536 flags=0x04 lost=0
2026-09-04T18:13:19.212+00:00 seq=21434 state=ACTIVE energy=   14326 frames=  39041792 flags=0x04 lost=0
2026-09-04T18:13:19.212+00:00 seq=21435 state=ACTIVE energy=   21128 frames=  39042048 flags=0x04 lost=0
2026-09-04T18:13:19.212+00:00 seq=21436 state=ACTIVE energy=   21697 frames=  39042304 flags=0x04 lost=0
2026-09-04T18:13:19.212+00:00 seq=21437 state=ACTIVE energy=   20892 frames=  39042560 flags=0x04 lost=0
2026-09-04T18:13:19.212+00:00 seq=21438 state=ACTIVE energy=   20868 frames=  39042816 flags=0x04 lost=0
2026-09-04T18:13:19.212+00:00 seq=21439 state=ACTIVE energy=   17342 frames=  39043072 flags=0x04 lost=0
2026-09-04T18:13:19.212+00:00 seq=21440 state=ACTIVE energy=   12563 frames=  39043328 flags=0x04 lost=0
2026-09-04T18:13:19.213+00:00 seq=21441 state=ACTIVE energy=    9817 frames=  39043584 flags=0x04 lost=0
2026-09-04T18:13:19.213+00:00 seq=21442 state=ACTIVE energy=    6784 frames=  39043840 flags=0x04 lost=0
2026-09-04T18:13:19.213+00:00 seq=21443 state=ACTIVE energy=    1914 frames=  39044096 flags=0x04 lost=0
2026-09-04T18:13:19.213+00:00 seq=21444 state=ACTIVE energy=    2244 frames=  39044352 flags=0x04 lost=0
2026-09-04T18:13:19.213+00:00 seq=21445 state=ACTIVE energy=    6191 frames=  39044608 flags=0x04 lost=0
2026-09-04T18:13:19.213+00:00 seq=21446 state=ACTIVE energy=   14665 frames=  39044864 flags=0x04 lost=0
2026-09-04T18:13:19.213+00:00 seq=21447 state=ACTIVE energy=   17999 frames=  39045120 flags=0x04 lost=0
2026-09-04T18:13:19.213+00:00 seq=21448 state=ACTIVE energy=   15994 frames=  39045376 flags=0x04 lost=0
2026-09-04T18:13:19.214+00:00 seq=21449 state=ACTIVE energy=   16061 frames=  39045632 flags=0x04 lost=0
2026-09-04T18:13:19.309+00:00 seq=21450 state=ACTIVE energy=   14764 frames=  39045888 flags=0x04 lost=0
2026-09-04T18:13:19.309+00:00 seq=21451 state=ACTIVE energy=   11880 frames=  39046144 flags=0x04 lost=0
2026-09-04T18:13:19.309+00:00 seq=21452 state=ACTIVE energy=   11961 frames=  39046400 flags=0x04 lost=0
2026-09-04T18:13:19.309+00:00 seq=21453 state=ACTIVE energy=   12764 frames=  39046656 flags=0x04 lost=0
2026-09-04T18:13:19.309+00:00 seq=21454 state=ACTIVE energy=   10483 frames=  39046912 flags=0x04 lost=0
2026-09-04T18:13:19.309+00:00 seq=21455 state=ACTIVE energy=   10990 frames=  39047168 flags=0x04 lost=0
2026-09-04T18:13:19.309+00:00 seq=21456 state=ACTIVE energy=   10710 frames=  39047424 flags=0x04 lost=0
2026-09-04T18:13:19.310+00:00 seq=21457 state=ACTIVE energy=   10489 frames=  39047680 flags=0x04 lost=0
2026-09-04T18:13:19.310+00:00 seq=21458 state=ACTIVE energy=    9694 frames=  39047936 flags=0x04 lost=0
2026-09-04T18:13:19.310+00:00 seq=21459 state=ACTIVE energy=    9604 frames=  39048192 flags=0x04 lost=0
2026-09-04T18:13:19.310+00:00 seq=21460 state=ACTIVE energy=    9255 frames=  39048448 flags=0x04 lost=0
2026-09-04T18:13:19.310+00:00 seq=21461 state=ACTIVE energy=    8989 frames=  39048704 flags=0x04 lost=0
2026-09-04T18:13:19.310+00:00 seq=21462 state=ACTIVE energy=    8937 frames=  39048960 flags=0x04 lost=0
2026-09-04T18:13:19.310+00:00 seq=21463 state=ACTIVE energy=    8430 frames=  39049216 flags=0x04 lost=0
2026-09-04T18:13:19.310+00:00 seq=21464 state=ACTIVE energy=    5126 frames=  39049472 flags=0x04 lost=0
2026-09-04T18:13:19.311+00:00 seq=21465 state=ACTIVE energy=    2747 frames=  39049728 flags=0x04 lost=0
2026-09-04T18:13:19.406+00:00 seq=21466 state=ACTIVE energy=    2861 frames=  39049984 flags=0x04 lost=0
2026-09-04T18:13:19.406+00:00 seq=21467 state=ACTIVE energy=    3448 frames=  39050240 flags=0x04 lost=0
2026-09-04T18:13:19.406+00:00 seq=21468 state=ACTIVE energy=    3496 frames=  39050496 flags=0x04 lost=0
2026-09-04T18:13:19.406+00:00 seq=21469 state=ACTIVE energy=    4493 frames=  39050752 flags=0x04 lost=0
2026-09-04T18:13:19.406+00:00 seq=21470 state=ACTIVE energy=    5764 frames=  39051008 flags=0x04 lost=0
2026-09-04T18:13:19.406+00:00 seq=21471 state=ACTIVE energy=    4663 frames=  39051264 flags=0x04 lost=0
2026-09-04T18:13:19.407+00:00 seq=21472 state=ACTIVE energy=    2560 frames=  39051520 flags=0x04 lost=0
2026-09-04T18:13:19.407+00:00 seq=21473 state=ACTIVE energy=    2902 frames=  39051776 flags=0x04 lost=0
2026-09-04T18:13:19.407+00:00 seq=21474 state=ACTIVE energy=    2165 frames=  39052032 flags=0x04 lost=0
2026-09-04T18:13:19.407+00:00 seq=21475 state=ACTIVE energy=    1008 frames=  39052288 flags=0x04 lost=0
2026-09-04T18:13:19.407+00:00 seq=21476 state=ACTIVE energy=    1747 frames=  39052544 flags=0x04 lost=0
2026-09-04T18:13:19.407+00:00 seq=21477 state=ACTIVE energy=    2478 frames=  39052800 flags=0x04 lost=0
2026-09-04T18:13:19.407+00:00 seq=21478 state=ACTIVE energy=    3748 frames=  39053056 flags=0x04 lost=0
2026-09-04T18:13:19.407+00:00 seq=21479 state=ACTIVE energy=    5357 frames=  39053312 flags=0x04 lost=0
2026-09-04T18:13:19.408+00:00 seq=21480 state=ACTIVE energy=    5804 frames=  39053568 flags=0x04 lost=0
2026-09-04T18:13:19.408+00:00 seq=21481 state=ACTIVE energy=    5688 frames=  39053824 flags=0x04 lost=0
2026-09-04T18:13:19.503+00:00 seq=21482 state=ACTIVE energy=    4024 frames=  39054080 flags=0x04 lost=0
2026-09-04T18:13:19.503+00:00 seq=21483 state=ACTIVE energy=    2647 frames=  39054336 flags=0x04 lost=0
2026-09-04T18:13:19.503+00:00 seq=21484 state=ACTIVE energy=    2895 frames=  39054592 flags=0x04 lost=0
2026-09-04T18:13:19.503+00:00 seq=21485 state=ACTIVE energy=    1735 frames=  39054848 flags=0x04 lost=0
2026-09-04T18:13:19.503+00:00 seq=21486 state=ACTIVE energy=    2964 frames=  39055104 flags=0x04 lost=0
2026-09-04T18:13:19.504+00:00 seq=21487 state=ACTIVE energy=    6007 frames=  39055360 flags=0x04 lost=0
2026-09-04T18:13:19.504+00:00 seq=21488 state=ACTIVE energy=    3336 frames=  39055616 flags=0x04 lost=0
2026-09-04T18:13:19.504+00:00 seq=21489 state=ACTIVE energy=    3747 frames=  39055872 flags=0x04 lost=0
2026-09-04T18:13:19.504+00:00 seq=21490 state=ACTIVE energy=    2889 frames=  39056128 flags=0x04 lost=0
2026-09-04T18:13:19.504+00:00 seq=21491 state=ACTIVE energy=    1463 frames=  39056384 flags=0x04 lost=0
2026-09-04T18:13:19.504+00:00 seq=21492 state=ACTIVE energy=    2822 frames=  39056640 flags=0x04 lost=0
2026-09-04T18:13:19.504+00:00 seq=21493 state=ACTIVE energy=    2489 frames=  39056896 flags=0x04 lost=0
2026-09-04T18:13:19.504+00:00 seq=21494 state=ACTIVE energy=    3029 frames=  39057152 flags=0x04 lost=0
2026-09-04T18:13:19.504+00:00 seq=21495 state=ACTIVE energy=    3042 frames=  39057408 flags=0x04 lost=0
2026-09-04T18:13:19.505+00:00 seq=21496 state=ACTIVE energy=    3780 frames=  39057664 flags=0x04 lost=0
2026-09-04T18:13:19.505+00:00 seq=21497 state=ACTIVE energy=    2728 frames=  39057920 flags=0x04 lost=0
2026-09-04T18:13:19.600+00:00 seq=21498 state=ACTIVE energy=    1368 frames=  39058176 flags=0x04 lost=0
2026-09-04T18:13:19.600+00:00 seq=21499 state=ACTIVE energy=    1065 frames=  39058432 flags=0x04 lost=0
2026-09-04T18:13:19.600+00:00 seq=21500 state=ACTIVE energy=    1009 frames=  39058688 flags=0x04 lost=0
2026-09-04T18:13:19.600+00:00 seq=21501 state=ACTIVE energy=    1863 frames=  39058944 flags=0x04 lost=0
2026-09-04T18:13:19.601+00:00 seq=21502 state=ACTIVE energy=    3349 frames=  39059200 flags=0x04 lost=0
2026-09-04T18:13:19.601+00:00 seq=21503 state=ACTIVE energy=    3321 frames=  39059456 flags=0x04 lost=0
2026-09-04T18:13:19.601+00:00 seq=21504 state=ACTIVE energy=    1569 frames=  39059712 flags=0x04 lost=0
2026-09-04T18:13:19.601+00:00 seq=21505 state=ACTIVE energy=    1830 frames=  39059968 flags=0x04 lost=0
2026-09-04T18:13:19.601+00:00 seq=21506 state=ACTIVE energy=    2785 frames=  39060224 flags=0x04 lost=0
2026-09-04T18:13:19.601+00:00 seq=21507 state=ACTIVE energy=    3765 frames=  39060480 flags=0x04 lost=0
2026-09-04T18:13:19.601+00:00 seq=21508 state=ACTIVE energy=    3777 frames=  39060736 flags=0x04 lost=0
2026-09-04T18:13:19.601+00:00 seq=21509 state=ACTIVE energy=    4525 frames=  39060992 flags=0x04 lost=0
2026-09-04T18:13:19.602+00:00 seq=21510 state=ACTIVE energy=    3055 frames=  39061248 flags=0x04 lost=0
2026-09-04T18:13:19.602+00:00 seq=21511 state=ACTIVE energy=    4077 frames=  39061504 flags=0x04 lost=0
2026-09-04T18:13:19.602+00:00 seq=21512 state=ACTIVE energy=    3997 frames=  39061760 flags=0x04 lost=0
2026-09-04T18:13:19.602+00:00 seq=21513 state=ACTIVE energy=    3306 frames=  39062016 flags=0x04 lost=0
2026-09-04T18:13:19.697+00:00 seq=21514 state=ACTIVE energy=    1505 frames=  39062272 flags=0x04 lost=0
2026-09-04T18:13:19.697+00:00 seq=21515 state=ACTIVE energy=     912 frames=  39062528 flags=0x04 lost=0
2026-09-04T18:13:19.697+00:00 seq=21516 state=ACTIVE energy=    1521 frames=  39062784 flags=0x04 lost=0
2026-09-04T18:13:19.697+00:00 seq=21517 state=ACTIVE energy=    4690 frames=  39063040 flags=0x04 lost=0
2026-09-04T18:13:19.698+00:00 seq=21518 state=ACTIVE energy=    5501 frames=  39063296 flags=0x04 lost=0
2026-09-04T18:13:19.698+00:00 seq=21519 state=ACTIVE energy=    5000 frames=  39063552 flags=0x04 lost=0
2026-09-04T18:13:19.698+00:00 seq=21520 state=ACTIVE energy=    3473 frames=  39063808 flags=0x04 lost=0
2026-09-04T18:13:19.698+00:00 seq=21521 state=ACTIVE energy=    1996 frames=  39064064 flags=0x04 lost=0
2026-09-04T18:13:19.698+00:00 seq=21522 state=ACTIVE energy=    3872 frames=  39064320 flags=0x04 lost=0
2026-09-04T18:13:19.698+00:00 seq=21523 state=ACTIVE energy=    3938 frames=  39064576 flags=0x04 lost=0
2026-09-04T18:13:19.698+00:00 seq=21524 state=ACTIVE energy=    3676 frames=  39064832 flags=0x04 lost=0
2026-09-04T18:13:19.698+00:00 seq=21525 state=ACTIVE energy=    2230 frames=  39065088 flags=0x04 lost=0
2026-09-04T18:13:19.699+00:00 seq=21526 state=ACTIVE energy=    3006 frames=  39065344 flags=0x04 lost=0
2026-09-04T18:13:19.699+00:00 seq=21527 state=ACTIVE energy=    2144 frames=  39065600 flags=0x04 lost=0
2026-09-04T18:13:19.699+00:00 seq=21528 state=ACTIVE energy=    3041 frames=  39065856 flags=0x04 lost=0
2026-09-04T18:13:19.699+00:00 seq=21529 state=ACTIVE energy=    5212 frames=  39066112 flags=0x04 lost=0
2026-09-04T18:13:19.794+00:00 seq=21530 state=ACTIVE energy=    4394 frames=  39066368 flags=0x04 lost=0
2026-09-04T18:13:19.794+00:00 seq=21531 state=ACTIVE energy=    2905 frames=  39066624 flags=0x04 lost=0
2026-09-04T18:13:19.794+00:00 seq=21532 state=ACTIVE energy=    1090 frames=  39066880 flags=0x04 lost=0
2026-09-04T18:13:19.795+00:00 seq=21533 state=ACTIVE energy=    3066 frames=  39067136 flags=0x04 lost=0
2026-09-04T18:13:19.795+00:00 seq=21534 state=ACTIVE energy=    3909 frames=  39067392 flags=0x04 lost=0
2026-09-04T18:13:19.795+00:00 seq=21535 state=ACTIVE energy=    4580 frames=  39067648 flags=0x04 lost=0
2026-09-04T18:13:19.795+00:00 seq=21536 state=ACTIVE energy=    5537 frames=  39067904 flags=0x04 lost=0
2026-09-04T18:13:19.795+00:00 seq=21537 state=ACTIVE energy=    3325 frames=  39068160 flags=0x04 lost=0
2026-09-04T18:13:19.795+00:00 seq=21538 state=ACTIVE energy=    1649 frames=  39068416 flags=0x04 lost=0
2026-09-04T18:13:19.795+00:00 seq=21539 state=ACTIVE energy=    2911 frames=  39068672 flags=0x04 lost=0
2026-09-04T18:13:19.795+00:00 seq=21540 state=ACTIVE energy=    3275 frames=  39068928 flags=0x04 lost=0
2026-09-04T18:13:19.796+00:00 seq=21541 state=ACTIVE energy=    2414 frames=  39069184 flags=0x04 lost=0
2026-09-04T18:13:19.796+00:00 seq=21542 state=ACTIVE energy=    2514 frames=  39069440 flags=0x04 lost=0
2026-09-04T18:13:19.796+00:00 seq=21543 state=ACTIVE energy=    1139 frames=  39069696 flags=0x04 lost=0
2026-09-04T18:13:19.796+00:00 seq=21544 state=ACTIVE energy=    2423 frames=  39069952 flags=0x04 lost=0
2026-09-04T18:13:19.796+00:00 seq=21545 state=ACTIVE energy=    2123 frames=  39070208 flags=0x04 lost=0
2026-09-04T18:13:19.891+00:00 seq=21546 state=ACTIVE energy=    3167 frames=  39070464 flags=0x04 lost=0
2026-09-04T18:13:19.891+00:00 seq=21547 state=ACTIVE energy=    3315 frames=  39070720 flags=0x04 lost=0
2026-09-04T18:13:19.892+00:00 seq=21548 state=ACTIVE energy=    2673 frames=  39070976 flags=0x04 lost=0
2026-09-04T18:13:19.892+00:00 seq=21549 state=ACTIVE energy=    1067 frames=  39071232 flags=0x04 lost=0
2026-09-04T18:13:19.892+00:00 seq=21550 state=ACTIVE energy=    1341 frames=  39071488 flags=0x04 lost=0
2026-09-04T18:13:19.892+00:00 seq=21551 state=ACTIVE energy=    3801 frames=  39071744 flags=0x04 lost=0
2026-09-04T18:13:19.892+00:00 seq=21552 state=ACTIVE energy=    3111 frames=  39072000 flags=0x04 lost=0
2026-09-04T18:13:19.892+00:00 seq=21553 state=ACTIVE energy=     896 frames=  39072256 flags=0x04 lost=0
2026-09-04T18:13:19.892+00:00 seq=21554 state=ACTIVE energy=     927 frames=  39072512 flags=0x04 lost=0
2026-09-04T18:13:19.892+00:00 seq=21555 state=ACTIVE energy=    2824 frames=  39072768 flags=0x04 lost=0
2026-09-04T18:13:19.892+00:00 seq=21556 state=ACTIVE energy=    3579 frames=  39073024 flags=0x04 lost=0
2026-09-04T18:13:19.893+00:00 seq=21557 state=ACTIVE energy=    2840 frames=  39073280 flags=0x04 lost=0
2026-09-04T18:13:19.893+00:00 seq=21558 state=ACTIVE energy=    2742 frames=  39073536 flags=0x04 lost=0
2026-09-04T18:13:19.893+00:00 seq=21559 state=ACTIVE energy=    3390 frames=  39073792 flags=0x04 lost=0
2026-09-04T18:13:19.893+00:00 seq=21560 state=ACTIVE energy=    2628 frames=  39074048 flags=0x04 lost=0
2026-09-04T18:13:19.893+00:00 seq=21561 state=ACTIVE energy=    1771 frames=  39074304 flags=0x04 lost=0
2026-09-04T18:13:19.988+00:00 seq=21562 state=ACTIVE energy=     968 frames=  39074560 flags=0x04 lost=0
2026-09-04T18:13:19.988+00:00 seq=21563 state=ACTIVE energy=    2110 frames=  39074816 flags=0x04 lost=0
2026-09-04T18:13:19.989+00:00 seq=21564 state=ACTIVE energy=    3434 frames=  39075072 flags=0x04 lost=0
2026-09-04T18:13:19.989+00:00 seq=21565 state=ACTIVE energy=    3366 frames=  39075328 flags=0x04 lost=0
2026-09-04T18:13:19.989+00:00 seq=21566 state=ACTIVE energy=    2139 frames=  39075584 flags=0x04 lost=0
2026-09-04T18:13:19.989+00:00 seq=21567 state=ACTIVE energy=    3276 frames=  39075840 flags=0x04 lost=0
2026-09-04T18:13:19.989+00:00 seq=21568 state=ACTIVE energy=    2754 frames=  39076096 flags=0x04 lost=0
2026-09-04T18:13:19.989+00:00 seq=21569 state=QUIET  energy=    3278 frames=  39076352 flags=0x04 lost=0
2026-09-04T18:13:19.989+00:00 seq=21570 state=QUIET  energy=    3581 frames=  39076608 flags=0x04 lost=0
2026-09-04T18:13:19.989+00:00 seq=21571 state=QUIET  energy=    4394 frames=  39076864 flags=0x04 lost=0
2026-09-04T18:13:19.990+00:00 seq=21572 state=QUIET  energy=    4625 frames=  39077120 flags=0x04 lost=0
2026-09-04T18:13:19.990+00:00 seq=21573 state=QUIET  energy=    3951 frames=  39077376 flags=0x04 lost=0
2026-09-04T18:13:19.990+00:00 seq=21574 state=QUIET  energy=    4871 frames=  39077632 flags=0x04 lost=0
2026-09-04T18:13:19.990+00:00 seq=21575 state=QUIET  energy=    3253 frames=  39077888 flags=0x04 lost=0
2026-09-04T18:13:19.990+00:00 seq=21576 state=QUIET  energy=    4576 frames=  39078144 flags=0x04 lost=0
2026-09-04T18:13:19.990+00:00 seq=21577 state=QUIET  energy=    5940 frames=  39078400 flags=0x04 lost=0
2026-09-04T18:13:20.085+00:00 seq=21578 state=QUIET  energy=    5721 frames=  39078656 flags=0x04 lost=0
2026-09-04T18:13:20.086+00:00 seq=21579 state=QUIET  energy=    6035 frames=  39078912 flags=0x04 lost=0
2026-09-04T18:13:20.086+00:00 seq=21580 state=QUIET  energy=    6937 frames=  39079168 flags=0x04 lost=0
2026-09-04T18:13:20.086+00:00 seq=21581 state=QUIET  energy=    7848 frames=  39079424 flags=0x04 lost=0
2026-09-04T18:13:20.086+00:00 seq=21582 state=QUIET  energy=    6532 frames=  39079680 flags=0x04 lost=0
2026-09-04T18:13:20.086+00:00 seq=21583 state=QUIET  energy=    6681 frames=  39079936 flags=0x04 lost=0
2026-09-04T18:13:20.086+00:00 seq=21584 state=QUIET  energy=    6641 frames=  39080192 flags=0x04 lost=0
2026-09-04T18:13:20.086+00:00 seq=21585 state=QUIET  energy=    6513 frames=  39080448 flags=0x04 lost=0
2026-09-04T18:13:20.086+00:00 seq=21586 state=QUIET  energy=    5922 frames=  39080704 flags=0x04 lost=0
2026-09-04T18:13:20.087+00:00 seq=21587 state=QUIET  energy=    4958 frames=  39080960 flags=0x04 lost=0
2026-09-04T18:13:20.087+00:00 seq=21588 state=QUIET  energy=    4178 frames=  39081216 flags=0x04 lost=0
2026-09-04T18:13:20.087+00:00 seq=21589 state=QUIET  energy=    3978 frames=  39081472 flags=0x04 lost=0
2026-09-04T18:13:20.087+00:00 seq=21590 state=QUIET  energy=    4431 frames=  39081728 flags=0x04 lost=0
2026-09-04T18:13:20.087+00:00 seq=21591 state=QUIET  energy=    2792 frames=  39081984 flags=0x04 lost=0
2026-09-04T18:13:20.087+00:00 seq=21592 state=QUIET  energy=    2406 frames=  39082240 flags=0x04 lost=0
2026-09-04T18:13:20.087+00:00 seq=21593 state=QUIET  energy=    1349 frames=  39082496 flags=0x04 lost=0
2026-09-04T18:13:20.182+00:00 seq=21594 state=QUIET  energy=    1912 frames=  39082752 flags=0x04 lost=0
2026-09-04T18:13:20.183+00:00 seq=21595 state=QUIET  energy=    5383 frames=  39083008 flags=0x04 lost=0
2026-09-04T18:13:20.183+00:00 seq=21596 state=QUIET  energy=    7498 frames=  39083264 flags=0x04 lost=0
2026-09-04T18:13:20.183+00:00 seq=21597 state=QUIET  energy=    6544 frames=  39083520 flags=0x04 lost=0
2026-09-04T18:13:20.183+00:00 seq=21598 state=QUIET  energy=    7685 frames=  39083776 flags=0x04 lost=0
2026-09-04T18:13:20.183+00:00 seq=21599 state=QUIET  energy=    8005 frames=  39084032 flags=0x04 lost=0
2026-09-04T18:13:20.183+00:00 seq=21600 state=QUIET  energy=    7001 frames=  39084288 flags=0x04 lost=0
2026-09-04T18:13:20.183+00:00 seq=21601 state=QUIET  energy=    7430 frames=  39084544 flags=0x04 lost=0
2026-09-04T18:13:20.183+00:00 seq=21602 state=QUIET  energy=    8013 frames=  39084800 flags=0x04 lost=0
2026-09-04T18:13:20.184+00:00 seq=21603 state=QUIET  energy=    7090 frames=  39085056 flags=0x04 lost=0
2026-09-04T18:13:20.184+00:00 seq=21604 state=QUIET  energy=    7050 frames=  39085312 flags=0x04 lost=0
2026-09-04T18:13:20.184+00:00 seq=21605 state=QUIET  energy=    7424 frames=  39085568 flags=0x04 lost=0
2026-09-04T18:13:20.184+00:00 seq=21606 state=QUIET  energy=    6146 frames=  39085824 flags=0x04 lost=0
2026-09-04T18:13:20.184+00:00 seq=21607 state=QUIET  energy=    6131 frames=  39086080 flags=0x04 lost=0
2026-09-04T18:13:20.184+00:00 seq=21608 state=QUIET  energy=    5904 frames=  39086336 flags=0x04 lost=0
2026-09-04T18:13:20.184+00:00 seq=21609 state=QUIET  energy=    6977 frames=  39086592 flags=0x04 lost=0
2026-09-04T18:13:20.280+00:00 seq=21610 state=QUIET  energy=    8560 frames=  39086848 flags=0x04 lost=0
2026-09-04T18:13:20.280+00:00 seq=21611 state=QUIET  energy=    9147 frames=  39087104 flags=0x04 lost=0
2026-09-04T18:13:20.280+00:00 seq=21612 state=QUIET  energy=   13959 frames=  39087360 flags=0x04 lost=0
2026-09-04T18:13:20.280+00:00 seq=21613 state=QUIET  energy=   17447 frames=  39087616 flags=0x04 lost=0
2026-09-04T18:13:20.281+00:00 seq=21614 state=QUIET  energy=   21378 frames=  39087872 flags=0x04 lost=0
2026-09-04T18:13:20.281+00:00 seq=21615 state=QUIET  energy=   19344 frames=  39088128 flags=0x04 lost=0
2026-09-04T18:13:20.281+00:00 seq=21616 state=QUIET  energy=   20055 frames=  39088384 flags=0x04 lost=0
2026-09-04T18:13:20.281+00:00 seq=21617 state=QUIET  energy=   22295 frames=  39088640 flags=0x04 lost=0
2026-09-04T18:13:20.281+00:00 seq=21618 state=QUIET  energy=   21605 frames=  39088896 flags=0x04 lost=0
2026-09-04T18:13:20.281+00:00 seq=21619 state=QUIET  energy=   19319 frames=  39089152 flags=0x04 lost=0
2026-09-04T18:13:20.281+00:00 seq=21620 state=QUIET  energy=   14717 frames=  39089408 flags=0x04 lost=0
2026-09-04T18:13:20.282+00:00 seq=21621 state=QUIET  energy=   10725 frames=  39089664 flags=0x04 lost=0
2026-09-04T18:13:20.282+00:00 seq=21622 state=QUIET  energy=   10837 frames=  39089920 flags=0x04 lost=0
2026-09-04T18:13:20.282+00:00 seq=21623 state=QUIET  energy=    8183 frames=  39090176 flags=0x04 lost=0
2026-09-04T18:13:20.282+00:00 seq=21624 state=QUIET  energy=    7084 frames=  39090432 flags=0x04 lost=0
2026-09-04T18:13:20.282+00:00 seq=21625 state=QUIET  energy=    3338 frames=  39090688 flags=0x04 lost=0
2026-09-04T18:13:20.377+00:00 seq=21626 state=QUIET  energy=    1965 frames=  39090944 flags=0x04 lost=0
2026-09-04T18:13:20.377+00:00 seq=21627 state=QUIET  energy=    7132 frames=  39091200 flags=0x04 lost=0
2026-09-04T18:13:20.377+00:00 seq=21628 state=QUIET  energy=   12984 frames=  39091456 flags=0x04 lost=0
2026-09-04T18:13:20.377+00:00 seq=21629 state=QUIET  energy=   14187 frames=  39091712 flags=0x04 lost=0
2026-09-04T18:13:20.377+00:00 seq=21630 state=QUIET  energy=   12479 frames=  39091968 flags=0x04 lost=0
2026-09-04T18:13:20.377+00:00 seq=21631 state=QUIET  energy=   12165 frames=  39092224 flags=0x04 lost=0
2026-09-04T18:13:20.377+00:00 seq=21632 state=QUIET  energy=   11131 frames=  39092480 flags=0x04 lost=0
2026-09-04T18:13:20.378+00:00 seq=21633 state=QUIET  energy=    8319 frames=  39092736 flags=0x04 lost=0
2026-09-04T18:13:20.378+00:00 seq=21634 state=QUIET  energy=    8501 frames=  39092992 flags=0x04 lost=0
2026-09-04T18:13:20.378+00:00 seq=21635 state=QUIET  energy=    6650 frames=  39093248 flags=0x04 lost=0
2026-09-04T18:13:20.378+00:00 seq=21636 state=QUIET  energy=    8193 frames=  39093504 flags=0x04 lost=0
2026-09-04T18:13:20.378+00:00 seq=21637 state=QUIET  energy=    7319 frames=  39093760 flags=0x04 lost=0
2026-09-04T18:13:20.378+00:00 seq=21638 state=QUIET  energy=    7134 frames=  39094016 flags=0x04 lost=0
2026-09-04T18:13:20.378+00:00 seq=21639 state=QUIET  energy=    6598 frames=  39094272 flags=0x04 lost=0
2026-09-04T18:13:20.378+00:00 seq=21640 state=QUIET  energy=    5750 frames=  39094528 flags=0x04 lost=0
2026-09-04T18:13:20.379+00:00 seq=21641 state=QUIET  energy=    3559 frames=  39094784 flags=0x04 lost=0
2026-09-04T18:13:20.474+00:00 seq=21642 state=QUIET  energy=    3197 frames=  39095040 flags=0x04 lost=0
2026-09-04T18:13:20.474+00:00 seq=21643 state=QUIET  energy=    4165 frames=  39095296 flags=0x04 lost=0
2026-09-04T18:13:20.474+00:00 seq=21644 state=QUIET  energy=    5071 frames=  39095552 flags=0x04 lost=0
2026-09-04T18:13:20.474+00:00 seq=21645 state=QUIET  energy=    4132 frames=  39095808 flags=0x04 lost=0
2026-09-04T18:13:20.474+00:00 seq=21646 state=QUIET  energy=    5096 frames=  39096064 flags=0x04 lost=0
2026-09-04T18:13:20.474+00:00 seq=21647 state=QUIET  energy=    4609 frames=  39096320 flags=0x04 lost=0
2026-09-04T18:13:20.475+00:00 seq=21648 state=QUIET  energy=    3494 frames=  39096576 flags=0x04 lost=0
2026-09-04T18:13:20.475+00:00 seq=21649 state=QUIET  energy=    4351 frames=  39096832 flags=0x04 lost=0
2026-09-04T18:13:20.475+00:00 seq=21650 state=QUIET  energy=    5046 frames=  39097088 flags=0x04 lost=0
2026-09-04T18:13:20.475+00:00 seq=21651 state=QUIET  energy=    3349 frames=  39097344 flags=0x04 lost=0
2026-09-04T18:13:20.475+00:00 seq=21652 state=QUIET  energy=    2811 frames=  39097600 flags=0x04 lost=0
2026-09-04T18:13:20.475+00:00 seq=21653 state=QUIET  energy=    1270 frames=  39097856 flags=0x04 lost=0
2026-09-04T18:13:20.475+00:00 seq=21654 state=QUIET  energy=    1253 frames=  39098112 flags=0x04 lost=0
2026-09-04T18:13:20.475+00:00 seq=21655 state=QUIET  energy=    1228 frames=  39098368 flags=0x04 lost=0
2026-09-04T18:13:20.475+00:00 seq=21656 state=QUIET  energy=    1263 frames=  39098624 flags=0x04 lost=0
2026-09-04T18:13:20.476+00:00 seq=21657 state=QUIET  energy=    1033 frames=  39098880 flags=0x04 lost=0
2026-09-04T18:13:20.571+00:00 seq=21658 state=QUIET  energy=    2431 frames=  39099136 flags=0x04 lost=0
2026-09-04T18:13:20.571+00:00 seq=21659 state=QUIET  energy=    1531 frames=  39099392 flags=0x04 lost=0
2026-09-04T18:13:20.571+00:00 seq=21660 state=QUIET  energy=     963 frames=  39099648 flags=0x04 lost=0
2026-09-04T18:13:20.571+00:00 seq=21661 state=QUIET  energy=     737 frames=  39099904 flags=0x04 lost=0
2026-09-04T18:13:20.571+00:00 seq=21662 state=QUIET  energy=    1706 frames=  39100160 flags=0x04 lost=0
2026-09-04T18:13:20.572+00:00 seq=21663 state=QUIET  energy=    1495 frames=  39100416 flags=0x04 lost=0
2026-09-04T18:13:20.572+00:00 seq=21664 state=QUIET  energy=    1673 frames=  39100672 flags=0x04 lost=0
2026-09-04T18:13:20.572+00:00 seq=21665 state=QUIET  energy=    1829 frames=  39100928 flags=0x04 lost=0
2026-09-04T18:13:20.572+00:00 seq=21666 state=QUIET  energy=    1800 frames=  39101184 flags=0x04 lost=0
2026-09-04T18:13:20.572+00:00 seq=21667 state=QUIET  energy=    1688 frames=  39101440 flags=0x04 lost=0
2026-09-04T18:13:20.572+00:00 seq=21668 state=QUIET  energy=    1230 frames=  39101696 flags=0x04 lost=0
2026-09-04T18:13:20.572+00:00 seq=21669 state=QUIET  energy=    1506 frames=  39101952 flags=0x04 lost=0
2026-09-04T18:13:20.572+00:00 seq=21670 state=QUIET  energy=    1172 frames=  39102208 flags=0x04 lost=0
2026-09-04T18:13:20.572+00:00 seq=21671 state=QUIET  energy=    1577 frames=  39102464 flags=0x04 lost=0
2026-09-04T18:13:20.573+00:00 seq=21672 state=QUIET  energy=    4881 frames=  39102720 flags=0x04 lost=0
2026-09-04T18:13:20.573+00:00 seq=21673 state=QUIET  energy=    5035 frames=  39102976 flags=0x04 lost=0
2026-09-04T18:13:20.668+00:00 seq=21674 state=QUIET  energy=    4734 frames=  39103232 flags=0x04 lost=0
2026-09-04T18:13:20.668+00:00 seq=21675 state=QUIET  energy=    2817 frames=  39103488 flags=0x04 lost=0
2026-09-04T18:13:20.668+00:00 seq=21676 state=QUIET  energy=    2390 frames=  39103744 flags=0x04 lost=0
2026-09-04T18:13:20.668+00:00 seq=21677 state=QUIET  energy=     899 frames=  39104000 flags=0x04 lost=0
2026-09-04T18:13:20.669+00:00 seq=21678 state=QUIET  energy=    2723 frames=  39104256 flags=0x04 lost=0
2026-09-04T18:13:20.669+00:00 seq=21679 state=QUIET  energy=    3016 frames=  39104512 flags=0x04 lost=0
2026-09-04T18:13:20.669+00:00 seq=21680 state=QUIET  energy=    2427 frames=  39104768 flags=0x04 lost=0
2026-09-04T18:13:20.669+00:00 seq=21681 state=QUIET  energy=    2903 frames=  39105024 flags=0x04 lost=0
2026-09-04T18:13:20.669+00:00 seq=21682 state=QUIET  energy=    1808 frames=  39105280 flags=0x04 lost=0
2026-09-04T18:13:20.669+00:00 seq=21683 state=QUIET  energy=    1035 frames=  39105536 flags=0x04 lost=0
2026-09-04T18:13:20.669+00:00 seq=21684 state=QUIET  energy=    3146 frames=  39105792 flags=0x04 lost=0
2026-09-04T18:13:20.669+00:00 seq=21685 state=QUIET  energy=    3381 frames=  39106048 flags=0x04 lost=0
2026-09-04T18:13:20.669+00:00 seq=21686 state=QUIET  energy=    3811 frames=  39106304 flags=0x04 lost=0
2026-09-04T18:13:20.670+00:00 seq=21687 state=QUIET  energy=    4797 frames=  39106560 flags=0x04 lost=0
2026-09-04T18:13:20.670+00:00 seq=21688 state=QUIET  energy=    4356 frames=  39106816 flags=0x04 lost=0
2026-09-04T18:13:20.670+00:00 seq=21689 state=QUIET  energy=    4486 frames=  39107072 flags=0x04 lost=0
2026-09-04T18:13:20.765+00:00 seq=21690 state=QUIET  energy=    5559 frames=  39107328 flags=0x04 lost=0
2026-09-04T18:13:20.765+00:00 seq=21691 state=QUIET  energy=    5216 frames=  39107584 flags=0x04 lost=0
2026-09-04T18:13:20.765+00:00 seq=21692 state=QUIET  energy=    4361 frames=  39107840 flags=0x04 lost=0
2026-09-04T18:13:20.766+00:00 seq=21693 state=QUIET  energy=    4896 frames=  39108096 flags=0x04 lost=0
2026-09-04T18:13:20.766+00:00 seq=21694 state=QUIET  energy=    4964 frames=  39108352 flags=0x04 lost=0
2026-09-04T18:13:20.766+00:00 seq=21695 state=QUIET  energy=    4865 frames=  39108608 flags=0x04 lost=0
2026-09-04T18:13:20.766+00:00 seq=21696 state=QUIET  energy=    4316 frames=  39108864 flags=0x04 lost=0
2026-09-04T18:13:20.766+00:00 seq=21697 state=QUIET  energy=    5307 frames=  39109120 flags=0x04 lost=0
2026-09-04T18:13:20.766+00:00 seq=21698 state=QUIET  energy=    4793 frames=  39109376 flags=0x04 lost=0
2026-09-04T18:13:20.766+00:00 seq=21699 state=QUIET  energy=    4023 frames=  39109632 flags=0x04 lost=0
2026-09-04T18:13:20.766+00:00 seq=21700 state=QUIET  energy=    4340 frames=  39109888 flags=0x04 lost=0
2026-09-04T18:13:20.767+00:00 seq=21701 state=QUIET  energy=    2629 frames=  39110144 flags=0x04 lost=0
2026-09-04T18:13:20.767+00:00 seq=21702 state=QUIET  energy=    1031 frames=  39110400 flags=0x04 lost=0
2026-09-04T18:13:20.767+00:00 seq=21703 state=QUIET  energy=     845 frames=  39110656 flags=0x04 lost=0
2026-09-04T18:13:20.767+00:00 seq=21704 state=QUIET  energy=    2275 frames=  39110912 flags=0x04 lost=0
2026-09-04T18:13:20.767+00:00 seq=21705 state=QUIET  energy=    5898 frames=  39111168 flags=0x04 lost=0
